student_key,y_true,y_pred_proba,y_pred,gender,region,imd_band_imputed,age_band,disability
FFF_2013J_606079,1.0,0.16501877,0,M,Yorkshire Region,50-60%,35-55,N
EEE_2014B_632977,0.0,0.13647789,0,M,South West Region,60-70%,0-35,Y
DDD_2013B_480207,0.0,0.24169235,0,M,North Western Region,30-40%,0-35,Y
GGG_2014B_618024,1.0,0.9755293,1,F,East Midlands Region,30-40%,0-35,N
BBB_2013B_552718,1.0,0.37961665,0,F,East Midlands Region,70-80%,0-35,N
BBB_2013J_548197,0.0,0.4827048,0,F,Scotland,10-20,0-35,N
BBB_2013J_382979,0.0,0.015538511,0,F,South Region,80-90%,35-55,N
GGG_2014B_623988,0.0,0.2852272,0,F,East Anglian Region,70-80%,0-35,N
DDD_2014J_680812,1.0,0.54666126,1,M,South East Region,60-70%,0-35,N
BBB_2013J_600845,1.0,0.9911169,1,M,Wales,20-30%,35-55,N
EEE_2014J_481884,1.0,0.75684476,1,M,North Western Region,60-70%,0-35,N
CCC_2014J_496355,0.0,0.7998868,1,M,Yorkshire Region,80-90%,0-35,N
FFF_2013J_2697921,1.0,0.64483535,1,M,East Anglian Region,80-90%,0-35,N
GGG_2013J_578140,0.0,0.1947972,0,F,London Region,50-60%,35-55,N
DDD_2014J_685623,0.0,0.2126646,0,F,West Midlands Region,0-10%,0-35,N
AAA_2014J_258587,0.0,0.057708364,0,M,South West Region,10-20,35-55,N
BBB_2014J_645510,1.0,0.9966973,1,F,West Midlands Region,30-40%,0-35,N
EEE_2013J_597181,1.0,0.99889404,1,M,West Midlands Region,20-30%,0-35,N
FFF_2013J_544289,0.0,0.05541443,0,M,North Region,10-20,0-35,N
CCC_2014B_363939,1.0,0.66127896,1,M,West Midlands Region,30-40%,0-35,N
FFF_2014B_1588621,1.0,0.2352382,0,M,North Western Region,0-10%,35-55,N
FFF_2014B_197538,1.0,0.16765028,0,M,East Midlands Region,80-90%,0-35,N
CCC_2014B_535682,1.0,0.9754868,1,M,Wales,50-60%,0-35,N
EEE_2014J_645847,1.0,0.056068953,0,M,South West Region,60-70%,35-55,N
BBB_2013J_572752,0.0,0.09152767,0,F,London Region,90-100%,35-55,N
DDD_2013J_491926,0.0,0.16376695,0,M,Wales,10-20,35-55,Y
DDD_2014B_2394090,0.0,0.32958564,0,F,West Midlands Region,30-40%,0-35,N
FFF_2014B_617212,1.0,0.99406177,1,M,South Region,20-30%,0-35,N
CCC_2014J_622972,1.0,0.96425205,1,M,London Region,80-90%,35-55,N
FFF_2014J_465294,0.0,0.10199826,0,M,South Region,40-50%,35-55,N
FFF_2014J_595673,1.0,0.99973565,1,M,South Region,50-60%,35-55,N
EEE_2014J_509780,0.0,0.047110595,0,F,Yorkshire Region,60-70%,0-35,N
BBB_2013J_2346025,1.0,0.9977463,1,F,Scotland,50-60%,35-55,N
BBB_2013B_1574398,0.0,0.04249768,0,F,Scotland,30-40%,35-55,N
FFF_2013J_569167,0.0,0.10973115,0,M,East Anglian Region,70-80%,0-35,N
FFF_2013J_581261,0.0,0.87390137,1,M,South Region,50-60%,0-35,N
EEE_2014J_572599,0.0,0.2140548,0,M,West Midlands Region,10-20,0-35,Y
GGG_2014B_602061,1.0,0.53600603,1,F,East Anglian Region,30-40%,0-35,N
FFF_2014J_411688,1.0,0.99915767,1,M,London Region,80-90%,0-35,N
DDD_2014J_679255,1.0,0.95928514,1,M,North Western Region,50-60%,0-35,N
CCC_2014J_646628,1.0,0.98415405,1,F,East Anglian Region,70-80%,0-35,N
DDD_2014B_584082,1.0,0.9027015,1,F,South West Region,30-40%,0-35,N
BBB_2013B_498175,0.0,0.17319156,0,F,South West Region,60-70%,0-35,N
BBB_2014J_602448,1.0,0.8576674,1,F,Ireland,70-80%,0-35,N
FFF_2014B_626765,0.0,0.25338155,0,M,East Midlands Region,0-10%,0-35,N
FFF_2013J_464616,0.0,0.7125183,1,M,London Region,30-40%,0-35,N
DDD_2014J_656526,0.0,0.091998994,0,M,East Anglian Region,90-100%,35-55,N
BBB_2013J_593930,1.0,0.9363985,1,F,East Anglian Region,80-90%,35-55,Y
BBB_2013J_572302,1.0,0.6500401,1,M,South East Region,30-40%,0-35,N
DDD_2013J_581320,1.0,0.83228755,1,M,Scotland,0-10%,0-35,N
BBB_2013J_381669,0.0,0.056648135,0,F,Scotland,60-70%,0-35,N
FFF_2014J_91801,1.0,0.5290824,1,M,Yorkshire Region,50-60%,35-55,N
EEE_2013J_560928,0.0,0.065749414,0,M,South Region,90-100%,0-35,N
FFF_2014J_649084,0.0,0.109464996,0,M,South Region,50-60%,0-35,N
FFF_2014J_647417,1.0,0.9994697,1,M,West Midlands Region,10-20,0-35,Y
DDD_2014B_124847,1.0,0.9999701,1,F,North Western Region,30-40%,35-55,Y
FFF_2013B_502517,1.0,0.99991345,1,M,West Midlands Region,90-100%,0-35,N
CCC_2014J_475149,0.0,0.5911896,1,M,East Midlands Region,80-90%,0-35,N
FFF_2013J_508388,0.0,0.15519798,0,M,East Anglian Region,10-20,0-35,N
FFF_2013J_603651,0.0,0.048399236,0,M,South Region,90-100%,0-35,N
FFF_2014J_593136,0.0,0.058323868,0,F,West Midlands Region,50-60%,0-35,N
GGG_2014J_681876,0.0,0.09642755,0,F,South West Region,80-90%,0-35,N
CCC_2014J_572783,0.0,0.19842646,0,M,North Western Region,80-90%,35-55,N
CCC_2014J_687981,0.0,0.14870414,0,M,North Western Region,0-10%,0-35,N
GGG_2014J_691556,0.0,0.21996689,0,F,Scotland,70-80%,35-55,N
EEE_2014J_647983,0.0,0.17435896,0,M,North Western Region,0-10%,0-35,N
DDD_2013J_598052,0.0,0.121878095,0,M,South East Region,40-50%,0-35,N
BBB_2014J_636525,0.0,0.09124264,0,F,Scotland,60-70%,0-35,N
BBB_2013B_1776925,1.0,0.38712233,0,M,Yorkshire Region,60-70%,35-55,N
BBB_2014J_689094,0.0,0.24548307,0,F,Ireland,10-20,0-35,N
CCC_2014J_684944,1.0,0.99950886,1,M,West Midlands Region,0-10%,0-35,N
FFF_2014B_595428,1.0,0.99758744,1,M,North Western Region,0-10%,35-55,N
BBB_2013B_537255,0.0,0.13833395,0,F,North Region,10-20,0-35,N
FFF_2013J_419990,0.0,0.45790815,0,M,North Western Region,90-100%,0-35,N
BBB_2013B_493958,0.0,0.4434043,0,F,South East Region,80-90%,0-35,N
EEE_2014J_174512,1.0,0.9997503,1,M,West Midlands Region,90-100%,0-35,N
DDD_2013J_577126,0.0,0.22236504,0,M,East Midlands Region,70-80%,35-55,N
CCC_2014B_633240,1.0,0.97691613,1,M,London Region,20-30%,35-55,N
FFF_2014J_657118,1.0,0.99962354,1,F,East Anglian Region,60-70%,35-55,N
BBB_2013J_491966,0.0,0.8479467,1,F,East Anglian Region,60-70%,0-35,N
GGG_2014J_645876,0.0,0.12917536,0,M,East Anglian Region,30-40%,0-35,N
BBB_2013B_542115,1.0,0.6866728,1,F,London Region,30-40%,35-55,N
EEE_2014B_623864,0.0,0.16997454,0,F,London Region,30-40%,0-35,N
EEE_2014J_638257,1.0,0.26343605,0,M,East Anglian Region,30-40%,0-35,N
CCC_2014J_621001,1.0,0.99992263,1,M,London Region,10-20,0-35,N
AAA_2013J_2521459,0.0,0.643576,1,F,London Region,10-20,0-35,N
DDD_2013J_572087,1.0,0.99952686,1,M,East Anglian Region,50-60%,0-35,N
FFF_2013J_72864,0.0,0.787801,1,F,Yorkshire Region,10-20,35-55,N
FFF_2013J_591695,0.0,0.05958516,0,M,Scotland,30-40%,0-35,N
BBB_2014J_685702,0.0,0.29688108,0,F,North Region,10-20,35-55,N
BBB_2014J_648549,0.0,0.03720312,0,M,South East Region,30-40%,0-35,N
BBB_2014B_2248122,0.0,0.17343834,0,F,Wales,50-60%,35-55,N
BBB_2013B_522512,1.0,0.9985316,1,F,Wales,30-40%,0-35,N
DDD_2013J_469465,0.0,0.8022487,1,M,East Anglian Region,60-70%,0-35,N
EEE_2014J_654876,1.0,0.95913947,1,M,Scotland,90-100%,0-35,N
BBB_2013J_599794,0.0,0.023425655,0,F,Scotland,50-60%,35-55,N
BBB_2013J_514864,0.0,0.09109898,0,F,West Midlands Region,10-20,0-35,N
CCC_2014B_623786,1.0,0.9991455,1,M,London Region,30-40%,0-35,N
GGG_2014J_681751,1.0,0.73622006,1,F,Scotland,70-80%,0-35,Y
DDD_2013B_549710,0.0,0.2512593,0,M,East Midlands Region,10-20,0-35,N
FFF_2014J_577533,0.0,0.6895147,1,M,East Midlands Region,30-40%,0-35,N
FFF_2014J_651697,1.0,0.9999511,1,M,East Anglian Region,80-90%,0-35,N
DDD_2014J_2039810,0.0,0.41084433,0,M,Scotland,80-90%,35-55,N
GGG_2014J_642883,0.0,0.14634375,0,M,Yorkshire Region,10-20,0-35,N
BBB_2013B_532710,1.0,0.99105936,1,F,West Midlands Region,0-10%,0-35,Y
EEE_2014J_693235,0.0,0.065142214,0,F,South Region,20-30%,35-55,N
DDD_2014J_607483,0.0,0.42530626,0,M,South East Region,60-70%,0-35,N
DDD_2014B_2357168,1.0,0.99993086,1,F,South West Region,60-70%,35-55,Y
CCC_2014J_643199,1.0,0.51995414,1,M,East Midlands Region,70-80%,35-55,N
FFF_2013J_586974,1.0,0.98419166,1,M,East Anglian Region,30-40%,0-35,N
BBB_2013B_2612483,0.0,0.09612989,0,F,South Region,90-100%,0-35,N
DDD_2014J_688213,1.0,0.99976724,1,M,North Western Region,30-40%,0-35,N
CCC_2014J_1752813,0.0,0.03294227,0,F,Ireland,0-10%,35-55,N
CCC_2014J_594627,1.0,0.99867886,1,M,North Western Region,30-40%,0-35,N
FFF_2014J_2530976,0.0,0.0977006,0,M,East Midlands Region,20-30%,35-55,N
BBB_2013J_612656,0.0,0.066324234,0,F,South East Region,90-100%,35-55,N
EEE_2014J_524431,1.0,0.9917794,1,F,South Region,0-10%,0-35,N
BBB_2013B_486099,0.0,0.10918721,0,F,South Region,60-70%,0-35,N
FFF_2013J_547773,0.0,0.06045178,0,M,East Anglian Region,90-100%,0-35,N
BBB_2013B_334291,1.0,0.45301387,0,F,South West Region,40-50%,0-35,N
AAA_2014J_446108,0.0,0.2912138,0,M,South West Region,70-80%,0-35,N
EEE_2013J_140518,1.0,0.7127959,1,M,West Midlands Region,80-90%,0-35,N
EEE_2014B_608694,1.0,0.99834645,1,M,East Anglian Region,80-90%,0-35,N
BBB_2014J_632144,1.0,0.99347055,1,F,West Midlands Region,10-20,35-55,N
BBB_2014B_104238,1.0,0.9997602,1,F,East Midlands Region,10-20,0-35,N
CCC_2014B_524295,0.0,0.72268075,1,F,West Midlands Region,40-50%,0-35,N
CCC_2014J_607453,0.0,0.21879545,0,M,South East Region,20-30%,0-35,N
DDD_2014B_634295,1.0,0.9985851,1,M,North Western Region,0-10%,0-35,N
FFF_2013J_524845,0.0,0.18898293,0,F,Scotland,80-90%,0-35,Y
DDD_2013B_2602486,0.0,0.21822052,0,F,West Midlands Region,80-90%,0-35,N
EEE_2014J_682758,1.0,0.29601002,0,F,Scotland,70-80%,0-35,N
DDD_2014J_693569,0.0,0.1745139,0,M,North Region,40-50%,0-35,N
GGG_2013J_574512,0.0,0.13583902,0,F,West Midlands Region,30-40%,35-55,N
EEE_2014B_421111,0.0,0.5909262,1,M,East Midlands Region,40-50%,0-35,N
FFF_2014B_565348,1.0,0.18745352,0,M,South East Region,30-40%,0-35,N
GGG_2014J_646169,0.0,0.30563626,0,F,East Midlands Region,80-90%,35-55,N
DDD_2014J_588179,0.0,0.298628,0,M,South East Region,40-50%,0-35,N
BBB_2013J_522426,0.0,0.08137528,0,F,Scotland,70-80%,35-55,N
CCC_2014J_585222,1.0,0.6681975,1,F,West Midlands Region,30-40%,0-35,N
FFF_2013B_404135,0.0,0.086334236,0,F,South West Region,50-60%,35-55,N
FFF_2014J_656107,1.0,0.9219727,1,M,Scotland,30-40%,0-35,N
BBB_2014B_631108,0.0,0.15728009,0,F,South East Region,90-100%,35-55,N
DDD_2013B_339481,1.0,0.8582274,1,M,Yorkshire Region,30-40%,0-35,N
DDD_2014J_688722,0.0,0.03521543,0,F,South West Region,90-100%,0-35,N
CCC_2014B_622015,1.0,0.99855465,1,M,Scotland,70-80%,0-35,N
FFF_2014J_477833,1.0,0.45367065,0,M,London Region,50-60%,35-55,Y
FFF_2014B_601345,1.0,0.75307876,1,M,London Region,10-20,0-35,N
CCC_2014J_2637912,1.0,0.28390485,0,M,Scotland,10-20,35-55,N
FFF_2014B_1799963,1.0,0.9352518,1,M,Ireland,30-40%,35-55,N
BBB_2013B_542602,1.0,0.9995703,1,F,North Western Region,0-10%,0-35,N
BBB_2014B_570721,1.0,0.99660265,1,F,East Midlands Region,10-20,0-35,N
CCC_2014B_2355744,1.0,0.9909663,1,M,Scotland,60-70%,35-55,N
BBB_2014J_697514,1.0,0.9966973,1,F,East Anglian Region,30-40%,0-35,N
FFF_2014J_626454,0.0,0.084417775,0,F,London Region,60-70%,0-35,N
BBB_2014B_631197,1.0,0.9936366,1,F,North Western Region,10-20,0-35,Y
BBB_2014J_689230,0.0,0.2535012,0,F,Ireland,40-50%,35-55,N
DDD_2013B_1018685,1.0,0.9996352,1,M,North Region,20-30%,35-55,N
FFF_2014B_557708,1.0,0.92265075,1,M,London Region,20-30%,0-35,Y
GGG_2014B_2682002,0.0,0.48755997,0,F,Yorkshire Region,80-90%,35-55,N
BBB_2014B_621508,1.0,0.5350069,1,F,South West Region,80-90%,0-35,N
AAA_2013J_300398,0.0,0.10032538,0,M,West Midlands Region,30-40%,35-55,N
GGG_2013J_496224,1.0,0.9733315,1,F,London Region,20-30%,0-35,N
AAA_2013J_444677,0.0,0.02835968,0,M,London Region,30-40%,0-35,N
DDD_2014J_592344,1.0,0.99999213,1,F,East Anglian Region,70-80%,0-35,N
EEE_2013J_602944,1.0,0.9218236,1,M,North Western Region,70-80%,0-35,Y
FFF_2013J_2472033,0.0,0.13664797,0,M,East Midlands Region,70-80%,35-55,N
FFF_2013B_529572,1.0,0.9913009,1,M,East Anglian Region,90-100%,0-35,N
AAA_2013J_281022,0.0,0.4124355,0,F,Scotland,30-40%,0-35,N
BBB_2013B_363416,0.0,0.46568504,0,F,London Region,30-40%,0-35,N
FFF_2013B_531667,1.0,0.9998404,1,M,West Midlands Region,50-60%,35-55,N
BBB_2014J_680970,0.0,0.042544506,0,F,South East Region,80-90%,35-55,N
BBB_2013J_248716,0.0,0.14582069,0,F,North Region,80-90%,35-55,N
FFF_2014J_656599,1.0,0.9999275,1,M,West Midlands Region,20-30%,0-35,N
BBB_2014B_556012,1.0,0.7181924,1,M,East Anglian Region,20-30%,0-35,Y
DDD_2014B_99151,1.0,0.9999536,1,M,London Region,40-50%,0-35,N
DDD_2014J_603493,1.0,0.4317606,0,F,East Anglian Region,60-70%,0-35,N
GGG_2014J_616704,1.0,0.960477,1,F,South West Region,20-30%,35-55,Y
DDD_2013J_571451,0.0,0.122128844,0,F,South Region,30-40%,0-35,N
DDD_2013J_577638,1.0,0.26229414,0,F,West Midlands Region,10-20,0-35,Y
GGG_2014B_621017,1.0,0.6546601,1,F,London Region,10-20,0-35,N
BBB_2014J_2482994,1.0,0.72108513,1,F,South Region,90-100%,0-35,N
CCC_2014J_2620661,0.0,0.31185097,0,M,North Western Region,0-10%,35-55,N
DDD_2014J_605313,1.0,0.9974051,1,M,North Region,30-40%,0-35,N
FFF_2014B_53709,0.0,0.83662736,1,M,Wales,30-40%,0-35,N
CCC_2014J_636783,0.0,0.01000696,0,M,North Region,40-50%,0-35,N
BBB_2013J_485534,0.0,0.047767386,0,F,Wales,0-10%,35-55,N
EEE_2013J_587682,0.0,0.11581753,0,M,South West Region,70-80%,0-35,N
CCC_2014B_614345,1.0,0.99342984,1,F,North Western Region,0-10%,0-35,N
BBB_2014J_516588,1.0,0.5398498,1,F,Yorkshire Region,50-60%,0-35,N
EEE_2014J_567892,1.0,0.60611707,1,M,South East Region,30-40%,35-55,N
FFF_2014B_624772,1.0,0.98327833,1,M,East Midlands Region,40-50%,0-35,N
DDD_2013B_535799,0.0,0.40122122,0,F,South West Region,10-20,35-55,N
DDD_2014J_544649,1.0,0.4982,0,M,North Region,10-20,35-55,N
DDD_2014J_2464683,1.0,0.7533189,1,F,East Midlands Region,20-30%,35-55,Y
CCC_2014J_643770,1.0,0.66648996,1,M,Scotland,20-30%,0-35,N
DDD_2014J_682018,1.0,0.90780133,1,M,Yorkshire Region,10-20,0-35,N
DDD_2014B_622724,0.0,0.045794167,0,M,South East Region,70-80%,0-35,N
FFF_2013B_559856,0.0,0.1496489,0,M,North Region,0-10%,0-35,N
FFF_2014J_648470,0.0,0.02569845,0,F,South East Region,30-40%,0-35,N
GGG_2013J_592245,0.0,0.12323375,0,F,East Midlands Region,0-10%,0-35,N
BBB_2014B_627277,1.0,0.9999435,1,F,East Midlands Region,70-80%,35-55,N
FFF_2013J_2193185,0.0,0.49193063,0,M,West Midlands Region,0-10%,0-35,N
DDD_2013J_605885,1.0,0.398058,0,M,Ireland,0-10%,0-35,N
BBB_2013J_543021,1.0,0.28043965,0,M,Scotland,10-20,35-55,N
AAA_2014J_334441,1.0,0.79332745,1,M,London Region,60-70%,0-35,N
GGG_2014B_122337,1.0,0.069511324,0,F,London Region,70-80%,35-55,N
FFF_2013B_558199,1.0,0.9997576,1,M,South East Region,40-50%,0-35,N
BBB_2013J_590994,0.0,0.28502697,0,F,Scotland,60-70%,0-35,N
BBB_2014J_650247,0.0,0.13432953,0,F,South East Region,80-90%,35-55,N
DDD_2013J_314219,1.0,0.9999244,1,M,South East Region,10-20,0-35,N
BBB_2014J_598313,0.0,0.24843249,0,M,London Region,40-50%,35-55,N
BBB_2014J_656181,1.0,0.15709938,0,F,Ireland,40-50%,35-55,N
GGG_2014J_606856,1.0,0.27070686,0,F,South East Region,20-30%,0-35,N
DDD_2014J_633237,1.0,0.9998876,1,F,North Western Region,20-30%,35-55,N
CCC_2014J_486300,1.0,0.8912861,1,M,East Midlands Region,10-20,0-35,N
BBB_2014J_418077,0.0,0.05054119,0,F,Scotland,40-50%,0-35,N
DDD_2013B_549354,1.0,0.97868264,1,M,Wales,80-90%,35-55,N
FFF_2013J_295255,0.0,0.24925378,0,M,Ireland,0-10%,0-35,N
BBB_2013J_596961,1.0,0.2326141,0,F,East Midlands Region,10-20,35-55,N
DDD_2014B_250058,1.0,0.9949999,1,F,North Western Region,30-40%,35-55,N
GGG_2014J_52702,0.0,0.21737376,0,F,Scotland,20-30%,35-55,N
BBB_2013B_536203,1.0,0.3449982,0,F,West Midlands Region,10-20,35-55,N
FFF_2013B_532464,1.0,0.4628169,0,M,Yorkshire Region,70-80%,0-35,N
CCC_2014J_633914,0.0,0.35768148,0,F,East Midlands Region,50-60%,0-35,N
GGG_2013J_572663,0.0,0.29266238,0,F,South East Region,40-50%,0-35,N
AAA_2014J_2654628,0.0,0.3359679,0,F,East Anglian Region,90-100%,35-55,N
CCC_2014B_2498388,0.0,0.17684774,0,F,North Region,10-20,0-35,Y
BBB_2013J_611268,1.0,0.26828313,0,F,North Western Region,20-30%,35-55,N
DDD_2014J_573742,0.0,0.63070154,1,M,East Anglian Region,10-20,0-35,N
FFF_2013J_585230,1.0,0.18370515,0,M,North Region,50-60%,0-35,N
CCC_2014J_687283,1.0,0.9979608,1,M,East Anglian Region,80-90%,0-35,N
GGG_2013J_568973,1.0,0.14250396,0,F,East Anglian Region,70-80%,35-55,Y
FFF_2014J_695169,0.0,0.068761915,0,M,West Midlands Region,80-90%,0-35,N
FFF_2014J_686358,1.0,0.9999554,1,M,East Midlands Region,60-70%,0-35,N
DDD_2013B_2459878,0.0,0.30616072,0,M,East Midlands Region,10-20,35-55,N
DDD_2014B_624052,0.0,0.11504385,0,M,West Midlands Region,30-40%,0-35,N
CCC_2014J_575047,1.0,0.8215185,1,M,West Midlands Region,10-20,0-35,N
CCC_2014B_565275,1.0,0.9999664,1,M,South Region,40-50%,0-35,N
CCC_2014B_588430,0.0,0.7251327,1,M,North Region,60-70%,0-35,N
DDD_2013J_477412,0.0,0.99903035,1,M,West Midlands Region,10-20,0-35,N
FFF_2014B_620320,1.0,0.99984026,1,M,North Western Region,20-30%,0-35,Y
EEE_2014J_2686712,1.0,0.024457756,0,M,West Midlands Region,60-70%,35-55,N
GGG_2013J_588233,0.0,0.09653232,0,F,South Region,40-50%,35-55,N
DDD_2013J_548173,1.0,0.20317265,0,F,East Anglian Region,80-90%,0-35,N
FFF_2013J_610292,1.0,0.029290944,0,F,Wales,70-80%,0-35,N
FFF_2014B_627622,0.0,0.38864246,0,F,South Region,90-100%,0-35,N
CCC_2014J_599663,1.0,0.5318249,1,M,North Region,30-40%,0-35,N
FFF_2013B_505315,0.0,0.580479,1,F,South West Region,30-40%,0-35,N
FFF_2013B_510027,1.0,0.9936672,1,M,Ireland,40-50%,35-55,N
CCC_2014B_515936,1.0,0.9693887,1,M,North Western Region,0-10%,0-35,Y
DDD_2013B_527081,1.0,0.99998724,1,M,London Region,10-20,35-55,N
DDD_2014B_416008,0.0,0.2285948,0,M,Scotland,0-10%,0-35,N
BBB_2013J_202879,1.0,0.99824834,1,F,East Anglian Region,30-40%,0-35,N
AAA_2013J_2688067,0.0,0.61348355,1,M,East Anglian Region,10-20,0-35,N
CCC_2014B_1560205,1.0,0.9998159,1,F,Ireland,0-10%,35-55,N
BBB_2014J_677230,1.0,0.98618364,1,F,East Anglian Region,80-90%,0-35,Y
BBB_2014J_588062,1.0,0.9873325,1,F,London Region,40-50%,35-55,N
BBB_2013J_613051,1.0,0.9083215,1,F,Ireland,0-10%,35-55,N
DDD_2013J_599577,0.0,0.03642682,0,F,South Region,80-90%,35-55,N
FFF_2014J_412353,0.0,0.06728841,0,M,West Midlands Region,60-70%,55<=,N
BBB_2014J_511424,1.0,0.99637115,1,F,North Region,20-30%,0-35,N
CCC_2014B_1750405,1.0,0.9812409,1,M,East Anglian Region,50-60%,35-55,N
FFF_2014J_152917,0.0,0.17359456,0,M,North Western Region,20-30%,35-55,Y
FFF_2013B_506092,1.0,0.9999826,1,F,East Midlands Region,90-100%,0-35,N
BBB_2013J_479170,0.0,0.03473658,0,F,Yorkshire Region,20-30%,0-35,N
DDD_2014B_632856,1.0,0.8386131,1,M,London Region,20-30%,0-35,N
DDD_2013J_591210,0.0,0.3414066,0,F,North Western Region,80-90%,35-55,N
BBB_2014B_598694,0.0,0.051534247,0,F,West Midlands Region,90-100%,0-35,N
EEE_2013J_1930644,0.0,0.4357115,0,M,Scotland,50-60%,35-55,N
FFF_2014B_589449,0.0,0.096208096,0,M,North Western Region,50-60%,0-35,N
FFF_2013B_535460,1.0,0.4156433,0,M,London Region,60-70%,0-35,N
FFF_2013B_383558,1.0,0.12939149,0,M,East Anglian Region,80-90%,35-55,N
FFF_2014J_329095,1.0,0.9917891,1,M,Ireland,30-40%,0-35,N
GGG_2014J_636282,0.0,0.34515995,0,F,South East Region,90-100%,0-35,Y
DDD_2013J_574720,0.0,0.31670588,0,M,North Western Region,30-40%,0-35,N
CCC_2014B_397797,1.0,0.99825925,1,M,South Region,40-50%,0-35,N
BBB_2014B_555015,0.0,0.09838666,0,F,Scotland,40-50%,0-35,Y
BBB_2013J_258035,0.0,0.025480727,0,F,North Western Region,80-90%,35-55,N
CCC_2014J_674497,0.0,0.15674984,0,M,Wales,60-70%,0-35,N
BBB_2013J_364073,0.0,0.08247772,0,F,South West Region,20-30%,0-35,N
FFF_2014J_652025,1.0,0.9999268,1,M,West Midlands Region,30-40%,0-35,N
FFF_2013B_555250,0.0,0.6066709,1,M,West Midlands Region,10-20,0-35,N
CCC_2014J_625541,1.0,0.66903776,1,M,Yorkshire Region,20-30%,0-35,N
DDD_2014J_681746,0.0,0.15891102,0,F,South East Region,20-30%,0-35,N
DDD_2014J_682306,0.0,0.03122335,0,F,North Western Region,70-80%,35-55,N
FFF_2014B_589548,0.0,0.4236179,0,M,Scotland,0-10%,0-35,N
CCC_2014J_1345808,1.0,0.26743695,0,F,Scotland,20-30%,35-55,N
CCC_2014J_2242383,1.0,0.99989355,1,M,West Midlands Region,60-70%,35-55,N
DDD_2013J_601310,1.0,0.94593185,1,M,Ireland,40-50%,0-35,N
BBB_2013J_563022,1.0,0.99978524,1,F,Yorkshire Region,20-30%,0-35,N
DDD_2014J_651176,1.0,0.9075662,1,M,North Western Region,20-30%,0-35,N
BBB_2014J_690940,1.0,0.9881307,1,F,East Midlands Region,20-30%,0-35,N
FFF_2014B_609171,1.0,0.7031459,1,M,East Midlands Region,30-40%,0-35,N
BBB_2013B_480815,0.0,0.14675182,0,F,East Midlands Region,10-20,0-35,N
EEE_2013J_242778,0.0,0.17383207,0,M,Scotland,90-100%,35-55,N
CCC_2014B_369908,1.0,0.99840087,1,M,Scotland,70-80%,35-55,N
FFF_2013B_283348,0.0,0.874665,1,M,North Region,10-20,35-55,N
FFF_2014B_635046,1.0,0.99788195,1,M,South Region,90-100%,0-35,N
FFF_2013J_573704,0.0,0.24195445,0,M,Wales,60-70%,0-35,N
GGG_2014J_653824,0.0,0.33214658,0,F,East Anglian Region,90-100%,0-35,N
FFF_2014B_74524,1.0,0.8444113,1,F,East Midlands Region,70-80%,35-55,Y
BBB_2013J_595420,1.0,0.99980754,1,F,Wales,30-40%,0-35,N
CCC_2014B_1763378,1.0,0.99002445,1,M,Scotland,0-10%,35-55,N
CCC_2014B_591655,1.0,0.975973,1,M,North Region,70-80%,0-35,N
EEE_2014J_549922,1.0,0.051509213,0,M,South East Region,80-90%,0-35,N
DDD_2013J_586497,0.0,0.06177641,0,M,East Midlands Region,90-100%,0-35,N
CCC_2014J_199760,1.0,0.7336243,1,M,Scotland,10-20,0-35,N
FFF_2014J_675315,0.0,0.031174047,0,M,West Midlands Region,90-100%,0-35,N
DDD_2014B_493793,1.0,0.99994206,1,M,South Region,40-50%,0-35,Y
GGG_2013J_610557,1.0,0.29921886,0,F,South East Region,60-70%,0-35,Y
CCC_2014J_678843,1.0,0.97372276,1,M,Scotland,40-50%,35-55,N
GGG_2014B_563301,1.0,0.23299633,0,F,East Anglian Region,60-70%,35-55,N
BBB_2013J_581305,1.0,0.26166317,0,F,East Midlands Region,50-60%,0-35,N
FFF_2014J_647398,0.0,0.052875977,0,M,South Region,70-80%,0-35,N
DDD_2013J_572280,0.0,0.24520978,0,M,Wales,10-20,0-35,N
EEE_2013J_545758,0.0,0.87519485,1,M,West Midlands Region,30-40%,0-35,N
EEE_2013J_520337,1.0,0.9997075,1,M,East Anglian Region,10-20,0-35,N
GGG_2014B_628669,0.0,0.13958149,0,F,North Western Region,0-10%,35-55,N
EEE_2013J_601407,1.0,0.9046667,1,M,Yorkshire Region,0-10%,0-35,N
DDD_2014J_564643,1.0,0.97580534,1,F,North Region,20-30%,0-35,N
FFF_2013B_546439,1.0,0.25685993,0,F,South Region,30-40%,35-55,N
BBB_2014J_617811,1.0,0.9887108,1,F,Yorkshire Region,0-10%,0-35,N
FFF_2014J_576140,1.0,0.9998772,1,F,North Region,0-10%,0-35,N
DDD_2013J_502051,1.0,0.9872077,1,F,South Region,40-50%,35-55,N
EEE_2013J_543417,0.0,0.2875387,0,M,East Midlands Region,0-10%,0-35,N
BBB_2014B_615259,0.0,0.12990505,0,F,South East Region,30-40%,0-35,N
GGG_2014J_629258,1.0,0.5455068,1,F,London Region,10-20,35-55,N
EEE_2014J_697460,1.0,0.5001178,1,M,Scotland,60-70%,0-35,N
GGG_2014B_615377,0.0,0.18536866,0,F,South West Region,60-70%,35-55,N
CCC_2014J_488192,1.0,0.9997918,1,F,North Region,10-20,0-35,N
GGG_2014B_204550,1.0,0.9682786,1,F,South Region,30-40%,35-55,N
DDD_2013J_540947,0.0,0.19911614,0,M,Yorkshire Region,40-50%,0-35,N
BBB_2014J_679828,0.0,0.19211447,0,F,Wales,0-10%,35-55,N
BBB_2014B_186565,1.0,0.72221845,1,F,East Midlands Region,10-20,0-35,N
BBB_2013J_598986,1.0,0.28455922,0,F,London Region,0-10%,35-55,N
BBB_2014J_623376,0.0,0.22315402,0,F,South West Region,20-30%,0-35,N
DDD_2014J_566560,1.0,0.99991965,1,M,Scotland,30-40%,0-35,N
FFF_2013B_1904916,0.0,0.54781413,1,F,East Midlands Region,20-30%,35-55,N
EEE_2014J_2050998,1.0,0.18057017,0,M,North Region,60-70%,35-55,N
CCC_2014J_591655,1.0,0.9968226,1,M,North Region,70-80%,0-35,N
EEE_2014J_657226,0.0,0.19878806,0,M,Yorkshire Region,70-80%,0-35,N
DDD_2013J_582373,1.0,0.15222102,0,M,South East Region,60-70%,0-35,N
BBB_2013J_580497,1.0,0.99644923,1,F,North Western Region,10-20,0-35,N
CCC_2014J_679733,0.0,0.03545628,0,M,Wales,10-20,0-35,N
DDD_2013B_558488,1.0,0.70426023,1,M,East Anglian Region,50-60%,0-35,N
FFF_2013J_594404,1.0,0.23255235,0,M,North Western Region,30-40%,0-35,N
DDD_2014B_619403,0.0,0.09228282,0,F,Scotland,20-30%,0-35,N
DDD_2014B_628947,1.0,0.99828404,1,M,West Midlands Region,30-40%,0-35,N
AAA_2014J_65002,1.0,0.8293825,1,F,East Anglian Region,70-80%,0-35,N
FFF_2013B_2642994,1.0,0.95948035,1,M,West Midlands Region,60-70%,35-55,N
CCC_2014J_488617,1.0,0.9987419,1,M,South West Region,60-70%,0-35,N
CCC_2014J_685514,0.0,0.38606802,0,M,East Anglian Region,60-70%,0-35,N
CCC_2014B_264285,1.0,0.99889404,1,M,London Region,20-30%,0-35,N
FFF_2014J_601271,1.0,0.5410575,1,M,South West Region,40-50%,0-35,Y
BBB_2013J_56340,1.0,0.9857993,1,F,South Region,20-30%,0-35,N
DDD_2014J_681799,0.0,0.047743928,0,M,Yorkshire Region,90-100%,0-35,N
GGG_2014J_653435,0.0,0.15550731,0,F,London Region,0-10%,0-35,Y
FFF_2014B_503024,1.0,0.99657404,1,F,London Region,50-60%,0-35,N
FFF_2014B_552284,0.0,0.4235309,0,M,East Anglian Region,80-90%,0-35,N
DDD_2013B_502736,1.0,0.99921715,1,M,East Midlands Region,90-100%,0-35,N
DDD_2013J_2615761,1.0,0.6578903,1,F,London Region,80-90%,0-35,N
EEE_2013J_384797,0.0,0.16438225,0,M,North Western Region,0-10%,0-35,N
CCC_2014B_2156058,0.0,0.37651613,0,M,East Anglian Region,40-50%,35-55,N
DDD_2014J_184409,0.0,0.033245023,0,M,North Region,10-20,35-55,N
CCC_2014B_523079,0.0,0.07646445,0,M,Ireland,90-100%,0-35,N
AAA_2013J_2369266,0.0,0.7172917,1,F,London Region,70-80%,35-55,N
BBB_2014J_2685247,0.0,0.067000195,0,F,Ireland,20-30%,0-35,N
BBB_2014J_650676,1.0,0.9968675,1,F,South Region,40-50%,0-35,N
DDD_2013J_495115,1.0,0.98777825,1,F,East Midlands Region,20-30%,0-35,Y
FFF_2014J_676492,0.0,0.065610826,0,M,Yorkshire Region,60-70%,0-35,N
BBB_2014B_625295,1.0,0.513952,1,M,North Western Region,0-10%,0-35,N
AAA_2014J_87431,1.0,0.8455799,1,M,South East Region,10-20,35-55,N
DDD_2013B_512861,0.0,0.27502695,0,F,South West Region,40-50%,0-35,N
FFF_2014B_293454,1.0,0.23290344,0,M,East Anglian Region,90-100%,0-35,N
GGG_2014B_480590,0.0,0.4016478,0,F,West Midlands Region,80-90%,0-35,Y
DDD_2014J_648419,1.0,0.45883176,0,F,North Western Region,10-20,0-35,N
DDD_2013B_503120,1.0,0.3843691,0,M,South Region,40-50%,35-55,N
BBB_2013B_557968,0.0,0.07955029,0,F,Wales,40-50%,0-35,N
EEE_2013J_574507,0.0,0.30885714,0,M,West Midlands Region,90-100%,0-35,N
EEE_2014B_630825,1.0,0.9891902,1,M,East Midlands Region,70-80%,0-35,N
FFF_2013B_529762,0.0,0.19557609,0,F,South West Region,20-30%,0-35,N
FFF_2014B_528538,1.0,0.4672224,0,F,South East Region,10-20,0-35,N
FFF_2013B_551602,0.0,0.48730984,0,M,North Western Region,50-60%,0-35,N
EEE_2014J_646747,1.0,0.9962495,1,F,East Midlands Region,50-60%,0-35,N
DDD_2014J_685661,1.0,0.99591786,1,F,South West Region,70-80%,35-55,N
CCC_2014J_665414,0.0,0.26630354,0,M,London Region,90-100%,55<=,N
BBB_2013B_535755,0.0,0.26694956,0,F,North Western Region,10-20,0-35,N
EEE_2014B_350690,1.0,0.9999956,1,F,South East Region,20-30%,0-35,N
FFF_2014J_2197766,0.0,0.19522884,0,F,North Region,60-70%,0-35,N
BBB_2013B_2534033,1.0,0.9984579,1,M,West Midlands Region,70-80%,0-35,Y
BBB_2014B_630823,0.0,0.1724094,0,F,Scotland,60-70%,0-35,N
FFF_2013B_160193,1.0,0.60492843,1,M,Yorkshire Region,30-40%,0-35,N
CCC_2014B_585900,1.0,0.3489834,0,M,East Midlands Region,80-90%,0-35,N
FFF_2013J_604583,1.0,0.13580012,0,M,Scotland,20-30%,0-35,N
GGG_2014B_588031,0.0,0.9727236,1,M,South West Region,0-10%,0-35,N
BBB_2013B_405471,0.0,0.26376495,0,M,South East Region,70-80%,0-35,N
CCC_2014J_335405,0.0,0.01544213,0,M,East Anglian Region,50-60%,0-35,N
EEE_2013J_590072,1.0,0.9959912,1,M,Scotland,70-80%,0-35,N
BBB_2014J_674784,0.0,0.2480622,0,F,South West Region,40-50%,0-35,N
BBB_2014J_688513,0.0,0.08756459,0,F,North Western Region,40-50%,0-35,N
CCC_2014B_543475,1.0,0.9073421,1,M,South West Region,60-70%,0-35,N
GGG_2013J_1873505,0.0,0.4234786,0,F,North Region,60-70%,35-55,N
DDD_2013J_536979,1.0,0.3727837,0,M,Scotland,20-30%,0-35,N
BBB_2013B_539345,0.0,0.527176,1,F,Scotland,20-30%,0-35,N
CCC_2014J_685487,0.0,0.085730135,0,F,South West Region,20-30%,35-55,Y
BBB_2013B_541808,0.0,0.31004673,0,F,East Anglian Region,50-60%,35-55,N
GGG_2014J_651602,1.0,0.9863261,1,M,East Midlands Region,0-10%,0-35,N
EEE_2014B_2455893,0.0,0.054136522,0,M,South Region,90-100%,0-35,N
FFF_2014B_586506,1.0,0.99929845,1,F,London Region,50-60%,35-55,N
BBB_2013B_548321,1.0,0.99705267,1,F,South West Region,30-40%,0-35,N
BBB_2013J_539670,1.0,0.74862427,1,M,East Anglian Region,0-10%,35-55,N
CCC_2014B_632900,0.0,0.9025852,1,F,West Midlands Region,70-80%,0-35,N
BBB_2014J_522189,0.0,0.46234956,0,F,Wales,30-40%,0-35,N
FFF_2013J_587334,0.0,0.2255053,0,M,West Midlands Region,0-10%,0-35,N
BBB_2013J_2529306,1.0,0.5422573,1,F,London Region,50-60%,0-35,N
DDD_2013J_574029,1.0,0.99628276,1,M,North Region,10-20,0-35,N
EEE_2014B_626749,0.0,0.19406958,0,M,London Region,20-30%,0-35,N
DDD_2013J_596731,0.0,0.1288068,0,M,Yorkshire Region,30-40%,0-35,N
BBB_2013J_417785,1.0,0.6122684,1,F,North Western Region,60-70%,35-55,N
BBB_2014J_637388,1.0,0.124737754,0,F,South Region,60-70%,0-35,N
BBB_2013B_505123,1.0,0.9968694,1,F,East Anglian Region,20-30%,0-35,N
DDD_2013B_2229785,1.0,0.729178,1,M,West Midlands Region,10-20,0-35,N
BBB_2014J_622007,1.0,0.2258586,0,F,East Anglian Region,40-50%,0-35,N
BBB_2014B_626966,0.0,0.31817105,0,F,North Western Region,80-90%,35-55,N
FFF_2014J_2283708,1.0,0.36803013,0,M,North Region,20-30%,0-35,N
FFF_2013B_554558,0.0,0.030961337,0,M,Yorkshire Region,40-50%,0-35,N
FFF_2014J_657344,0.0,0.021517407,0,M,East Anglian Region,30-40%,35-55,N
EEE_2014J_654925,1.0,0.99728453,1,M,Scotland,30-40%,35-55,N
BBB_2014B_630315,0.0,0.33404392,0,F,Wales,30-40%,35-55,N
BBB_2014J_681016,1.0,0.9998566,1,F,South East Region,60-70%,0-35,N
GGG_2013J_595440,0.0,0.12528083,0,F,North Western Region,40-50%,0-35,Y
BBB_2014B_626549,1.0,0.9959651,1,F,North Western Region,10-20,0-35,N
BBB_2014B_1341507,0.0,0.22207214,0,F,Scotland,50-60%,35-55,Y
DDD_2014B_611988,1.0,0.9982857,1,M,South East Region,40-50%,35-55,N
FFF_2013J_503684,1.0,0.973155,1,M,East Anglian Region,40-50%,35-55,N
FFF_2014B_58221,1.0,0.99993634,1,M,East Midlands Region,40-50%,0-35,N
FFF_2013B_2436873,1.0,0.99567705,1,F,London Region,20-30%,35-55,N
FFF_2014J_646120,1.0,0.9997744,1,M,East Anglian Region,50-60%,0-35,N
CCC_2014B_492357,1.0,0.15014443,0,M,East Midlands Region,70-80%,35-55,N
FFF_2013J_572702,0.0,0.33856356,0,F,East Anglian Region,40-50%,0-35,N
GGG_2013J_509277,0.0,0.09344952,0,F,East Anglian Region,40-50%,0-35,N
FFF_2013B_536503,1.0,0.9894615,1,M,East Anglian Region,80-90%,0-35,N
BBB_2014J_648391,1.0,0.9898906,1,F,Scotland,30-40%,0-35,N
FFF_2014J_683347,1.0,0.9991584,1,M,North Western Region,60-70%,0-35,N
FFF_2014B_630924,0.0,0.072022885,0,M,North Western Region,30-40%,0-35,N
CCC_2014B_2375259,1.0,0.9995172,1,M,East Anglian Region,40-50%,35-55,N
BBB_2013B_549352,1.0,0.9959651,1,F,North Western Region,10-20,0-35,N
EEE_2014J_675840,0.0,0.44649476,0,M,South Region,90-100%,0-35,N
CCC_2014J_654828,1.0,0.9999198,1,M,North Region,0-10%,0-35,N
BBB_2014J_590668,0.0,0.47597024,0,F,Yorkshire Region,50-60%,35-55,N
FFF_2013J_597074,1.0,0.9625854,1,M,Yorkshire Region,40-50%,0-35,N
GGG_2013J_592882,0.0,0.29860577,0,F,London Region,0-10%,0-35,N
DDD_2014J_556374,1.0,0.88374937,1,M,Wales,80-90%,35-55,N
GGG_2014J_383608,1.0,0.90177757,1,M,London Region,30-40%,0-35,N
FFF_2014J_683604,0.0,0.121491596,0,M,South Region,70-80%,35-55,N
DDD_2014J_634966,1.0,0.33322382,0,F,South Region,20-30%,0-35,N
BBB_2014J_598317,1.0,0.99968946,1,F,East Midlands Region,40-50%,35-55,N
FFF_2014J_618252,1.0,0.9987865,1,M,Yorkshire Region,0-10%,35-55,N
BBB_2014B_612600,1.0,0.36325786,0,F,East Midlands Region,20-30%,0-35,N
EEE_2014J_555051,1.0,0.99903667,1,M,South East Region,90-100%,0-35,N
CCC_2014B_625574,0.0,0.37912452,0,F,West Midlands Region,0-10%,0-35,N
CCC_2014J_385980,1.0,0.9983759,1,M,London Region,60-70%,0-35,N
BBB_2014J_433939,1.0,0.37377265,0,F,Yorkshire Region,50-60%,35-55,N
BBB_2014B_618869,1.0,0.28306696,0,F,North Western Region,30-40%,0-35,N
BBB_2014J_690384,0.0,0.12750338,0,F,West Midlands Region,50-60%,0-35,N
BBB_2014J_648640,1.0,0.99586475,1,F,West Midlands Region,60-70%,35-55,N
DDD_2014J_648321,0.0,0.1933796,0,F,East Midlands Region,20-30%,0-35,N
CCC_2014J_583704,0.0,0.10856294,0,F,London Region,60-70%,0-35,N
BBB_2013B_263531,1.0,0.999542,1,F,South West Region,30-40%,0-35,N
BBB_2013B_554830,1.0,0.7029102,1,M,East Anglian Region,60-70%,35-55,N
FFF_2013B_532627,0.0,0.23068929,0,M,South Region,60-70%,0-35,N
CCC_2014B_551267,0.0,0.9190863,1,F,North Region,10-20,0-35,N
AAA_2014J_1511033,0.0,0.41898382,0,M,Wales,50-60%,35-55,N
DDD_2014J_577751,0.0,0.23088604,0,F,Scotland,40-50%,0-35,N
BBB_2014B_606075,1.0,0.9961778,1,F,Ireland,60-70%,0-35,N
GGG_2014J_639533,1.0,0.9852298,1,M,East Anglian Region,80-90%,0-35,N
FFF_2014J_568987,1.0,0.3895535,0,F,South Region,10-20,0-35,N
EEE_2014B_393488,0.0,0.94333833,1,M,London Region,20-30%,0-35,N
CCC_2014J_372577,1.0,0.49897477,0,M,South Region,20-30%,0-35,N
DDD_2014J_653060,1.0,0.96045464,1,F,London Region,10-20,0-35,N
EEE_2014J_650145,1.0,0.21456297,0,M,Wales,20-30%,0-35,N
GGG_2013J_609538,0.0,0.26704046,0,F,North Western Region,20-30%,0-35,Y
FFF_2013B_285996,1.0,0.09021866,0,M,West Midlands Region,40-50%,0-35,N
CCC_2014B_2146277,0.0,0.23783118,0,F,East Anglian Region,80-90%,35-55,N
DDD_2013B_554729,1.0,0.998979,1,M,Yorkshire Region,40-50%,35-55,N
AAA_2014J_2434159,0.0,0.65406394,1,M,North Western Region,10-20,0-35,N
CCC_2014B_571233,1.0,0.71813214,1,M,South West Region,60-70%,0-35,N
FFF_2013J_2389837,1.0,0.99990153,1,M,South Region,70-80%,35-55,N
AAA_2014J_188278,0.0,0.04981548,0,M,Yorkshire Region,70-80%,35-55,N
FFF_2013J_422006,0.0,0.2681962,0,F,London Region,50-60%,0-35,N
CCC_2014J_634309,1.0,0.5118487,1,M,London Region,0-10%,0-35,N
FFF_2014J_624970,0.0,0.055427127,0,F,Scotland,70-80%,0-35,N
EEE_2014J_622315,1.0,0.6188706,1,M,North Region,20-30%,0-35,N
BBB_2013B_559603,0.0,0.2444941,0,F,East Midlands Region,40-50%,35-55,N
DDD_2013B_548267,0.0,0.31333822,0,F,East Anglian Region,40-50%,0-35,N
GGG_2014J_517263,0.0,0.12422276,0,M,South Region,60-70%,0-35,N
FFF_2013J_268343,1.0,0.9907278,1,F,East Midlands Region,10-20,0-35,N
CCC_2014B_244977,0.0,0.09513247,0,M,East Anglian Region,50-60%,0-35,N
FFF_2013J_576097,0.0,0.06672081,0,M,North Region,70-80%,0-35,N
CCC_2014J_577427,1.0,0.9318087,1,M,Scotland,50-60%,0-35,N
DDD_2013B_474966,1.0,0.9998171,1,F,North Western Region,40-50%,0-35,N
BBB_2014J_686670,0.0,0.47128493,0,F,South East Region,30-40%,0-35,N
BBB_2013B_478317,1.0,0.48930472,0,F,Scotland,0-10%,0-35,N
EEE_2013J_581047,1.0,0.9997428,1,M,East Midlands Region,70-80%,0-35,N
DDD_2014J_676138,1.0,0.054236263,0,F,Wales,10-20,0-35,N
FFF_2014J_512335,1.0,0.94458956,1,M,South West Region,70-80%,35-55,N
BBB_2014J_655547,0.0,0.17924269,0,F,Ireland,10-20,35-55,N
FFF_2013J_603059,0.0,0.14547993,0,M,Ireland,0-10%,0-35,N
GGG_2013J_2379431,1.0,0.23470058,0,F,London Region,40-50%,0-35,N
FFF_2014J_697192,1.0,0.9993443,1,M,Yorkshire Region,0-10%,0-35,N
FFF_2014J_614059,0.0,0.14324442,0,M,South Region,90-100%,35-55,Y
EEE_2013J_594199,0.0,0.03731127,0,M,South East Region,20-30%,0-35,Y
BBB_2013B_556887,0.0,0.36918885,0,F,South Region,90-100%,35-55,N
DDD_2013J_513349,1.0,0.02897018,0,F,East Midlands Region,90-100%,35-55,N
DDD_2014B_630774,0.0,0.23748173,0,M,Scotland,0-10%,0-35,N
GGG_2014J_694416,1.0,0.79525024,1,M,Wales,0-10%,0-35,Y
FFF_2013B_166421,0.0,0.1691805,0,M,South Region,50-60%,0-35,N
EEE_2013J_575318,1.0,0.5282529,1,M,North Western Region,0-10%,0-35,N
DDD_2013J_530270,1.0,0.9999,1,M,South Region,50-60%,0-35,N
BBB_2014J_689112,1.0,0.9945709,1,F,Ireland,20-30%,35-55,N
FFF_2013B_988019,1.0,0.115639605,0,F,London Region,20-30%,35-55,Y
FFF_2014J_647425,0.0,0.17510572,0,F,Wales,80-90%,35-55,N
FFF_2013J_160720,1.0,0.99779874,1,M,Wales,0-10%,0-35,N
BBB_2014B_2591974,0.0,0.22983308,0,F,North Western Region,70-80%,35-55,N
GGG_2014B_624906,0.0,0.2877201,0,M,South Region,30-40%,35-55,N
DDD_2014B_2686865,0.0,0.8787587,1,F,East Anglian Region,30-40%,0-35,Y
BBB_2013B_515130,1.0,0.99951386,1,F,Wales,90-100%,0-35,N
EEE_2014J_630106,0.0,0.031690072,0,M,East Anglian Region,40-50%,0-35,N
FFF_2013B_556970,1.0,0.99795794,1,M,South West Region,90-100%,0-35,N
BBB_2014J_404415,0.0,0.45573935,0,F,Yorkshire Region,0-10%,0-35,N
CCC_2014J_610537,1.0,0.98127526,1,M,North Western Region,50-60%,0-35,N
CCC_2014B_174807,1.0,0.998691,1,F,South West Region,20-30%,35-55,N
BBB_2013B_489251,0.0,0.31981167,0,F,South Region,90-100%,0-35,N
CCC_2014B_329673,0.0,0.6023839,1,M,North Region,10-20,35-55,N
FFF_2014J_555827,1.0,0.22569416,0,M,Yorkshire Region,10-20,0-35,N
CCC_2014J_284095,0.0,0.056893956,0,F,South West Region,90-100%,0-35,N
FFF_2013B_482071,0.0,0.23353958,0,M,South Region,80-90%,0-35,N
DDD_2014J_647968,1.0,0.99971384,1,M,North Western Region,0-10%,0-35,N
CCC_2014J_561476,0.0,0.33884838,0,M,East Anglian Region,70-80%,0-35,N
EEE_2013J_541040,1.0,0.1258689,0,M,East Midlands Region,0-10%,0-35,N
CCC_2014B_578850,0.0,0.38436002,0,M,West Midlands Region,10-20,0-35,N
CCC_2014B_626930,1.0,0.99972457,1,M,Wales,20-30%,0-35,N
FFF_2014B_626473,1.0,0.4975691,0,M,London Region,10-20,0-35,N
BBB_2013B_465599,0.0,0.35242963,0,F,Scotland,30-40%,35-55,N
BBB_2013J_587923,0.0,0.30157083,0,F,Scotland,70-80%,0-35,Y
BBB_2014B_238519,1.0,0.18164049,0,M,South Region,40-50%,0-35,N
DDD_2013B_434977,0.0,0.23548947,0,F,East Anglian Region,60-70%,0-35,N
CCC_2014B_541003,1.0,0.7501728,1,M,South Region,90-100%,0-35,N
FFF_2013B_435258,1.0,0.99973387,1,M,Ireland,10-20,35-55,N
BBB_2013J_572504,0.0,0.29253584,0,F,Yorkshire Region,10-20,0-35,N
GGG_2013J_606570,0.0,0.6265521,1,F,West Midlands Region,0-10%,35-55,N
FFF_2014B_630488,0.0,0.14896181,0,M,Ireland,10-20,0-35,N
GGG_2014B_515051,1.0,0.4194346,0,F,London Region,10-20,0-35,N
EEE_2014J_543931,0.0,0.058050793,0,M,North Western Region,40-50%,0-35,N
DDD_2014J_2494306,0.0,0.07124407,0,M,Wales,70-80%,35-55,N
BBB_2013B_350795,1.0,0.98843026,1,M,East Midlands Region,40-50%,35-55,N
BBB_2014J_2475591,0.0,0.20157513,0,F,Yorkshire Region,30-40%,35-55,N
FFF_2014B_537938,0.0,0.55465174,1,M,South West Region,50-60%,0-35,N
GGG_2013J_595908,0.0,0.20885655,0,F,London Region,40-50%,0-35,N
FFF_2013J_508627,1.0,0.91733223,1,M,North Western Region,30-40%,0-35,N
BBB_2014J_34431,1.0,0.9937022,1,F,Yorkshire Region,70-80%,0-35,N
BBB_2013B_523012,0.0,0.09219081,0,F,Scotland,60-70%,35-55,N
DDD_2014B_634108,1.0,0.99862957,1,F,West Midlands Region,40-50%,0-35,N
EEE_2014B_588274,0.0,0.03406658,0,M,West Midlands Region,70-80%,35-55,N
FFF_2013J_558484,0.0,0.052971557,0,M,South Region,90-100%,0-35,N
DDD_2014B_2416424,0.0,0.25985554,0,F,North Western Region,70-80%,0-35,N
GGG_2013J_2387566,1.0,0.43110728,0,F,North Western Region,30-40%,0-35,N
FFF_2013J_381414,1.0,0.9852144,1,M,South East Region,60-70%,0-35,N
FFF_2013J_584446,0.0,0.2961587,0,F,Ireland,0-10%,0-35,N
GGG_2013J_600895,0.0,0.41402596,0,M,London Region,80-90%,35-55,N
CCC_2014J_589223,1.0,0.772228,1,M,London Region,30-40%,0-35,N
BBB_2013J_2691566,1.0,0.50232655,1,F,North Region,0-10%,0-35,N
BBB_2014B_334023,0.0,0.23243095,0,F,South Region,70-80%,0-35,N
DDD_2013J_553280,0.0,0.10811182,0,F,South Region,50-60%,0-35,N
BBB_2014J_695035,1.0,0.9982185,1,M,Ireland,70-80%,0-35,N
FFF_2014B_606976,0.0,0.6283124,1,M,Ireland,90-100%,0-35,N
FFF_2013J_2366574,1.0,0.99970657,1,M,East Midlands Region,10-20,0-35,N
CCC_2014J_490313,1.0,0.63561326,1,M,East Anglian Region,50-60%,0-35,N
CCC_2014J_491926,1.0,0.9999813,1,M,Wales,10-20,35-55,Y
BBB_2014J_647803,0.0,0.13634232,0,F,Ireland,60-70%,0-35,N
BBB_2013B_541048,1.0,0.3476957,0,F,West Midlands Region,10-20,0-35,N
BBB_2014B_627228,1.0,0.99657404,1,F,East Anglian Region,50-60%,0-35,N
FFF_2013J_592259,0.0,0.20588362,0,M,Yorkshire Region,80-90%,0-35,N
DDD_2014B_622851,1.0,0.88801634,1,M,South West Region,0-10%,0-35,N
DDD_2013J_496373,1.0,0.9998252,1,F,Yorkshire Region,40-50%,0-35,N
FFF_2013J_243351,1.0,0.99969685,1,M,West Midlands Region,0-10%,0-35,N
CCC_2014J_509177,1.0,0.9979304,1,M,Yorkshire Region,20-30%,0-35,N
BBB_2014B_618265,1.0,0.9276817,1,F,Wales,70-80%,35-55,N
EEE_2014J_255449,1.0,0.9872869,1,M,Scotland,20-30%,0-35,N
FFF_2014J_692010,0.0,0.09573098,0,F,South East Region,90-100%,35-55,N
GGG_2014B_626751,1.0,0.9823339,1,M,Yorkshire Region,0-10%,0-35,N
DDD_2014J_683091,0.0,0.06416042,0,F,North Region,10-20,35-55,N
BBB_2013J_491279,0.0,0.35280767,0,F,Scotland,30-40%,35-55,Y
GGG_2014J_638503,1.0,0.597484,1,M,West Midlands Region,0-10%,0-35,N
DDD_2014J_605759,0.0,0.10749462,0,M,East Midlands Region,50-60%,0-35,N
CCC_2014J_582340,1.0,0.998787,1,M,North Region,10-20,0-35,N
BBB_2014B_283978,1.0,0.9990589,1,F,South West Region,20-30%,35-55,Y
EEE_2013J_388923,0.0,0.17565335,0,M,North Region,70-80%,35-55,N
CCC_2014B_595324,1.0,0.9998493,1,F,Scotland,60-70%,0-35,N
EEE_2013J_425714,1.0,0.6303196,1,M,South Region,10-20,0-35,N
DDD_2014B_634420,0.0,0.56105965,1,F,Ireland,0-10%,0-35,N
FFF_2013J_585454,1.0,0.9999894,1,M,West Midlands Region,10-20,0-35,N
FFF_2014J_569108,0.0,0.047933508,0,M,South East Region,70-80%,0-35,Y
DDD_2014J_425393,1.0,0.99477154,1,F,West Midlands Region,10-20,0-35,N
DDD_2013B_552327,1.0,0.97959363,1,M,South West Region,40-50%,0-35,N
BBB_2013J_2619107,0.0,0.0494209,0,F,Scotland,60-70%,0-35,N
GGG_2014J_650652,0.0,0.13169505,0,F,East Midlands Region,10-20,0-35,N
EEE_2013J_573662,0.0,0.09493889,0,M,London Region,60-70%,0-35,N
FFF_2014J_683912,1.0,0.9997764,1,F,South Region,0-10%,0-35,N
FFF_2013B_523841,1.0,0.71032894,1,M,Yorkshire Region,80-90%,0-35,N
FFF_2014B_599812,1.0,0.30728248,0,M,East Anglian Region,50-60%,0-35,N
DDD_2014J_544612,1.0,0.8147723,1,M,East Anglian Region,70-80%,0-35,N
FFF_2013J_2500149,0.0,0.06076423,0,M,Scotland,30-40%,35-55,N
FFF_2014J_687930,0.0,0.13430798,0,F,East Anglian Region,90-100%,35-55,N
BBB_2014J_689487,1.0,0.10142347,0,F,East Anglian Region,80-90%,0-35,N
EEE_2014J_554999,1.0,0.65448505,1,M,North Western Region,10-20,0-35,Y
FFF_2014J_630510,1.0,0.9999664,1,M,South East Region,20-30%,0-35,N
CCC_2014J_1773925,0.0,0.077092335,0,F,Wales,0-10%,35-55,N
FFF_2014J_683375,0.0,0.10135312,0,M,North Western Region,70-80%,0-35,N
FFF_2013J_586510,1.0,0.9899393,1,M,South Region,90-100%,0-35,N
DDD_2013J_574938,0.0,0.10565902,0,M,West Midlands Region,0-10%,0-35,N
EEE_2014J_581082,0.0,0.025496377,0,M,East Anglian Region,90-100%,0-35,N
CCC_2014J_296222,1.0,0.9994553,1,M,South East Region,80-90%,0-35,N
DDD_2013B_1945240,0.0,0.2157443,0,M,East Midlands Region,50-60%,0-35,N
FFF_2014J_1796402,0.0,0.19883811,0,F,Scotland,20-30%,35-55,N
EEE_2013J_596614,1.0,0.68075305,1,M,South Region,60-70%,0-35,N
EEE_2013J_588583,1.0,0.9916597,1,M,London Region,30-40%,0-35,N
DDD_2013J_434159,1.0,0.5551092,1,M,South Region,40-50%,0-35,N
CCC_2014B_2096918,1.0,0.99935025,1,M,South West Region,20-30%,35-55,N
GGG_2013J_598840,0.0,0.25675613,0,M,East Anglian Region,40-50%,35-55,N
GGG_2013J_596143,0.0,0.29026294,0,F,North Western Region,20-30%,0-35,N
CCC_2014B_69703,0.0,0.32913536,0,M,Yorkshire Region,20-30%,0-35,N
EEE_2013J_572658,1.0,0.9980027,1,M,North Region,0-10%,35-55,N
BBB_2014B_597321,1.0,0.99743325,1,F,North Western Region,0-10%,0-35,N
BBB_2013B_548834,0.0,0.08913124,0,F,South West Region,60-70%,35-55,N
BBB_2014J_656915,0.0,0.04589749,0,F,Scotland,60-70%,0-35,N
CCC_2014J_467381,1.0,0.99910104,1,M,West Midlands Region,0-10%,0-35,N
DDD_2013J_311877,1.0,0.8094292,1,F,South West Region,10-20,0-35,N
DDD_2014B_627879,0.0,0.41511017,0,M,South West Region,60-70%,0-35,N
BBB_2014J_559973,1.0,0.27158338,0,F,East Anglian Region,0-10%,0-35,N
BBB_2013J_609307,0.0,0.25428182,0,F,South East Region,10-20,0-35,N
FFF_2014J_650054,1.0,0.18415904,0,F,London Region,20-30%,0-35,N
EEE_2013J_612191,1.0,0.5701106,1,M,Scotland,10-20,35-55,N
DDD_2013J_378825,0.0,0.30136287,0,M,South West Region,20-30%,0-35,N
DDD_2013B_558610,1.0,0.39121976,0,F,Scotland,0-10%,0-35,N
BBB_2013J_574549,0.0,0.28049305,0,F,Scotland,0-10%,0-35,N
DDD_2014J_1811098,1.0,0.9995882,1,M,West Midlands Region,60-70%,55<=,N
FFF_2014J_681490,0.0,0.013657053,0,M,Yorkshire Region,70-80%,0-35,N
CCC_2014B_627636,1.0,0.99963117,1,M,East Midlands Region,80-90%,0-35,N
DDD_2013J_1530521,0.0,0.4520476,0,M,East Midlands Region,80-90%,35-55,N
DDD_2014J_649214,0.0,0.12965032,0,M,Scotland,10-20,35-55,Y
BBB_2014J_687004,1.0,0.97992605,1,F,West Midlands Region,0-10%,0-35,N
FFF_2014J_674387,0.0,0.08857831,0,M,North Western Region,30-40%,35-55,N
FFF_2014B_77845,1.0,0.43428862,0,M,East Midlands Region,30-40%,0-35,N
BBB_2013J_282038,1.0,0.9996375,1,F,North Western Region,70-80%,0-35,N
CCC_2014B_504057,1.0,0.79613084,1,F,North Region,20-30%,0-35,Y
GGG_2013J_571334,0.0,0.17614225,0,F,West Midlands Region,90-100%,35-55,N
CCC_2014J_507031,1.0,0.847479,1,M,Scotland,90-100%,35-55,N
BBB_2013J_2313615,1.0,0.9954853,1,F,South East Region,0-10%,0-35,N
FFF_2014J_596693,1.0,0.999798,1,M,West Midlands Region,0-10%,0-35,N
BBB_2013B_133748,1.0,0.31805634,0,F,Scotland,0-10%,35-55,N
BBB_2014J_648589,1.0,0.99961627,1,F,North Western Region,0-10%,35-55,N
BBB_2014J_561773,1.0,0.9997533,1,F,North Western Region,50-60%,35-55,N
DDD_2013J_600842,1.0,0.9966517,1,M,North Western Region,30-40%,0-35,N
FFF_2014B_571316,0.0,0.29088947,0,F,South Region,50-60%,0-35,Y
BBB_2014J_595365,0.0,0.2956113,0,F,South East Region,40-50%,0-35,N
EEE_2014B_630635,0.0,0.40802893,0,M,London Region,0-10%,35-55,N
GGG_2013J_582309,1.0,0.4543385,0,M,South Region,90-100%,0-35,N
BBB_2014B_231959,1.0,0.70629036,1,F,North Region,20-30%,35-55,N
DDD_2013J_2588655,1.0,0.51928777,1,M,Scotland,50-60%,0-35,N
DDD_2013B_531202,0.0,0.10061804,0,M,East Midlands Region,70-80%,0-35,N
GGG_2013J_607827,1.0,0.31322172,0,M,North Western Region,50-60%,35-55,N
BBB_2013J_605916,0.0,0.30538824,0,F,South Region,10-20,35-55,N
DDD_2013J_491110,1.0,0.12767966,0,F,West Midlands Region,60-70%,0-35,N
CCC_2014B_599857,0.0,0.34917966,0,M,Scotland,20-30%,35-55,N
DDD_2013J_478238,0.0,0.77727014,1,F,East Anglian Region,90-100%,0-35,N
GGG_2014J_651628,0.0,0.17253518,0,F,South Region,40-50%,0-35,Y
FFF_2014B_391114,0.0,0.10642811,0,M,South East Region,30-40%,0-35,N
CCC_2014J_604379,1.0,0.9998454,1,M,East Anglian Region,20-30%,0-35,N
CCC_2014J_1564630,0.0,0.33358413,0,F,East Midlands Region,80-90%,35-55,N
BBB_2013J_329192,0.0,0.04608597,0,F,South West Region,50-60%,35-55,N
GGG_2013J_589395,0.0,0.29857928,0,M,North Region,30-40%,0-35,Y
GGG_2013J_606869,0.0,0.2199315,0,F,East Midlands Region,70-80%,35-55,N
BBB_2013J_2072166,1.0,0.79064816,1,F,South Region,0-10%,0-35,Y
FFF_2014J_443696,1.0,0.51542914,1,F,London Region,80-90%,0-35,N
DDD_2013B_87107,0.0,0.41746402,0,F,South West Region,70-80%,0-35,N
FFF_2014B_412387,1.0,0.8595907,1,F,South East Region,10-20,0-35,Y
BBB_2014J_648820,1.0,0.99998426,1,F,East Anglian Region,70-80%,0-35,N
FFF_2013J_2641236,1.0,0.9877652,1,F,Wales,0-10%,0-35,N
DDD_2014J_676373,1.0,0.5980874,1,F,West Midlands Region,90-100%,0-35,N
GGG_2014J_655201,1.0,0.40842226,0,F,Yorkshire Region,0-10%,0-35,N
DDD_2013J_590951,1.0,0.73389006,1,F,South West Region,0-10%,0-35,N
CCC_2014B_634083,1.0,0.9982185,1,M,South West Region,70-80%,0-35,N
FFF_2014B_630854,0.0,0.47378093,0,M,London Region,60-70%,0-35,N
BBB_2014B_599161,1.0,0.23347403,0,F,Scotland,70-80%,35-55,N
FFF_2014B_2659650,0.0,0.053847857,0,F,North Western Region,10-20,35-55,N
DDD_2014B_228272,0.0,0.42949656,0,F,South Region,30-40%,0-35,N
CCC_2014J_627290,1.0,0.90754706,1,M,South East Region,80-90%,0-35,N
BBB_2014B_627549,0.0,0.08507395,0,F,South East Region,60-70%,0-35,N
DDD_2013B_473008,0.0,0.48260415,0,F,Ireland,0-10%,0-35,N
DDD_2014J_627416,1.0,0.74446404,1,F,South West Region,50-60%,0-35,N
DDD_2014B_602365,0.0,0.42030492,0,M,West Midlands Region,30-40%,0-35,N
BBB_2014J_655829,1.0,0.99625164,1,F,Wales,0-10%,0-35,N
CCC_2014J_573481,1.0,0.9975096,1,M,South West Region,10-20,0-35,N
AAA_2014J_228021,0.0,0.06930694,0,M,Scotland,40-50%,35-55,N
EEE_2013J_601370,1.0,0.99913555,1,F,London Region,60-70%,35-55,N
DDD_2013J_580595,1.0,0.9998838,1,M,East Anglian Region,40-50%,35-55,N
BBB_2014J_379720,0.0,0.78321755,1,F,East Midlands Region,10-20,0-35,Y
BBB_2013J_593685,0.0,0.2575134,0,F,Ireland,60-70%,35-55,N
CCC_2014J_677006,0.0,0.022422597,0,M,Wales,90-100%,0-35,N
DDD_2013B_532988,1.0,0.93451566,1,M,South West Region,70-80%,0-35,N
EEE_2013J_2389754,0.0,0.35943028,0,M,North Region,10-20,35-55,N
CCC_2014B_552441,0.0,0.417914,0,F,Yorkshire Region,0-10%,0-35,N
BBB_2014J_651257,0.0,0.07483356,0,F,Wales,20-30%,35-55,N
BBB_2014J_683618,0.0,0.040510237,0,F,Scotland,50-60%,35-55,N
DDD_2013J_526242,0.0,0.15728886,0,F,South West Region,40-50%,0-35,N
BBB_2013J_580540,0.0,0.24522334,0,F,South East Region,10-20,0-35,Y
BBB_2013J_608264,0.0,0.21809219,0,F,South West Region,50-60%,0-35,N
EEE_2013J_392994,0.0,0.021172721,0,M,South West Region,70-80%,35-55,N
FFF_2013B_276314,1.0,0.968759,1,F,London Region,30-40%,0-35,N
BBB_2013B_427773,0.0,0.2022055,0,F,London Region,80-90%,0-35,N
CCC_2014B_1906919,0.0,0.6030064,1,M,North Western Region,0-10%,35-55,N
AAA_2013J_580389,0.0,0.16967662,0,M,Ireland,90-100%,0-35,N
BBB_2014J_84541,1.0,0.56912756,1,F,North Region,10-20,0-35,N
BBB_2014J_650961,1.0,0.68556076,1,F,West Midlands Region,50-60%,0-35,N
DDD_2014J_483343,1.0,0.99998546,1,F,South West Region,30-40%,0-35,N
FFF_2014J_647245,1.0,0.99998987,1,M,London Region,20-30%,0-35,N
FFF_2013B_549369,0.0,0.73050725,1,M,West Midlands Region,20-30%,0-35,N
FFF_2013J_597238,1.0,0.15719667,0,F,South East Region,10-20,0-35,Y
DDD_2013B_550064,0.0,0.18009554,0,M,East Midlands Region,50-60%,0-35,N
FFF_2014J_695090,0.0,0.2736232,0,M,West Midlands Region,20-30%,0-35,N
GGG_2014B_623233,1.0,0.9346581,1,F,South East Region,90-100%,0-35,N
BBB_2014B_619207,1.0,0.9890015,1,F,East Anglian Region,10-20,0-35,N
BBB_2013B_546685,0.0,0.048933115,0,F,Wales,30-40%,0-35,N
BBB_2014J_694983,0.0,0.21600483,0,F,West Midlands Region,90-100%,35-55,N
FFF_2013B_522023,1.0,0.77439326,1,F,Scotland,10-20,0-35,N
FFF_2014J_634749,0.0,0.05007142,0,M,South East Region,80-90%,35-55,N
BBB_2013J_560567,0.0,0.4644804,0,F,West Midlands Region,20-30%,0-35,N
DDD_2013J_77241,1.0,0.44829798,0,M,West Midlands Region,30-40%,35-55,N
FFF_2013J_58640,0.0,0.3874126,0,M,Scotland,50-60%,0-35,Y
EEE_2013J_578654,1.0,0.66421944,1,M,Yorkshire Region,30-40%,0-35,N
FFF_2013J_304240,0.0,0.26047537,0,M,South East Region,80-90%,0-35,N
BBB_2013B_360188,0.0,0.09848562,0,F,South West Region,50-60%,0-35,N
EEE_2013J_431014,1.0,0.11116456,0,M,East Anglian Region,50-60%,0-35,N
BBB_2014J_674616,1.0,0.78885907,1,F,Yorkshire Region,70-80%,0-35,N
EEE_2014J_299707,0.0,0.09092123,0,F,East Midlands Region,50-60%,0-35,Y
FFF_2013J_553427,0.0,0.22259334,0,M,North Western Region,0-10%,0-35,N
FFF_2013B_539401,1.0,0.5388275,1,M,London Region,20-30%,35-55,N
GGG_2013J_324095,0.0,0.47633934,0,F,London Region,0-10%,0-35,N
FFF_2014J_634114,1.0,0.5959433,1,M,Scotland,0-10%,0-35,Y
FFF_2013B_537980,0.0,0.35057402,0,M,Scotland,10-20,0-35,N
FFF_2013B_371810,1.0,0.9998939,1,M,Wales,0-10%,35-55,N
BBB_2014B_613586,1.0,0.9840173,1,F,East Anglian Region,90-100%,35-55,N
BBB_2014B_484351,1.0,0.9997316,1,F,West Midlands Region,0-10%,0-35,N
FFF_2013B_49095,1.0,0.9995629,1,F,South West Region,40-50%,0-35,N
DDD_2013B_535831,0.0,0.0898347,0,F,East Midlands Region,20-30%,0-35,N
CCC_2014J_599176,0.0,0.049278446,0,M,Wales,90-100%,0-35,N
FFF_2014B_626403,1.0,0.99399084,1,M,Wales,10-20,0-35,N
DDD_2013B_483818,0.0,0.25811067,0,F,South Region,60-70%,0-35,N
BBB_2013B_527886,0.0,0.062648326,0,F,North Western Region,40-50%,0-35,N
AAA_2014J_409100,0.0,0.11011517,0,M,South East Region,80-90%,35-55,N
GGG_2014B_617889,1.0,0.42788008,0,F,South West Region,30-40%,0-35,N
DDD_2013J_2411981,1.0,0.9999901,1,M,Wales,20-30%,0-35,N
FFF_2014J_653417,0.0,0.16068818,0,M,London Region,70-80%,0-35,N
DDD_2013J_598650,1.0,0.99625164,1,F,Yorkshire Region,0-10%,0-35,N
CCC_2014J_622812,0.0,0.13935047,0,M,East Midlands Region,70-80%,0-35,Y
BBB_2014B_492895,1.0,0.024222156,0,F,North Western Region,60-70%,35-55,N
FFF_2013B_33915,0.0,0.096018,0,F,South East Region,30-40%,0-35,N
BBB_2014B_626442,1.0,0.7838288,1,F,South Region,70-80%,0-35,N
EEE_2014B_573665,1.0,0.997074,1,M,South Region,70-80%,0-35,N
DDD_2013J_442589,0.0,0.31913936,0,F,London Region,30-40%,0-35,N
FFF_2013J_560727,0.0,0.14699148,0,F,East Anglian Region,50-60%,35-55,N
BBB_2014J_565576,0.0,0.10551644,0,F,North Western Region,80-90%,35-55,N
EEE_2014J_652894,1.0,0.37780225,0,M,North Region,30-40%,0-35,N
GGG_2014B_203963,0.0,0.58827615,1,F,London Region,80-90%,35-55,N
CCC_2014J_261160,1.0,0.30244055,0,F,Wales,20-30%,35-55,N
DDD_2014J_642222,1.0,0.9999654,1,F,North Region,10-20,35-55,N
FFF_2014J_1658963,0.0,0.33975667,0,M,East Anglian Region,70-80%,35-55,N
EEE_2014J_1797068,0.0,0.06138812,0,M,South Region,60-70%,35-55,N
AAA_2013J_2562034,0.0,0.8102623,1,M,East Anglian Region,70-80%,0-35,N
DDD_2014B_1049036,0.0,0.18172696,0,M,North Western Region,30-40%,35-55,N
FFF_2014J_649806,1.0,0.22759369,0,M,Yorkshire Region,70-80%,0-35,N
DDD_2013J_582879,0.0,0.14048436,0,M,East Anglian Region,40-50%,35-55,N
FFF_2014J_619321,0.0,0.19478396,0,M,West Midlands Region,60-70%,0-35,N
BBB_2013J_598709,0.0,0.2742841,0,F,Yorkshire Region,20-30%,0-35,N
CCC_2014J_257887,0.0,0.21057945,0,M,Ireland,0-10%,0-35,N
BBB_2014J_615016,1.0,0.9992969,1,F,South East Region,20-30%,35-55,N
FFF_2013J_387941,1.0,0.9884824,1,M,East Anglian Region,40-50%,0-35,N
DDD_2013J_477161,1.0,0.17583959,0,M,North Western Region,20-30%,0-35,N
DDD_2013J_2039190,0.0,0.03608613,0,F,North Region,10-20,35-55,N
GGG_2014B_624099,1.0,0.8469956,1,F,Yorkshire Region,20-30%,35-55,N
CCC_2014B_535047,0.0,0.5532176,1,M,South East Region,30-40%,0-35,N
BBB_2013B_557032,0.0,0.05687421,0,F,East Anglian Region,80-90%,35-55,N
CCC_2014J_630905,0.0,0.007871522,0,M,Wales,50-60%,0-35,N
BBB_2013J_369986,0.0,0.3635391,0,F,Wales,90-100%,35-55,N
CCC_2014J_1634278,1.0,0.8700047,1,M,Yorkshire Region,80-90%,35-55,N
FFF_2013B_553240,1.0,0.9968694,1,F,North Western Region,20-30%,0-35,N
GGG_2013J_135331,1.0,0.6803143,1,F,North Region,20-30%,0-35,Y
BBB_2014J_593346,0.0,0.17147475,0,F,North Western Region,0-10%,35-55,N
DDD_2014B_633510,1.0,0.97335887,1,F,London Region,30-40%,0-35,N
BBB_2013J_2579817,1.0,0.99464685,1,F,London Region,30-40%,35-55,N
BBB_2014J_649189,0.0,0.02854123,0,F,Yorkshire Region,20-30%,35-55,N
BBB_2013B_541231,1.0,0.07196226,0,F,West Midlands Region,20-30%,0-35,N
BBB_2013B_446856,1.0,0.4190087,0,F,Ireland,70-80%,35-55,N
DDD_2013J_605941,0.0,0.25158074,0,F,South West Region,50-60%,0-35,Y
GGG_2013J_383420,1.0,0.9979746,1,M,North Region,0-10%,0-35,Y
DDD_2014J_679777,0.0,0.083017595,0,M,West Midlands Region,30-40%,0-35,N
CCC_2014J_584553,1.0,0.34438747,0,M,North Western Region,50-60%,35-55,N
BBB_2014B_632040,1.0,0.9998566,1,F,South Region,60-70%,0-35,N
DDD_2013J_379023,1.0,0.3243098,0,F,East Midlands Region,70-80%,35-55,N
DDD_2013J_608630,1.0,0.97254014,1,M,Yorkshire Region,0-10%,0-35,N
BBB_2014B_603348,1.0,0.9968675,1,F,South Region,40-50%,0-35,N
DDD_2014J_599877,1.0,0.99992764,1,M,London Region,40-50%,0-35,N
BBB_2013J_532335,0.0,0.24857922,0,F,South Region,70-80%,0-35,N
GGG_2014B_550515,0.0,0.4133519,0,F,East Midlands Region,10-20,0-35,N
FFF_2013B_2445410,0.0,0.117737226,0,F,North Region,10-20,35-55,N
BBB_2013B_386348,0.0,0.3588862,0,M,East Midlands Region,20-30%,35-55,Y
DDD_2013B_499246,0.0,0.7699306,1,F,South West Region,50-60%,0-35,Y
DDD_2013J_540806,0.0,0.047398586,0,F,East Anglian Region,80-90%,35-55,N
BBB_2014J_601930,1.0,0.24673012,0,F,West Midlands Region,0-10%,0-35,N
BBB_2014J_398071,1.0,0.9958061,1,F,Yorkshire Region,60-70%,0-35,N
BBB_2014B_584632,1.0,0.999793,1,F,West Midlands Region,0-10%,35-55,N
BBB_2013J_2473780,0.0,0.022707598,0,F,Scotland,20-30%,0-35,N
BBB_2013J_339608,0.0,0.47248828,0,F,East Anglian Region,70-80%,35-55,N
FFF_2013J_574232,1.0,0.99995375,1,M,London Region,70-80%,0-35,N
AAA_2013J_236284,0.0,0.23154502,0,M,Scotland,90-100%,0-35,N
CCC_2014B_528066,0.0,0.5648648,1,M,Ireland,70-80%,35-55,N
BBB_2013B_496674,1.0,0.82185984,1,F,East Midlands Region,60-70%,0-35,N
GGG_2013J_545313,1.0,0.63064253,1,F,South East Region,40-50%,35-55,Y
CCC_2014J_571962,1.0,0.48811582,0,M,Ireland,0-10%,35-55,N
BBB_2013J_512940,0.0,0.12746544,0,F,Wales,30-40%,0-35,N
FFF_2013B_553727,1.0,0.20844541,0,M,East Midlands Region,50-60%,0-35,N
FFF_2014J_278380,0.0,0.4018268,0,M,North Region,60-70%,0-35,N
FFF_2014J_607533,1.0,0.9965389,1,F,South West Region,10-20,0-35,N
BBB_2013B_520230,1.0,0.9949999,1,F,South Region,30-40%,35-55,N
DDD_2013J_544594,0.0,0.08730562,0,M,London Region,90-100%,0-35,N
FFF_2014B_551636,1.0,0.9992487,1,M,North Western Region,50-60%,0-35,N
BBB_2013B_543199,1.0,0.9966029,1,F,West Midlands Region,10-20,0-35,N
FFF_2013B_269593,1.0,0.8688864,1,M,South West Region,80-90%,0-35,N
BBB_2014J_579486,1.0,0.90696657,1,M,East Anglian Region,20-30%,35-55,N
CCC_2014J_585098,0.0,0.051971894,0,M,West Midlands Region,90-100%,0-35,N
BBB_2013B_478444,0.0,0.35568538,0,F,South Region,90-100%,35-55,N
FFF_2014B_623433,0.0,0.45191523,0,F,East Midlands Region,90-100%,0-35,N
BBB_2013J_320757,0.0,0.2276555,0,M,Scotland,90-100%,0-35,N
CCC_2014J_565605,0.0,0.1701898,0,F,Scotland,40-50%,35-55,N
DDD_2014B_533012,1.0,0.9914653,1,M,Scotland,50-60%,35-55,N
FFF_2014J_265497,0.0,0.077414945,0,M,North Western Region,0-10%,0-35,N
CCC_2014J_2326041,1.0,0.99498886,1,M,Yorkshire Region,70-80%,0-35,N
GGG_2013J_587161,0.0,0.16153832,0,F,South West Region,20-30%,0-35,N
EEE_2013J_588502,0.0,0.072878666,0,M,East Midlands Region,10-20,0-35,N
BBB_2013B_2302925,1.0,0.057860278,0,F,East Anglian Region,70-80%,35-55,N
DDD_2013J_120999,0.0,0.4755505,0,M,East Anglian Region,80-90%,0-35,N
DDD_2013B_192196,0.0,0.3618096,0,M,London Region,40-50%,35-55,N
BBB_2013B_226827,0.0,0.06073302,0,F,South East Region,40-50%,0-35,N
FFF_2013J_573280,1.0,0.2660142,0,M,East Midlands Region,80-90%,0-35,N
BBB_2014J_655230,1.0,0.68126845,1,F,East Midlands Region,20-30%,0-35,N
FFF_2013J_514913,1.0,0.9819437,1,M,Yorkshire Region,20-30%,0-35,Y
DDD_2013J_371362,1.0,0.978572,1,F,South West Region,0-10%,0-35,N
CCC_2014B_2668550,1.0,0.9809955,1,F,East Midlands Region,30-40%,35-55,N
FFF_2014J_322499,1.0,0.1093896,0,M,Scotland,90-100%,0-35,N
BBB_2013B_386957,1.0,0.9959651,1,F,Wales,10-20,0-35,N
DDD_2014B_556170,1.0,0.99938583,1,M,Yorkshire Region,40-50%,0-35,N
BBB_2014B_596533,0.0,0.20811707,0,F,Yorkshire Region,20-30%,0-35,N
BBB_2013J_610700,1.0,0.4467358,0,F,South West Region,60-70%,0-35,N
FFF_2013J_597485,0.0,0.49343243,0,M,Ireland,80-90%,0-35,N
CCC_2014J_504363,0.0,0.100200154,0,M,London Region,10-20,0-35,N
DDD_2013J_504596,1.0,0.09327354,0,M,Wales,50-60%,35-55,N
DDD_2013J_2404530,1.0,0.99102545,1,M,Scotland,30-40%,0-35,N
CCC_2014J_545118,1.0,0.90340364,1,M,North Western Region,0-10%,0-35,N
FFF_2014J_276337,1.0,0.76494104,1,M,South Region,90-100%,0-35,Y
BBB_2014J_267774,1.0,0.9489091,1,F,Scotland,40-50%,0-35,N
FFF_2014J_340831,1.0,0.9796815,1,M,West Midlands Region,30-40%,35-55,N
BBB_2013B_550428,1.0,0.08916582,0,F,East Midlands Region,80-90%,35-55,N
BBB_2014B_633472,0.0,0.08087781,0,M,Wales,90-100%,0-35,N
BBB_2013J_1467014,0.0,0.034027077,0,M,Wales,70-80%,35-55,N
DDD_2013J_485734,1.0,0.10071765,0,M,Wales,70-80%,35-55,N
DDD_2013J_602986,1.0,0.9981647,1,M,Scotland,90-100%,35-55,N
CCC_2014J_610643,0.0,0.31045654,0,M,South East Region,60-70%,35-55,N
BBB_2013J_596820,1.0,0.99787366,1,M,Yorkshire Region,0-10%,35-55,N
GGG_2013J_582697,0.0,0.48530206,0,F,London Region,20-30%,0-35,N
EEE_2014J_344740,0.0,0.048929445,0,M,London Region,60-70%,35-55,N
GGG_2014J_627809,1.0,0.9544635,1,F,East Anglian Region,20-30%,0-35,N
CCC_2014B_571992,1.0,0.99768555,1,M,London Region,10-20,0-35,N
FFF_2013J_592631,0.0,0.047414415,0,F,Scotland,40-50%,0-35,N
DDD_2013B_538131,1.0,0.7110656,1,M,North Region,10-20,55<=,N
BBB_2014J_649444,1.0,0.997317,1,F,Yorkshire Region,60-70%,35-55,N
DDD_2014J_696937,1.0,0.6226184,1,M,South West Region,20-30%,0-35,N
CCC_2014J_1817515,1.0,0.040787693,0,M,London Region,30-40%,35-55,N
FFF_2014J_496493,1.0,0.53637224,1,F,Scotland,20-30%,0-35,Y
FFF_2013J_487002,1.0,0.9999944,1,F,South East Region,20-30%,0-35,N
DDD_2013B_179892,0.0,0.16509105,0,F,London Region,10-20,0-35,N
BBB_2013J_610744,1.0,0.99523157,1,F,Wales,80-90%,0-35,N
BBB_2013B_229426,0.0,0.35157642,0,F,West Midlands Region,20-30%,0-35,N
FFF_2014B_617382,0.0,0.1348593,0,M,Scotland,10-20,0-35,N
CCC_2014B_623780,1.0,0.81002855,1,M,Scotland,70-80%,0-35,N
CCC_2014J_411549,0.0,0.32442844,0,F,London Region,30-40%,0-35,N
GGG_2014B_626708,0.0,0.5215096,1,F,South West Region,60-70%,35-55,N
EEE_2013J_557415,0.0,0.11461508,0,M,South West Region,40-50%,0-35,N
GGG_2014J_677463,0.0,0.45909813,0,F,London Region,40-50%,0-35,N
BBB_2014B_534143,1.0,0.40839574,0,F,West Midlands Region,70-80%,0-35,N
DDD_2014J_686838,1.0,0.9514882,1,M,Scotland,30-40%,0-35,N
DDD_2013J_568741,1.0,0.41123134,0,F,South Region,50-60%,35-55,N
FFF_2013J_2611986,1.0,0.9941573,1,M,Scotland,70-80%,35-55,N
EEE_2014B_582094,1.0,0.066148885,0,M,Wales,90-100%,0-35,N
BBB_2014J_642595,0.0,0.06173287,0,F,South Region,70-80%,35-55,N
FFF_2014J_689498,1.0,0.9701581,1,M,North Region,0-10%,0-35,N
BBB_2013B_513315,0.0,0.68213314,1,F,North Western Region,10-20,0-35,N
FFF_2014B_632848,0.0,0.8641766,1,M,East Midlands Region,10-20,35-55,N
BBB_2014J_599232,1.0,0.99572504,1,F,South West Region,50-60%,35-55,N
FFF_2014J_235768,0.0,0.059436034,0,M,South West Region,60-70%,35-55,N
BBB_2014B_591309,1.0,0.9999763,1,F,North Western Region,0-10%,0-35,N
DDD_2014J_46016,1.0,0.5689359,1,M,North Western Region,40-50%,0-35,N
BBB_2013J_578739,1.0,0.99146336,1,F,West Midlands Region,20-30%,0-35,N
FFF_2013J_598761,0.0,0.03435873,0,F,South Region,70-80%,0-35,N
BBB_2013B_481143,1.0,0.46253204,0,F,North Western Region,40-50%,0-35,N
BBB_2014J_629053,0.0,0.105357595,0,F,London Region,50-60%,35-55,N
DDD_2013J_494667,0.0,0.17868175,0,M,East Anglian Region,40-50%,35-55,N
DDD_2013J_505561,1.0,0.19938694,0,F,East Midlands Region,50-60%,0-35,Y
BBB_2013B_2649947,0.0,0.6913104,1,F,London Region,20-30%,0-35,N
FFF_2013J_2379512,0.0,0.26890197,0,M,East Anglian Region,20-30%,0-35,N
EEE_2014J_646109,1.0,0.3734454,0,M,North Western Region,0-10%,0-35,N
CCC_2014B_539784,0.0,0.12960047,0,M,London Region,90-100%,0-35,N
GGG_2013J_596376,0.0,0.19676045,0,F,North Western Region,50-60%,0-35,N
BBB_2013J_576098,1.0,0.99980754,1,F,East Midlands Region,30-40%,0-35,N
BBB_2014B_555994,1.0,0.5999572,1,M,London Region,40-50%,0-35,N
FFF_2013B_371787,0.0,0.21153618,0,F,Ireland,0-10%,0-35,N
BBB_2013J_540682,0.0,0.11999211,0,F,South East Region,50-60%,0-35,N
BBB_2014B_621890,1.0,0.99968946,1,F,West Midlands Region,40-50%,35-55,N
DDD_2014J_69239,1.0,0.998302,1,F,East Midlands Region,50-60%,0-35,Y
FFF_2013B_531397,1.0,0.74627846,1,F,South East Region,0-10%,0-35,N
DDD_2014B_623826,0.0,0.11088055,0,M,South Region,90-100%,0-35,N
DDD_2013J_504234,0.0,0.09439982,0,F,London Region,10-20,0-35,N
BBB_2014B_356386,1.0,0.8672599,1,F,South West Region,20-30%,0-35,Y
CCC_2014B_578189,0.0,0.46637443,0,F,West Midlands Region,40-50%,35-55,N
DDD_2014J_409120,1.0,0.4308084,0,F,London Region,20-30%,0-35,Y
FFF_2014B_616794,1.0,0.65944016,1,M,Scotland,0-10%,35-55,N
BBB_2014J_689274,0.0,0.16746804,0,F,Ireland,70-80%,35-55,N
CCC_2014J_589956,0.0,0.54905313,1,M,South Region,90-100%,35-55,N
FFF_2013B_405219,0.0,0.084531896,0,F,South East Region,80-90%,35-55,N
CCC_2014J_625100,1.0,0.66887003,1,F,West Midlands Region,10-20,35-55,N
BBB_2013B_425747,1.0,0.99817276,1,F,London Region,30-40%,0-35,N
DDD_2014B_165178,1.0,0.43636218,0,F,West Midlands Region,40-50%,0-35,N
DDD_2014B_576869,1.0,0.99983907,1,F,Yorkshire Region,50-60%,0-35,N
BBB_2013J_607398,1.0,0.22292033,0,F,South East Region,10-20,35-55,N
BBB_2014J_623042,1.0,0.33276406,0,F,West Midlands Region,0-10%,0-35,N
DDD_2014J_2106468,1.0,0.99969125,1,M,Scotland,40-50%,35-55,N
CCC_2014J_592372,1.0,0.61633927,1,M,Yorkshire Region,20-30%,35-55,N
DDD_2013B_160005,0.0,0.059995044,0,F,Scotland,10-20,35-55,N
DDD_2013B_345257,1.0,0.51830226,1,M,West Midlands Region,50-60%,0-35,N
GGG_2014B_633448,1.0,0.42974418,0,F,Yorkshire Region,10-20,0-35,N
FFF_2013B_559423,0.0,0.15566868,0,M,East Anglian Region,60-70%,35-55,N
AAA_2014J_1183831,1.0,0.12622456,0,M,South West Region,70-80%,55<=,N
GGG_2014B_628870,0.0,0.23934157,0,M,East Anglian Region,90-100%,0-35,Y
EEE_2014J_2211797,0.0,0.08446158,0,M,Scotland,80-90%,0-35,N
BBB_2014B_486994,0.0,0.027931118,0,F,East Anglian Region,80-90%,0-35,N
DDD_2013J_584077,1.0,0.9443472,1,M,North Western Region,20-30%,0-35,N
DDD_2014J_145578,1.0,0.53528094,1,F,Scotland,80-90%,0-35,N
GGG_2013J_574642,1.0,0.51692474,1,F,West Midlands Region,0-10%,35-55,N
GGG_2013J_587004,0.0,0.08141427,0,F,East Anglian Region,50-60%,0-35,N
DDD_2013B_400451,1.0,0.6784753,1,M,Yorkshire Region,10-20,35-55,N
BBB_2013J_84812,0.0,0.050981108,0,F,East Anglian Region,80-90%,0-35,N
GGG_2013J_557031,1.0,0.52632505,1,F,South Region,50-60%,0-35,N
BBB_2013J_590667,0.0,0.24019454,0,F,West Midlands Region,30-40%,0-35,N
BBB_2014J_642075,1.0,0.9851621,1,M,Wales,0-10%,0-35,N
BBB_2013J_587722,0.0,0.09146492,0,M,Scotland,20-30%,35-55,N
FFF_2013J_572076,1.0,0.18863438,0,M,Scotland,20-30%,0-35,N
FFF_2014J_642013,1.0,0.9997986,1,F,South East Region,60-70%,35-55,N
EEE_2014J_685370,0.0,0.09221643,0,M,South East Region,60-70%,0-35,N
BBB_2014B_630090,1.0,0.36502638,0,F,Wales,60-70%,0-35,Y
AAA_2014J_406682,0.0,0.11185434,0,M,South East Region,70-80%,55<=,N
FFF_2014J_674671,0.0,0.27863073,0,M,East Anglian Region,20-30%,0-35,N
GGG_2014J_677066,0.0,0.31960958,0,F,South East Region,90-100%,35-55,Y
GGG_2013J_586689,0.0,0.26855138,0,F,South East Region,40-50%,35-55,N
DDD_2013J_34653,1.0,0.74275655,1,M,East Midlands Region,30-40%,0-35,N
BBB_2013B_549009,1.0,0.9348475,1,F,London Region,10-20,0-35,N
FFF_2014J_537606,1.0,0.29792807,0,F,London Region,60-70%,0-35,N
GGG_2014B_630169,1.0,0.95978737,1,F,North Western Region,0-10%,35-55,Y
GGG_2014J_674568,0.0,0.20513266,0,F,East Anglian Region,30-40%,35-55,Y
DDD_2013B_557826,1.0,0.7803508,1,M,East Anglian Region,50-60%,0-35,Y
CCC_2014B_479714,1.0,0.99979,1,M,Yorkshire Region,60-70%,0-35,N
DDD_2014B_492537,0.0,0.80640286,1,M,London Region,70-80%,0-35,Y
BBB_2013B_495324,1.0,0.9993259,1,F,East Anglian Region,10-20,35-55,N
GGG_2013J_481404,0.0,0.18533604,0,M,North Western Region,0-10%,35-55,Y
CCC_2014B_612822,1.0,0.99967253,1,M,North Western Region,0-10%,0-35,N
DDD_2013J_2462628,0.0,0.09406449,0,M,South East Region,50-60%,35-55,N
EEE_2014J_684967,1.0,0.04458171,0,M,Scotland,10-20,0-35,N
DDD_2014J_2471812,1.0,0.99985456,1,F,Scotland,90-100%,0-35,N
DDD_2014J_487556,0.0,0.564736,1,M,East Midlands Region,90-100%,0-35,N
BBB_2014B_563986,1.0,0.35597652,0,F,North Western Region,10-20,0-35,N
CCC_2014B_625884,1.0,0.99884135,1,M,South West Region,40-50%,0-35,N
BBB_2013J_575560,0.0,0.046929725,0,F,East Anglian Region,90-100%,35-55,N
DDD_2013J_1963677,0.0,0.14538045,0,M,North Western Region,0-10%,0-35,Y
FFF_2013J_470461,1.0,0.44021687,0,M,Scotland,40-50%,0-35,N
EEE_2014B_607703,1.0,0.9990127,1,M,Scotland,40-50%,0-35,N
CCC_2014J_629523,0.0,0.015595481,0,F,East Anglian Region,40-50%,0-35,N
BBB_2013B_336165,1.0,0.9964735,1,F,East Midlands Region,20-30%,0-35,N
DDD_2014J_646086,1.0,0.9999877,1,M,North Western Region,20-30%,0-35,N
EEE_2014J_2427886,1.0,0.09272538,0,M,Wales,30-40%,0-35,N
FFF_2014J_684075,1.0,0.9728948,1,F,Wales,60-70%,0-35,N
CCC_2014J_528700,1.0,0.99892706,1,M,South Region,80-90%,35-55,N
BBB_2013J_2620432,1.0,0.99950576,1,F,South East Region,60-70%,0-35,Y
GGG_2014J_694723,0.0,0.17139594,0,F,London Region,30-40%,35-55,N
BBB_2013B_552902,0.0,0.2905431,0,M,South West Region,70-80%,0-35,N
CCC_2014J_565066,1.0,0.7085357,1,M,South East Region,90-100%,0-35,N
BBB_2013B_548881,1.0,0.9945709,1,F,South West Region,20-30%,35-55,N
FFF_2014B_509407,1.0,0.99928445,1,M,Ireland,60-70%,0-35,N
BBB_2014B_626428,1.0,0.47965118,0,F,Wales,40-50%,0-35,N
DDD_2013J_559735,1.0,0.9802988,1,M,North Western Region,70-80%,0-35,N
CCC_2014B_28418,1.0,0.6969863,1,F,West Midlands Region,20-30%,0-35,N
BBB_2013J_508079,0.0,0.21861194,0,F,Wales,40-50%,0-35,N
FFF_2013B_447036,1.0,0.91025686,1,M,East Anglian Region,80-90%,0-35,N
EEE_2014B_578958,0.0,0.34111142,0,M,Wales,20-30%,35-55,N
CCC_2014B_353979,1.0,0.99976665,1,M,London Region,20-30%,0-35,N
BBB_2014B_629103,1.0,0.071735844,0,F,East Anglian Region,80-90%,0-35,N
DDD_2013J_415151,1.0,0.96533924,1,M,East Midlands Region,10-20,0-35,Y
CCC_2014J_358075,0.0,0.6456335,1,F,South West Region,80-90%,0-35,N
BBB_2014J_2537934,1.0,0.22473684,0,M,East Anglian Region,90-100%,55<=,N
BBB_2014J_623319,1.0,0.9999242,1,M,North Western Region,0-10%,0-35,N
CCC_2014J_595988,1.0,0.9959835,1,F,London Region,10-20,0-35,N
DDD_2013J_569857,1.0,0.13216953,0,M,Yorkshire Region,40-50%,0-35,N
DDD_2013B_549897,1.0,0.87471986,1,F,London Region,10-20,0-35,N
DDD_2014B_626723,1.0,0.42491877,0,F,South West Region,70-80%,0-35,N
FFF_2014J_644934,1.0,0.9998447,1,M,East Midlands Region,40-50%,0-35,N
EEE_2014J_647988,0.0,0.049029663,0,F,East Midlands Region,90-100%,0-35,N
EEE_2014J_654888,1.0,0.9997131,1,M,East Midlands Region,80-90%,0-35,N
DDD_2013J_315730,0.0,0.124870166,0,M,South West Region,60-70%,0-35,N
CCC_2014J_648477,1.0,0.9999199,1,M,Yorkshire Region,0-10%,0-35,N
BBB_2014J_645639,1.0,0.4399284,0,F,London Region,20-30%,0-35,N
DDD_2014B_118479,0.0,0.20999861,0,M,Ireland,0-10%,0-35,N
FFF_2013J_2056416,0.0,0.09070601,0,M,South Region,80-90%,35-55,N
DDD_2014B_587633,1.0,0.9982034,1,M,Yorkshire Region,50-60%,0-35,N
FFF_2014J_310205,1.0,0.69012904,1,M,South West Region,40-50%,0-35,N
BBB_2014J_697960,0.0,0.18031433,0,F,Wales,40-50%,0-35,N
FFF_2014J_652890,1.0,0.67832005,1,M,West Midlands Region,10-20,0-35,N
BBB_2013B_541573,1.0,0.99625164,1,F,West Midlands Region,0-10%,0-35,N
CCC_2014J_581316,0.0,0.26268822,0,F,Scotland,50-60%,35-55,N
BBB_2014J_694706,0.0,0.09493162,0,F,North Region,80-90%,0-35,N
FFF_2014J_184627,1.0,0.9967732,1,F,London Region,0-10%,35-55,N
DDD_2013B_535215,0.0,0.56283706,1,M,North Region,10-20,35-55,N
DDD_2014J_269856,0.0,0.70213395,1,M,East Midlands Region,50-60%,0-35,N
BBB_2014J_648476,0.0,0.4404688,0,F,East Anglian Region,80-90%,0-35,N
EEE_2014J_89545,0.0,0.22241232,0,M,South Region,90-100%,0-35,N
BBB_2013J_540521,0.0,0.66063344,1,F,East Anglian Region,30-40%,0-35,N
BBB_2013J_570287,0.0,0.41833895,0,F,Ireland,40-50%,0-35,N
DDD_2013B_553627,1.0,0.974452,1,M,East Anglian Region,80-90%,0-35,N
CCC_2014B_571702,1.0,0.9995921,1,M,North Western Region,50-60%,35-55,N
FFF_2014J_508626,0.0,0.096395545,0,M,London Region,30-40%,35-55,N
FFF_2013B_526559,0.0,0.49673414,0,F,London Region,10-20,0-35,N
FFF_2013J_586906,1.0,0.9995528,1,M,Scotland,30-40%,0-35,Y
BBB_2014J_689267,0.0,0.43897942,0,F,Ireland,60-70%,35-55,N
EEE_2014B_617309,1.0,0.99891365,1,M,Wales,30-40%,0-35,N
FFF_2014J_646402,0.0,0.06326958,0,M,Scotland,50-60%,0-35,N
FFF_2013B_539332,0.0,0.11968543,0,M,Scotland,40-50%,35-55,N
BBB_2014B_633883,1.0,0.9969158,1,M,West Midlands Region,0-10%,0-35,N
FFF_2013B_227401,1.0,0.5737528,1,M,North Region,10-20,0-35,N
BBB_2013J_548899,0.0,0.1810473,0,F,East Anglian Region,40-50%,0-35,N
DDD_2014B_630935,0.0,0.14931946,0,M,London Region,60-70%,35-55,N
BBB_2013J_2276893,1.0,0.9888093,1,F,South Region,50-60%,0-35,N
EEE_2014J_2437591,0.0,0.076709196,0,M,East Anglian Region,30-40%,0-35,N
CCC_2014B_604164,1.0,0.16576557,0,M,West Midlands Region,0-10%,35-55,N
CCC_2014B_445917,0.0,0.118969314,0,M,North Western Region,90-100%,0-35,N
BBB_2014B_633491,1.0,0.9853631,1,F,Scotland,90-100%,0-35,N
FFF_2014B_628561,0.0,0.30178556,0,M,South Region,30-40%,0-35,N
DDD_2014J_281252,1.0,0.98324585,1,F,South Region,90-100%,0-35,N
CCC_2014J_2596553,1.0,0.2960272,0,M,South West Region,10-20,35-55,Y
FFF_2014J_678859,0.0,0.06748686,0,M,North Western Region,50-60%,0-35,N
GGG_2014B_620728,1.0,0.23848611,0,F,North Region,10-20,35-55,N
GGG_2014J_647654,1.0,0.13336545,0,M,London Region,0-10%,35-55,N
DDD_2013B_434767,1.0,0.99917454,1,M,East Anglian Region,80-90%,0-35,N
FFF_2014B_130992,0.0,0.2899037,0,M,South Region,80-90%,0-35,N
BBB_2013B_198956,0.0,0.01905581,0,M,Yorkshire Region,50-60%,35-55,N
FFF_2014B_599398,0.0,0.33590433,0,M,South Region,90-100%,0-35,N
FFF_2014B_622374,0.0,0.02693333,0,M,North Western Region,60-70%,35-55,N
EEE_2013J_584414,0.0,0.13133457,0,M,Wales,50-60%,35-55,N
DDD_2013B_2094546,1.0,0.532937,1,M,East Anglian Region,60-70%,35-55,N
CCC_2014B_515515,1.0,0.98885614,1,M,South West Region,70-80%,35-55,N
AAA_2013J_2594139,0.0,0.35350472,0,F,South West Region,50-60%,0-35,N
BBB_2013B_556882,1.0,0.999408,1,F,South West Region,30-40%,35-55,N
DDD_2014J_682968,0.0,0.1397143,0,M,Ireland,0-10%,35-55,N
CCC_2014J_651371,1.0,0.9986405,1,M,South Region,50-60%,0-35,N
FFF_2014J_646074,0.0,0.06988837,0,M,London Region,70-80%,35-55,N
GGG_2014B_543910,0.0,0.1360557,0,F,South Region,90-100%,0-35,N
DDD_2014B_606905,1.0,0.99421173,1,F,South Region,10-20,0-35,N
AAA_2013J_2358969,1.0,0.7953044,1,F,East Anglian Region,70-80%,0-35,N
BBB_2014B_504393,1.0,0.98714113,1,F,West Midlands Region,90-100%,0-35,N
GGG_2013J_204745,1.0,0.15762435,0,F,North Western Region,30-40%,35-55,N
DDD_2014J_697674,0.0,0.21431062,0,M,North Region,10-20,35-55,N
BBB_2013B_313810,0.0,0.068321325,0,F,South Region,40-50%,0-35,N
EEE_2013J_563967,0.0,0.109331034,0,M,West Midlands Region,40-50%,0-35,N
CCC_2014J_437482,0.0,0.06847591,0,M,East Anglian Region,90-100%,0-35,N
DDD_2014J_695799,1.0,0.9931732,1,F,South Region,60-70%,0-35,N
BBB_2014J_2296716,1.0,0.9982292,1,F,Wales,10-20,35-55,N
GGG_2014J_644384,0.0,0.15272224,0,F,London Region,0-10%,0-35,N
DDD_2014J_680492,0.0,0.15175803,0,M,London Region,40-50%,35-55,N
BBB_2013J_374038,1.0,0.3972527,0,F,West Midlands Region,10-20,35-55,N
BBB_2013B_553807,1.0,0.22301392,0,F,South East Region,30-40%,35-55,Y
FFF_2014J_644871,1.0,0.9993253,1,M,North Region,10-20,0-35,N
FFF_2013B_319884,0.0,0.056393106,0,F,South Region,90-100%,35-55,N
BBB_2014J_644793,0.0,0.45942134,0,F,Wales,10-20,35-55,N
CCC_2014J_434841,1.0,0.8641583,1,M,Scotland,40-50%,35-55,N
CCC_2014J_561913,0.0,0.25118566,0,M,Scotland,0-10%,35-55,N
BBB_2014J_642405,0.0,0.035534143,0,F,South West Region,70-80%,35-55,N
BBB_2013B_438703,0.0,0.46801212,0,F,Wales,20-30%,0-35,N
GGG_2014B_626092,1.0,0.25204924,0,F,West Midlands Region,0-10%,35-55,N
BBB_2013B_331844,0.0,0.10776387,0,F,South West Region,20-30%,35-55,N
DDD_2013B_370949,0.0,0.2734927,0,M,Yorkshire Region,50-60%,0-35,N
BBB_2014B_622466,0.0,0.124470696,0,M,South Region,80-90%,0-35,N
DDD_2014J_623225,0.0,0.10035288,0,F,South West Region,30-40%,0-35,N
BBB_2014B_624427,1.0,0.99938405,1,F,London Region,10-20,35-55,Y
FFF_2013J_608196,1.0,0.5374355,1,F,East Anglian Region,0-10%,0-35,N
DDD_2013J_561072,0.0,0.069565445,0,M,East Anglian Region,30-40%,0-35,N
CCC_2014J_684208,1.0,0.99123377,1,M,Scotland,50-60%,0-35,N
BBB_2013B_548520,1.0,0.99807906,1,M,Wales,10-20,35-55,N
GGG_2013J_579086,0.0,0.6066718,1,F,Yorkshire Region,60-70%,0-35,N
FFF_2014J_687846,0.0,0.4083163,0,M,East Midlands Region,10-20,0-35,N
DDD_2013J_1355699,0.0,0.48115575,0,M,West Midlands Region,50-60%,35-55,N
BBB_2013B_297484,0.0,0.2468592,0,F,North Region,10-20,0-35,N
BBB_2013J_598596,1.0,0.9988977,1,F,North Western Region,0-10%,0-35,N
FFF_2013B_247666,0.0,0.08977399,0,M,North Western Region,20-30%,0-35,N
BBB_2013B_2322342,0.0,0.100274906,0,F,South West Region,30-40%,35-55,N
FFF_2013J_598077,0.0,0.52553546,1,M,Wales,80-90%,0-35,N
FFF_2013B_244918,0.0,0.14197095,0,M,London Region,10-20,35-55,N
FFF_2013J_576107,0.0,0.08545182,0,M,West Midlands Region,30-40%,0-35,N
BBB_2013J_571441,0.0,0.16866384,0,F,Scotland,30-40%,35-55,N
FFF_2014J_626552,0.0,0.28719452,0,F,East Midlands Region,40-50%,0-35,N
GGG_2014B_608628,1.0,0.9382864,1,F,London Region,30-40%,0-35,N
CCC_2014B_543417,1.0,0.9460445,1,M,East Midlands Region,0-10%,0-35,N
CCC_2014J_2613746,1.0,0.34724233,0,M,Scotland,0-10%,0-35,N
DDD_2013J_561272,1.0,0.9723592,1,F,Wales,0-10%,0-35,Y
DDD_2014J_676589,0.0,0.25559142,0,M,North Western Region,10-20,0-35,N
FFF_2013J_562428,1.0,0.9997588,1,M,South East Region,30-40%,0-35,Y
FFF_2013J_273782,0.0,0.06793392,0,M,Wales,90-100%,35-55,N
BBB_2013B_2528352,1.0,0.9896735,1,F,West Midlands Region,10-20,0-35,N
GGG_2014B_604482,1.0,0.9970523,1,M,North Region,10-20,35-55,N
EEE_2014J_694680,0.0,0.44116396,0,M,South Region,20-30%,35-55,N
FFF_2014B_614984,1.0,0.9991001,1,M,South West Region,0-10%,35-55,N
FFF_2014B_585921,0.0,0.10675524,0,M,Scotland,20-30%,0-35,N
CCC_2014J_682961,0.0,0.15336123,0,M,North Region,10-20,35-55,N
FFF_2013J_597715,0.0,0.18082288,0,M,North Western Region,20-30%,35-55,N
FFF_2013J_580358,1.0,0.9999087,1,M,London Region,40-50%,0-35,N
CCC_2014B_587783,0.0,0.17917094,0,M,East Anglian Region,80-90%,0-35,N
GGG_2014J_317399,1.0,0.4736489,0,M,South Region,90-100%,0-35,Y
CCC_2014B_403085,0.0,0.15170227,0,M,East Midlands Region,90-100%,35-55,N
BBB_2014B_108799,0.0,0.122077025,0,F,Scotland,90-100%,35-55,N
CCC_2014J_694472,0.0,0.12022175,0,F,London Region,30-40%,0-35,N
BBB_2013B_400049,1.0,0.47782418,0,F,London Region,40-50%,0-35,N
CCC_2014J_466430,1.0,0.9979387,1,M,South West Region,30-40%,0-35,N
FFF_2013J_570878,1.0,0.12571655,0,M,South Region,50-60%,0-35,N
DDD_2014B_629673,1.0,0.9982185,1,M,East Anglian Region,70-80%,0-35,N
BBB_2014J_484490,0.0,0.03448635,0,F,South Region,40-50%,35-55,N
DDD_2014J_492496,0.0,0.048738103,0,M,Yorkshire Region,90-100%,0-35,N
BBB_2013J_1340766,0.0,0.09497309,0,F,South Region,60-70%,35-55,N
BBB_2014J_648310,0.0,0.2620367,0,F,East Anglian Region,80-90%,0-35,N
BBB_2014B_171751,0.0,0.17672397,0,F,South West Region,30-40%,35-55,N
BBB_2013J_588713,1.0,0.9736821,1,F,Scotland,0-10%,0-35,N
CCC_2014J_165647,1.0,0.7425809,1,F,Scotland,30-40%,0-35,N
CCC_2014J_648448,1.0,0.9999324,1,M,West Midlands Region,0-10%,0-35,N
BBB_2014B_397829,0.0,0.48373514,0,M,Wales,20-30%,0-35,N
BBB_2014J_689563,0.0,0.18419209,0,F,West Midlands Region,60-70%,0-35,N
EEE_2014B_552067,0.0,0.085589334,0,M,London Region,30-40%,0-35,N
GGG_2014J_681154,0.0,0.41837475,0,F,Wales,30-40%,35-55,N
GGG_2013J_339853,0.0,0.3873153,0,F,South West Region,40-50%,0-35,Y
FFF_2014J_2088982,1.0,0.9318001,1,M,South Region,80-90%,35-55,N
CCC_2014B_569609,0.0,0.6026155,1,F,West Midlands Region,70-80%,0-35,N
DDD_2013B_128965,1.0,0.9995882,1,M,South West Region,60-70%,55<=,N
CCC_2014B_511473,0.0,0.6335529,1,F,Scotland,60-70%,0-35,N
GGG_2014J_1777563,0.0,0.24094057,0,F,North Western Region,50-60%,35-55,N
BBB_2013J_287309,0.0,0.5507772,1,F,South West Region,40-50%,0-35,N
EEE_2014J_270764,1.0,0.94477457,1,M,Scotland,80-90%,0-35,N
DDD_2013B_414587,0.0,0.8169612,1,F,South West Region,90-100%,0-35,N
EEE_2013J_573920,0.0,0.18102108,0,M,West Midlands Region,70-80%,0-35,N
DDD_2014J_1442215,1.0,0.44039488,0,F,South West Region,70-80%,35-55,Y
BBB_2014B_612212,1.0,0.9925921,1,F,East Anglian Region,50-60%,0-35,Y
BBB_2014J_646580,1.0,0.9962495,1,F,South West Region,50-60%,0-35,N
CCC_2014B_602902,0.0,0.619506,1,F,Yorkshire Region,80-90%,0-35,N
BBB_2014J_2423078,1.0,0.6267951,1,M,London Region,0-10%,35-55,N
EEE_2013J_596404,1.0,0.98762393,1,M,London Region,30-40%,35-55,N
FFF_2013B_560431,0.0,0.032344274,0,M,South West Region,70-80%,35-55,N
EEE_2014B_64296,1.0,0.15824178,0,M,Scotland,20-30%,0-35,N
CCC_2014B_516024,0.0,0.7668069,1,M,South Region,40-50%,0-35,N
DDD_2013J_144895,0.0,0.06166645,0,M,East Anglian Region,70-80%,0-35,N
DDD_2013J_543825,0.0,0.77407986,1,M,North Region,50-60%,0-35,N
CCC_2014J_654322,0.0,0.14488316,0,M,London Region,60-70%,0-35,Y
FFF_2013J_596860,0.0,0.44321907,0,M,North Western Region,30-40%,35-55,N
BBB_2013J_440751,1.0,0.9970413,1,M,South West Region,10-20,35-55,N
EEE_2013J_528961,1.0,0.6284669,1,F,Scotland,80-90%,0-35,N
BBB_2013J_594812,1.0,0.99999774,1,M,East Anglian Region,40-50%,0-35,N
GGG_2014B_624226,0.0,0.11504372,0,F,South West Region,40-50%,0-35,N
FFF_2013B_548312,0.0,0.43548128,0,M,South East Region,0-10%,0-35,N
BBB_2014J_674276,0.0,0.17962345,0,F,Scotland,30-40%,35-55,N
DDD_2014J_694698,0.0,0.10247255,0,M,North Region,10-20,35-55,N
GGG_2014J_655625,1.0,0.921062,1,F,West Midlands Region,30-40%,0-35,N
BBB_2014J_689778,1.0,0.9998066,1,F,South Region,20-30%,0-35,N
CCC_2014B_619014,0.0,0.154378,0,M,Yorkshire Region,30-40%,0-35,N
BBB_2014J_444361,0.0,0.14394297,0,F,Scotland,0-10%,0-35,N
FFF_2013B_346207,0.0,0.45774588,0,M,Yorkshire Region,50-60%,0-35,N
DDD_2013J_2658898,0.0,0.10076752,0,F,South West Region,50-60%,0-35,N
BBB_2014B_623240,0.0,0.09228651,0,F,South West Region,40-50%,35-55,N
BBB_2014B_585150,0.0,0.37070334,0,F,West Midlands Region,0-10%,0-35,N
CCC_2014B_631075,1.0,0.41455245,0,M,Scotland,80-90%,0-35,N
FFF_2014B_611813,0.0,0.09348812,0,M,South Region,10-20,35-55,N
CCC_2014J_645481,1.0,0.99839884,1,M,South Region,10-20,0-35,Y
CCC_2014B_262391,1.0,0.7266741,1,F,Yorkshire Region,10-20,0-35,Y
BBB_2013J_601251,0.0,0.030476091,0,F,West Midlands Region,70-80%,0-35,N
FFF_2014B_634070,0.0,0.0685634,0,F,South East Region,90-100%,0-35,N
DDD_2014J_650420,0.0,0.44063225,0,M,Scotland,70-80%,0-35,N
GGG_2014J_641134,1.0,0.6286369,1,F,East Midlands Region,40-50%,35-55,N
GGG_2014B_634470,0.0,0.22066455,0,F,South Region,90-100%,0-35,N
CCC_2014B_466714,1.0,0.98843634,1,M,South West Region,40-50%,0-35,Y
DDD_2014B_387656,1.0,0.4501103,0,F,North Western Region,0-10%,0-35,Y
FFF_2013B_82556,1.0,0.55892485,1,M,Ireland,70-80%,0-35,N
DDD_2014J_567281,1.0,0.9690187,1,M,South West Region,10-20,0-35,Y
BBB_2013J_596017,0.0,0.07585945,0,F,Wales,20-30%,35-55,N
GGG_2014J_646801,1.0,0.97963095,1,F,West Midlands Region,0-10%,0-35,N
FFF_2014J_550703,0.0,0.1924413,0,M,South Region,40-50%,0-35,N
EEE_2014J_648440,1.0,0.99994254,1,M,East Midlands Region,30-40%,0-35,N
BBB_2013J_368077,0.0,0.22077055,0,F,Wales,20-30%,0-35,N
GGG_2014B_614892,0.0,0.28255644,0,M,South West Region,90-100%,35-55,N
DDD_2013J_571000,1.0,0.9999888,1,M,East Anglian Region,60-70%,0-35,N
DDD_2013B_426094,1.0,0.99952734,1,M,London Region,40-50%,0-35,N
CCC_2014J_2681198,1.0,0.6949506,1,M,East Anglian Region,70-80%,35-55,N
CCC_2014B_575824,0.0,0.11481684,0,F,Wales,80-90%,0-35,N
FFF_2013B_2521655,0.0,0.07003964,0,M,East Anglian Region,10-20,0-35,Y
FFF_2013J_57844,0.0,0.36304483,0,M,South West Region,90-100%,0-35,N
CCC_2014J_647479,1.0,0.2964054,0,F,North Western Region,30-40%,35-55,N
FFF_2014J_647040,0.0,0.0912579,0,M,London Region,30-40%,35-55,N
DDD_2014B_632473,1.0,0.9994247,1,F,Scotland,80-90%,35-55,N
DDD_2013J_594925,0.0,0.11387214,0,F,Ireland,20-30%,0-35,N
FFF_2014J_527619,1.0,0.6807028,1,M,Ireland,80-90%,0-35,Y
BBB_2013B_499118,0.0,0.24776854,0,F,Wales,80-90%,35-55,N
DDD_2014J_2452111,1.0,0.51206887,1,M,South Region,80-90%,0-35,N
FFF_2014B_379042,0.0,0.09909557,0,M,Wales,50-60%,0-35,N
EEE_2014J_693111,1.0,0.99958295,1,M,Scotland,50-60%,35-55,N
DDD_2013B_537926,1.0,0.8259555,1,M,North Western Region,20-30%,0-35,N
FFF_2013J_599957,1.0,0.71910125,1,M,North Western Region,20-30%,0-35,N
FFF_2014B_2222615,0.0,0.1737966,0,M,Wales,70-80%,35-55,N
CCC_2014J_482938,1.0,0.9999746,1,M,South East Region,30-40%,35-55,N
BBB_2014J_697065,1.0,0.9916073,1,F,South East Region,50-60%,0-35,Y
BBB_2013J_610750,0.0,0.059828416,0,F,East Anglian Region,80-90%,35-55,N
FFF_2014J_695964,1.0,0.9987355,1,M,East Anglian Region,40-50%,0-35,N
FFF_2013B_169858,0.0,0.6449255,1,M,South East Region,50-60%,0-35,N
AAA_2013J_334259,1.0,0.95223373,1,F,London Region,50-60%,0-35,N
FFF_2014J_685512,1.0,0.99990773,1,M,South East Region,60-70%,0-35,N
FFF_2014B_54867,1.0,0.9997626,1,F,South West Region,20-30%,0-35,N
FFF_2013J_432592,0.0,0.027034312,0,M,South East Region,40-50%,0-35,N
CCC_2014B_559912,1.0,0.99961793,1,M,East Midlands Region,50-60%,0-35,N
CCC_2014J_366367,0.0,0.66597587,1,M,East Anglian Region,60-70%,0-35,N
CCC_2014J_572584,1.0,0.86617535,1,M,London Region,50-60%,35-55,N
FFF_2013J_335582,0.0,0.12358556,0,M,South East Region,90-100%,35-55,N
CCC_2014J_542167,0.0,0.17501159,0,M,Scotland,50-60%,0-35,Y
CCC_2014J_603728,1.0,0.99464107,1,M,North Western Region,20-30%,0-35,N
DDD_2013B_134188,0.0,0.20193127,0,M,South West Region,40-50%,0-35,N
CCC_2014B_618078,1.0,0.9988726,1,M,East Midlands Region,10-20,0-35,N
FFF_2014J_557290,0.0,0.21746087,0,M,South East Region,0-10%,35-55,N
DDD_2013J_178020,0.0,0.53603697,1,F,London Region,20-30%,0-35,N
CCC_2014J_633746,0.0,0.36757034,0,M,Yorkshire Region,40-50%,0-35,N
BBB_2013B_539232,1.0,0.5532708,1,F,South East Region,80-90%,0-35,N
BBB_2014J_2627398,1.0,0.4371018,0,F,South Region,90-100%,0-35,N
EEE_2014J_639194,0.0,0.05924987,0,M,Scotland,70-80%,35-55,N
EEE_2014J_653168,1.0,0.902279,1,M,West Midlands Region,10-20,0-35,N
FFF_2013J_1931370,1.0,0.9980019,1,M,North Western Region,50-60%,0-35,N
FFF_2013B_530344,0.0,0.4136889,0,F,Scotland,10-20,35-55,N
DDD_2014J_519116,1.0,0.99986696,1,F,South Region,80-90%,0-35,N
BBB_2013B_333837,1.0,0.9978544,1,F,North Western Region,80-90%,0-35,N
FFF_2014J_692454,0.0,0.0731649,0,M,West Midlands Region,60-70%,0-35,N
CCC_2014B_626296,1.0,0.9997693,1,M,South Region,80-90%,0-35,N
GGG_2014J_638621,1.0,0.9377604,1,F,North Western Region,80-90%,0-35,N
FFF_2013J_585162,0.0,0.31435767,0,M,East Anglian Region,20-30%,0-35,N
BBB_2014B_574553,1.0,0.9999436,1,F,London Region,20-30%,0-35,N
FFF_2013J_529684,1.0,0.55125034,1,F,North Western Region,10-20,35-55,Y
BBB_2013J_468482,1.0,0.98592895,1,F,South Region,40-50%,0-35,Y
CCC_2014J_499848,1.0,0.8745715,1,F,West Midlands Region,50-60%,0-35,N
BBB_2013J_516165,1.0,0.9952389,1,F,West Midlands Region,40-50%,0-35,N
FFF_2014B_634638,1.0,0.99638236,1,M,South East Region,50-60%,0-35,N
FFF_2013J_355335,0.0,0.3871612,0,M,Ireland,0-10%,35-55,N
EEE_2014B_293670,1.0,0.9405412,1,M,South Region,40-50%,35-55,N
DDD_2014J_689650,0.0,0.18177551,0,M,South Region,40-50%,0-35,N
FFF_2013J_549648,0.0,0.6302523,1,M,East Anglian Region,50-60%,35-55,N
CCC_2014J_695369,1.0,0.9999896,1,F,North Western Region,0-10%,0-35,N
GGG_2014J_682100,0.0,0.32329133,0,M,Wales,10-20,35-55,N
CCC_2014J_2041743,1.0,0.99825996,1,F,Scotland,30-40%,35-55,N
DDD_2014B_634313,1.0,0.9991841,1,M,North Western Region,0-10%,0-35,N
FFF_2013J_570550,1.0,0.10015077,0,M,East Midlands Region,50-60%,0-35,N
CCC_2014J_472762,0.0,0.07620361,0,M,West Midlands Region,60-70%,0-35,N
BBB_2014J_641795,1.0,0.9996125,1,F,Scotland,80-90%,35-55,N
GGG_2013J_522561,0.0,0.29826006,0,F,East Anglian Region,30-40%,35-55,N
BBB_2014J_693615,1.0,0.9963159,1,M,London Region,20-30%,35-55,N
DDD_2014B_610326,0.0,0.34121728,0,M,Yorkshire Region,0-10%,35-55,Y
FFF_2013J_610637,0.0,0.16655259,0,F,North Western Region,10-20,0-35,N
FFF_2013J_604581,1.0,0.39410734,0,F,North Western Region,10-20,0-35,N
GGG_2014B_587287,1.0,0.5947239,1,M,West Midlands Region,30-40%,0-35,N
CCC_2014B_608753,1.0,0.66837496,1,M,East Midlands Region,40-50%,0-35,N
EEE_2013J_417724,0.0,0.11818768,0,M,East Anglian Region,70-80%,0-35,Y
DDD_2013J_491875,1.0,0.99769694,1,F,Ireland,10-20,0-35,N
CCC_2014J_689042,1.0,0.99921465,1,M,West Midlands Region,40-50%,35-55,N
BBB_2013J_577099,0.0,0.25076947,0,F,West Midlands Region,20-30%,35-55,N
BBB_2014B_625094,0.0,0.20746608,0,M,West Midlands Region,0-10%,0-35,N
FFF_2013B_535981,1.0,0.9997316,1,F,London Region,0-10%,0-35,N
FFF_2014J_677486,1.0,0.14174703,0,M,London Region,60-70%,0-35,N
AAA_2013J_342972,0.0,0.3385827,0,M,Yorkshire Region,0-10%,0-35,N
FFF_2014B_190829,1.0,0.9995276,1,M,London Region,20-30%,35-55,N
BBB_2014J_82611,1.0,0.9959651,1,F,Wales,10-20,0-35,N
FFF_2013J_231024,0.0,0.9120508,1,M,South Region,80-90%,35-55,Y
CCC_2014J_645124,0.0,0.06208868,0,F,London Region,10-20,35-55,N
GGG_2013J_589691,1.0,0.4699457,0,M,Yorkshire Region,30-40%,0-35,N
EEE_2014J_690724,0.0,0.42111278,0,M,West Midlands Region,30-40%,0-35,N
FFF_2013J_599468,0.0,0.1884781,0,M,North Western Region,80-90%,0-35,N
DDD_2013B_474133,1.0,0.73071826,1,M,South West Region,40-50%,35-55,Y
FFF_2014J_695825,1.0,0.05349156,0,M,North Region,60-70%,0-35,N
CCC_2014J_543417,1.0,0.87645805,1,M,East Midlands Region,0-10%,0-35,N
FFF_2014J_687073,1.0,0.24447039,0,M,South West Region,20-30%,35-55,N
BBB_2013J_606651,1.0,0.8779131,1,F,South West Region,60-70%,0-35,N
CCC_2014B_558806,1.0,0.99074554,1,M,West Midlands Region,30-40%,0-35,N
FFF_2014B_237182,1.0,0.6543437,1,M,East Anglian Region,60-70%,0-35,N
CCC_2014B_2620636,1.0,0.7120703,1,F,South Region,90-100%,0-35,Y
FFF_2013J_1929219,1.0,0.9976947,1,M,South Region,90-100%,35-55,N
DDD_2013J_509501,1.0,0.51241815,1,M,East Anglian Region,50-60%,0-35,Y
FFF_2013J_411939,1.0,0.99972194,1,M,South Region,40-50%,35-55,N
CCC_2014J_644416,0.0,0.34643725,0,F,West Midlands Region,40-50%,0-35,N
FFF_2014B_628846,1.0,0.075967565,0,M,South West Region,70-80%,0-35,N
EEE_2014B_625861,0.0,0.16414694,0,M,West Midlands Region,50-60%,0-35,N
CCC_2014J_683865,1.0,0.9853462,1,M,Scotland,90-100%,35-55,N
BBB_2013J_613735,0.0,0.046240907,0,F,South East Region,70-80%,35-55,N
BBB_2013J_590478,1.0,0.9966973,1,F,East Midlands Region,30-40%,0-35,N
AAA_2014J_328024,0.0,0.2743001,0,M,Yorkshire Region,10-20,35-55,N
BBB_2013B_309709,0.0,0.37313202,0,M,South East Region,90-100%,35-55,N
DDD_2014B_629452,0.0,0.0748101,0,M,South Region,70-80%,35-55,N
BBB_2014B_613722,0.0,0.44477144,0,F,North Western Region,20-30%,0-35,N
FFF_2013J_515285,0.0,0.11424895,0,M,South East Region,90-100%,0-35,N
DDD_2014J_687823,0.0,0.02370325,0,M,Scotland,60-70%,0-35,N
FFF_2014B_584843,1.0,0.9995222,1,F,East Anglian Region,0-10%,0-35,N
FFF_2013J_316541,0.0,0.21655272,0,F,Scotland,30-40%,0-35,N
BBB_2013J_56789,0.0,0.2325268,0,F,South East Region,60-70%,35-55,N
BBB_2013J_582878,0.0,0.23041447,0,F,North Western Region,30-40%,0-35,Y
BBB_2014B_617525,1.0,0.9998493,1,F,London Region,60-70%,0-35,N
GGG_2013J_2542291,0.0,0.66889656,1,F,East Anglian Region,80-90%,35-55,N
GGG_2013J_593840,1.0,0.24814576,0,F,East Midlands Region,80-90%,0-35,N
DDD_2013B_398199,1.0,0.52601546,1,M,North Western Region,60-70%,0-35,N
BBB_2014B_408469,1.0,0.99947613,1,F,West Midlands Region,50-60%,35-55,N
BBB_2014B_536629,0.0,0.26847273,0,F,South Region,70-80%,0-35,N
BBB_2014B_552931,1.0,0.99896,1,F,Ireland,10-20,0-35,Y
CCC_2014B_467894,1.0,0.99420834,1,F,West Midlands Region,0-10%,0-35,N
FFF_2013B_1844150,0.0,0.22572896,0,M,Yorkshire Region,40-50%,55<=,N
FFF_2013B_473162,0.0,0.06755612,0,F,South East Region,80-90%,0-35,N
DDD_2014J_2075945,0.0,0.057357155,0,F,South West Region,20-30%,35-55,N
GGG_2014B_626589,0.0,0.2816921,0,F,South Region,70-80%,0-35,N
EEE_2013J_592791,1.0,0.24505271,0,M,East Midlands Region,40-50%,0-35,N
BBB_2014B_625768,1.0,0.27082622,0,F,East Midlands Region,20-30%,0-35,N
BBB_2013J_587423,0.0,0.15317316,0,F,Yorkshire Region,20-30%,0-35,N
DDD_2014B_563081,0.0,0.2184848,0,F,South Region,20-30%,35-55,N
BBB_2014B_374747,0.0,0.6196276,1,M,London Region,50-60%,35-55,N
BBB_2014J_646151,1.0,0.99637115,1,F,West Midlands Region,20-30%,0-35,N
FFF_2013J_235978,0.0,0.061439764,0,M,London Region,60-70%,35-55,N
FFF_2014B_613900,0.0,0.81428564,1,M,East Midlands Region,40-50%,35-55,N
GGG_2014B_184137,0.0,0.22933003,0,F,South Region,50-60%,0-35,N
BBB_2014J_652533,1.0,0.9959651,1,F,Yorkshire Region,10-20,0-35,N
BBB_2013J_573321,1.0,0.9954853,1,F,Scotland,0-10%,0-35,N
BBB_2013J_591986,1.0,0.9986519,1,M,West Midlands Region,0-10%,0-35,N
CCC_2014J_574508,1.0,0.99964774,1,M,North Western Region,70-80%,35-55,N
CCC_2014J_650074,1.0,0.9997886,1,M,Wales,50-60%,0-35,N
CCC_2014B_586921,1.0,0.9998292,1,M,East Anglian Region,80-90%,0-35,N
DDD_2013J_599725,0.0,0.25693652,0,F,North Western Region,90-100%,0-35,Y
BBB_2014B_275112,1.0,0.97515124,1,F,Wales,0-10%,35-55,N
FFF_2013J_581532,0.0,0.49530005,0,M,South Region,40-50%,0-35,N
FFF_2014J_2529052,1.0,0.4674017,0,F,East Midlands Region,30-40%,0-35,N
EEE_2013J_576191,1.0,0.25998628,0,M,Scotland,10-20,0-35,N
CCC_2014B_547986,1.0,0.7021341,1,F,West Midlands Region,0-10%,0-35,N
BBB_2013J_305812,1.0,0.9786205,1,F,East Anglian Region,50-60%,0-35,N
FFF_2014J_649079,1.0,0.043630794,0,M,London Region,80-90%,35-55,N
FFF_2013J_604945,1.0,0.32438463,0,M,Scotland,70-80%,0-35,N
AAA_2014J_593987,1.0,0.4270772,0,F,East Anglian Region,70-80%,35-55,N
CCC_2014J_610279,0.0,0.2910993,0,M,South Region,60-70%,0-35,N
BBB_2013B_2439201,0.0,0.6384495,1,F,North Region,20-30%,0-35,N
DDD_2014J_644229,1.0,0.08547153,0,M,South East Region,50-60%,0-35,N
BBB_2014B_2687378,0.0,0.12937956,0,F,South Region,60-70%,0-35,N
DDD_2013J_1716492,1.0,0.2188636,0,M,East Anglian Region,60-70%,35-55,Y
CCC_2014J_610904,0.0,0.32279477,0,M,South West Region,10-20,0-35,N
BBB_2013J_567627,0.0,0.29911783,0,F,Wales,60-70%,0-35,N
GGG_2014J_698548,0.0,0.1579311,0,M,South East Region,30-40%,35-55,N
FFF_2013B_88957,1.0,0.9998605,1,M,South East Region,30-40%,0-35,N
EEE_2014B_532570,1.0,0.9998288,1,F,Wales,40-50%,0-35,N
BBB_2014B_616377,1.0,0.17835554,0,F,West Midlands Region,40-50%,0-35,N
FFF_2013J_536331,0.0,0.39588305,0,M,London Region,20-30%,0-35,N
BBB_2013J_98720,0.0,0.3466493,0,F,London Region,20-30%,35-55,Y
EEE_2014J_678026,0.0,0.29620266,0,F,Scotland,0-10%,0-35,N
CCC_2014B_548854,0.0,0.5425298,1,M,North Region,10-20,35-55,N
GGG_2013J_494291,1.0,0.9275348,1,F,South Region,80-90%,35-55,Y
FFF_2013J_610643,0.0,0.14662026,0,M,South East Region,60-70%,35-55,N
CCC_2014J_676138,1.0,0.9998242,1,F,Wales,10-20,0-35,N
FFF_2014B_539922,0.0,0.39505914,0,F,Scotland,70-80%,35-55,N
DDD_2013J_469389,1.0,0.9464811,1,F,East Anglian Region,70-80%,0-35,N
EEE_2014J_698011,0.0,0.06760339,0,F,West Midlands Region,10-20,0-35,N
FFF_2014B_630574,1.0,0.964353,1,M,North Western Region,0-10%,0-35,N
CCC_2014B_2615849,1.0,0.99871886,1,M,South Region,50-60%,0-35,N
CCC_2014B_618571,0.0,0.17933998,0,M,North Region,0-10%,35-55,N
BBB_2014J_125874,1.0,0.9766576,1,F,South East Region,40-50%,35-55,Y
FFF_2013B_523700,1.0,0.19431196,0,M,Scotland,30-40%,0-35,N
DDD_2013J_609488,1.0,0.99638665,1,F,South West Region,70-80%,0-35,N
CCC_2014J_71723,1.0,0.55082244,1,M,North Western Region,10-20,0-35,N
DDD_2014J_611235,1.0,0.09881217,0,F,South Region,90-100%,0-35,N
DDD_2013J_578644,0.0,0.1461632,0,M,East Anglian Region,90-100%,35-55,N
FFF_2013B_519540,1.0,0.26197034,0,M,East Anglian Region,90-100%,35-55,N
DDD_2014J_577937,0.0,0.05479032,0,M,South West Region,80-90%,35-55,N
FFF_2013J_608356,0.0,0.50868523,1,M,North Region,40-50%,0-35,N
CCC_2014J_581552,0.0,0.034740325,0,M,London Region,30-40%,0-35,N
CCC_2014B_2236538,1.0,0.9798228,1,M,East Anglian Region,60-70%,35-55,N
AAA_2014J_351336,0.0,0.31944,0,F,East Midlands Region,10-20,0-35,N
BBB_2013J_580592,1.0,0.50653356,1,F,West Midlands Region,30-40%,0-35,N
DDD_2014J_680293,1.0,0.9955636,1,F,North Region,10-20,0-35,N
BBB_2013B_565870,1.0,0.4331699,0,F,North Western Region,30-40%,35-55,N
DDD_2013B_240389,1.0,0.7318869,1,F,South Region,80-90%,35-55,N
FFF_2013J_377705,1.0,0.035909604,0,M,East Anglian Region,50-60%,0-35,N
EEE_2014J_360266,0.0,0.03398542,0,F,North Region,80-90%,35-55,N
EEE_2014B_628777,0.0,0.23278245,0,M,London Region,50-60%,0-35,N
FFF_2014B_614801,1.0,0.47379476,0,M,Yorkshire Region,90-100%,0-35,N
CCC_2014B_283798,0.0,0.50750726,1,M,London Region,40-50%,35-55,N
EEE_2014B_630449,0.0,0.1719446,0,M,South West Region,60-70%,0-35,N
FFF_2013J_577764,0.0,0.025027312,0,F,West Midlands Region,80-90%,0-35,N
BBB_2014B_622345,0.0,0.025040986,0,F,East Midlands Region,40-50%,0-35,N
FFF_2013J_261205,1.0,0.91960096,1,M,North Region,0-10%,35-55,N
BBB_2013B_550342,0.0,0.2608126,0,F,London Region,20-30%,0-35,N
BBB_2014J_692629,1.0,0.93627495,1,M,East Midlands Region,80-90%,0-35,N
DDD_2013J_263524,1.0,0.5157436,1,F,Scotland,60-70%,0-35,N
GGG_2014J_689754,0.0,0.5266368,1,M,London Region,0-10%,0-35,N
CCC_2014B_580768,1.0,0.9918161,1,M,West Midlands Region,0-10%,0-35,N
BBB_2014J_694554,1.0,0.5348595,1,F,East Anglian Region,0-10%,0-35,Y
FFF_2013J_474126,0.0,0.21384448,0,M,East Anglian Region,20-30%,0-35,N
CCC_2014J_1301103,0.0,0.030111901,0,M,East Midlands Region,60-70%,35-55,N
BBB_2013J_434585,0.0,0.4080184,0,F,East Anglian Region,70-80%,0-35,N
BBB_2013J_574051,1.0,0.78651994,1,F,Wales,0-10%,35-55,N
BBB_2014J_651939,0.0,0.17515306,0,F,East Anglian Region,30-40%,0-35,N
DDD_2013B_506829,1.0,0.69411874,1,F,North Western Region,60-70%,0-35,N
FFF_2013J_602320,1.0,0.99836284,1,M,London Region,50-60%,35-55,N
DDD_2013J_267871,0.0,0.90488297,1,M,Yorkshire Region,0-10%,35-55,N
FFF_2013J_583286,0.0,0.1518138,0,F,East Anglian Region,30-40%,0-35,N
FFF_2013B_437872,0.0,0.8194678,1,M,South Region,60-70%,0-35,N
FFF_2013B_147168,0.0,0.075491406,0,M,North Region,10-20,35-55,N
FFF_2013J_571638,1.0,0.9985166,1,M,Scotland,40-50%,0-35,N
DDD_2014J_336213,0.0,0.10278624,0,M,Wales,30-40%,0-35,N
BBB_2013J_595818,0.0,0.20093456,0,F,West Midlands Region,10-20,35-55,N
DDD_2014J_587375,0.0,0.08231243,0,M,East Anglian Region,50-60%,0-35,N
FFF_2013B_524431,1.0,0.39079753,0,F,South Region,0-10%,0-35,N
BBB_2013J_157060,0.0,0.49132156,0,F,East Midlands Region,30-40%,0-35,N
FFF_2013J_576921,0.0,0.015050558,0,F,East Midlands Region,40-50%,0-35,N
FFF_2013J_576466,1.0,0.99973816,1,M,Scotland,10-20,0-35,Y
CCC_2014J_577149,1.0,0.9999434,1,M,Wales,60-70%,0-35,N
EEE_2013J_590877,0.0,0.1996813,0,M,South East Region,40-50%,0-35,N
CCC_2014J_545704,0.0,0.3431125,0,M,South East Region,70-80%,0-35,Y
DDD_2013B_2633235,0.0,0.22189398,0,F,North Region,10-20,0-35,N
BBB_2014B_283131,1.0,0.21983458,0,M,West Midlands Region,0-10%,0-35,N
FFF_2013J_585166,0.0,0.17853336,0,M,South East Region,30-40%,0-35,N
FFF_2014B_633243,1.0,0.9999877,1,M,East Anglian Region,20-30%,0-35,N
AAA_2014J_522482,1.0,0.9494391,1,F,Scotland,70-80%,0-35,N
BBB_2014B_628903,1.0,0.9991997,1,F,East Midlands Region,10-20,0-35,N
BBB_2013J_601491,1.0,0.99978846,1,F,London Region,30-40%,0-35,N
BBB_2014J_655414,1.0,0.9961778,1,F,West Midlands Region,60-70%,0-35,N
FFF_2014B_77998,0.0,0.8859203,1,M,Ireland,0-10%,35-55,N
AAA_2014J_266524,0.0,0.70657307,1,F,South Region,30-40%,0-35,N
FFF_2013J_551500,1.0,0.99993587,1,M,South Region,80-90%,0-35,N
FFF_2013J_2580545,0.0,0.2905687,0,M,North Western Region,20-30%,35-55,N
DDD_2013B_307158,1.0,0.95175344,1,F,Scotland,20-30%,0-35,Y
BBB_2014J_651544,0.0,0.16495794,0,F,Yorkshire Region,20-30%,0-35,N
FFF_2014B_633221,1.0,0.9726513,1,M,South East Region,90-100%,0-35,Y
CCC_2014J_632942,1.0,0.05381037,0,F,London Region,80-90%,35-55,N
DDD_2014J_580458,0.0,0.06012819,0,F,London Region,70-80%,0-35,N
EEE_2013J_608967,1.0,0.99789065,1,M,South Region,20-30%,0-35,Y
DDD_2014B_596906,1.0,0.4518772,0,M,Scotland,90-100%,0-35,N
FFF_2013J_582790,0.0,0.37066138,0,M,South East Region,40-50%,0-35,N
BBB_2014J_513751,0.0,0.21664408,0,F,North Western Region,20-30%,35-55,Y
CCC_2014J_301681,1.0,0.99705267,1,F,North Region,30-40%,0-35,N
FFF_2014J_674497,0.0,0.058259472,0,M,Wales,60-70%,0-35,N
FFF_2013B_2600887,0.0,0.7832465,1,M,Ireland,80-90%,35-55,N
AAA_2013J_172112,0.0,0.40375695,0,M,Ireland,0-10%,35-55,N
BBB_2013B_431071,1.0,0.79787123,1,F,Ireland,10-20,0-35,N
FFF_2013J_586935,0.0,0.1175799,0,M,Scotland,50-60%,0-35,N
DDD_2013B_544284,1.0,0.34574053,0,M,South Region,10-20,0-35,N
DDD_2013B_330067,0.0,0.39602798,0,M,South East Region,90-100%,0-35,N
CCC_2014J_1982166,0.0,0.04311845,0,M,South Region,40-50%,35-55,N
DDD_2013J_411730,1.0,0.9992737,1,F,South Region,70-80%,35-55,N
EEE_2014B_629906,1.0,0.52883834,1,M,North Western Region,0-10%,35-55,Y
FFF_2013J_597931,1.0,0.99975723,1,M,West Midlands Region,40-50%,0-35,N
BBB_2014B_190352,1.0,0.56694716,1,F,North Region,10-20,0-35,N
GGG_2013J_601546,1.0,0.25402507,0,F,North Western Region,10-20,35-55,N
DDD_2013B_1845093,1.0,0.85362947,1,F,London Region,0-10%,35-55,N
CCC_2014B_628029,1.0,0.1143047,0,F,North Western Region,80-90%,0-35,N
BBB_2014B_573496,0.0,0.14579296,0,F,South Region,20-30%,0-35,N
CCC_2014B_551115,0.0,0.16551338,0,M,Wales,20-30%,0-35,N
GGG_2014B_622433,0.0,0.339098,0,F,South Region,60-70%,0-35,N
FFF_2014J_677701,1.0,0.99985826,1,M,South Region,50-60%,35-55,N
BBB_2014B_617126,1.0,0.49518102,0,F,Scotland,60-70%,35-55,N
AAA_2013J_2613116,0.0,0.21205573,0,F,London Region,10-20,35-55,N
FFF_2014B_627727,1.0,0.9985,1,M,East Anglian Region,0-10%,0-35,N
FFF_2013B_398656,1.0,0.19864015,0,M,West Midlands Region,80-90%,0-35,N
DDD_2014J_650434,0.0,0.024618732,0,M,Wales,70-80%,0-35,N
DDD_2014J_679525,0.0,0.034466803,0,M,London Region,60-70%,0-35,N
CCC_2014J_618777,0.0,0.04699977,0,M,South West Region,60-70%,0-35,N
BBB_2014J_400549,0.0,0.29083472,0,F,Wales,0-10%,0-35,N
GGG_2014J_2342238,1.0,0.48402253,0,M,Ireland,80-90%,0-35,N
CCC_2014B_584191,0.0,0.48960298,0,M,East Midlands Region,70-80%,0-35,N
AAA_2014J_146503,0.0,0.5793193,1,M,East Anglian Region,30-40%,35-55,Y
FFF_2014B_592422,1.0,0.5723145,1,F,East Midlands Region,90-100%,0-35,N
FFF_2014J_676194,1.0,0.9979577,1,M,London Region,50-60%,0-35,N
DDD_2014J_646344,0.0,0.069334656,0,F,East Anglian Region,70-80%,0-35,N
FFF_2014J_696318,0.0,0.05406567,0,M,South Region,70-80%,0-35,N
BBB_2014B_88340,1.0,0.4093899,0,F,Wales,30-40%,0-35,Y
AAA_2014J_369834,1.0,0.2376463,0,M,West Midlands Region,60-70%,0-35,N
FFF_2014J_405193,0.0,0.073144116,0,F,East Midlands Region,80-90%,35-55,N
GGG_2014J_691229,0.0,0.2013664,0,F,Scotland,70-80%,35-55,N
BBB_2014J_2278390,1.0,0.034523368,0,M,West Midlands Region,60-70%,35-55,N
BBB_2013J_188026,1.0,0.071295194,0,F,Wales,90-100%,0-35,N
FFF_2014J_71159,0.0,0.43897286,0,M,North Region,10-20,35-55,N
BBB_2014J_683301,1.0,0.97955865,1,F,North Western Region,10-20,0-35,N
CCC_2014J_857856,1.0,0.98671573,1,M,South West Region,50-60%,55<=,N
GGG_2013J_2674822,1.0,0.6300202,1,F,North Western Region,0-10%,0-35,N
EEE_2013J_575764,0.0,0.12315242,0,F,North Western Region,50-60%,0-35,N
BBB_2014J_677744,1.0,0.99983907,1,F,London Region,50-60%,0-35,N
BBB_2013J_579050,1.0,0.99978524,1,F,Scotland,20-30%,0-35,N
DDD_2013J_169700,1.0,0.9964947,1,M,North Western Region,0-10%,35-55,N
DDD_2014J_649261,1.0,0.054887243,0,F,Scotland,30-40%,0-35,N
DDD_2014B_2595730,1.0,0.14240462,0,F,Ireland,40-50%,0-35,N
CCC_2014B_603477,0.0,0.77887046,1,M,East Anglian Region,70-80%,0-35,N
BBB_2014J_605383,1.0,0.9896181,1,F,North Region,10-20,0-35,N
GGG_2014J_276893,0.0,0.37791517,0,F,South West Region,30-40%,0-35,Y
FFF_2014J_696188,0.0,0.58386177,1,M,North Region,10-20,0-35,N
DDD_2013B_2036685,1.0,0.76361054,1,M,Scotland,10-20,35-55,N
BBB_2014B_467303,0.0,0.3829006,0,F,South West Region,50-60%,0-35,N
CCC_2014J_532649,1.0,0.6077727,1,M,Scotland,70-80%,0-35,N
FFF_2014J_635184,1.0,0.74108744,1,M,Ireland,20-30%,0-35,N
FFF_2014B_526303,0.0,0.71947396,1,M,Ireland,0-10%,0-35,N
BBB_2014J_123087,0.0,0.13553007,0,F,West Midlands Region,0-10%,0-35,N
CCC_2014J_695354,0.0,0.060575824,0,F,East Midlands Region,50-60%,0-35,Y
GGG_2013J_587374,1.0,0.15183479,0,F,East Anglian Region,80-90%,0-35,N
BBB_2013J_610802,1.0,0.15805744,0,F,Wales,40-50%,35-55,N
CCC_2014B_2661696,1.0,0.97405916,1,M,North Western Region,60-70%,35-55,N
FFF_2013B_241166,1.0,0.61512196,1,M,South Region,50-60%,0-35,N
BBB_2013J_467606,1.0,0.3416074,0,F,South West Region,50-60%,0-35,Y
EEE_2014B_471018,1.0,0.5783339,1,M,West Midlands Region,60-70%,35-55,N
CCC_2014J_651963,1.0,0.9999418,1,M,South East Region,30-40%,0-35,N
CCC_2014B_623347,0.0,0.21883726,0,M,Ireland,0-10%,0-35,N
BBB_2013J_584178,0.0,0.2604128,0,F,Yorkshire Region,20-30%,0-35,N
FFF_2014J_654217,0.0,0.34199423,0,M,North Region,70-80%,35-55,N
DDD_2014B_629039,1.0,0.35123286,0,M,Scotland,20-30%,0-35,N
BBB_2013J_2128304,0.0,0.24667843,0,F,South East Region,60-70%,35-55,N
FFF_2014B_2620930,0.0,0.06856042,0,M,London Region,40-50%,0-35,N
BBB_2014B_614562,1.0,0.9986519,1,M,South Region,0-10%,0-35,N
FFF_2013B_467506,0.0,0.25387818,0,M,South West Region,70-80%,35-55,N
CCC_2014J_592259,1.0,0.99740463,1,M,Yorkshire Region,80-90%,0-35,N
BBB_2013J_379983,1.0,0.9815809,1,F,Wales,0-10%,0-35,N
FFF_2014B_605370,1.0,0.99999166,1,M,Wales,50-60%,0-35,N
DDD_2013J_283535,1.0,0.77188855,1,M,London Region,30-40%,0-35,N
EEE_2014J_1354095,0.0,0.027245626,0,F,South Region,60-70%,35-55,N
BBB_2014J_689896,1.0,0.0297947,0,F,South Region,70-80%,35-55,N
DDD_2013B_517646,0.0,0.5352945,1,F,Wales,40-50%,0-35,N
FFF_2014J_600071,0.0,0.15997307,0,M,North Region,10-20,35-55,N
EEE_2014J_682673,1.0,0.9966223,1,F,South East Region,30-40%,0-35,N
FFF_2014J_622275,1.0,0.13944049,0,M,South East Region,10-20,0-35,N
DDD_2014J_160181,1.0,0.24972318,0,M,East Midlands Region,80-90%,0-35,N
DDD_2014J_682692,0.0,0.14516586,0,M,North Region,10-20,0-35,N
FFF_2013J_585050,1.0,0.07010741,0,M,Yorkshire Region,50-60%,35-55,N
DDD_2013B_1651198,0.0,0.51611835,1,F,London Region,0-10%,35-55,N
BBB_2013J_2421929,1.0,0.3469843,0,F,Yorkshire Region,40-50%,0-35,N
FFF_2014J_648515,1.0,0.07009179,0,M,Scotland,50-60%,0-35,N
BBB_2014B_627380,0.0,0.05922975,0,F,East Anglian Region,90-100%,0-35,N
FFF_2014J_697554,1.0,0.9999448,1,M,London Region,30-40%,0-35,N
GGG_2014B_627441,1.0,0.6914541,1,F,London Region,0-10%,0-35,N
EEE_2014J_482030,0.0,0.32632634,0,M,East Anglian Region,80-90%,0-35,N
FFF_2013B_557588,1.0,0.9997392,1,M,London Region,40-50%,0-35,N
CCC_2014B_633695,0.0,0.060087603,0,M,Yorkshire Region,70-80%,0-35,N
DDD_2014J_594950,0.0,0.024804307,0,M,North Western Region,80-90%,35-55,N
AAA_2014J_2273119,1.0,0.80647177,1,F,West Midlands Region,30-40%,0-35,N
EEE_2014J_625614,0.0,0.10041377,0,M,North Region,10-20,0-35,N
CCC_2014B_625568,1.0,0.9997179,1,M,South Region,20-30%,0-35,N
EEE_2013J_602424,0.0,0.16553178,0,M,East Anglian Region,40-50%,0-35,N
BBB_2014J_561608,0.0,0.70775306,1,F,Yorkshire Region,10-20,0-35,N
BBB_2013J_420163,0.0,0.0856227,0,F,South West Region,40-50%,35-55,N
BBB_2013J_2022801,1.0,0.9998572,1,M,South Region,90-100%,35-55,N
CCC_2014B_600509,1.0,0.97821236,1,M,North Western Region,70-80%,0-35,N
EEE_2013J_330354,1.0,0.9966973,1,F,West Midlands Region,30-40%,0-35,N
FFF_2013B_2364565,0.0,0.08221607,0,F,London Region,10-20,0-35,N
DDD_2014B_97939,1.0,0.91760224,1,M,Scotland,40-50%,0-35,Y
GGG_2013J_598762,1.0,0.561936,1,F,London Region,50-60%,0-35,N
BBB_2013J_422223,1.0,0.5535119,1,F,South East Region,40-50%,0-35,N
FFF_2013B_538045,0.0,0.050295636,0,M,East Anglian Region,70-80%,0-35,N
EEE_2013J_473706,1.0,0.11869358,0,M,Ireland,10-20,0-35,N
CCC_2014J_422542,1.0,0.48415238,0,M,Ireland,80-90%,35-55,N
GGG_2014J_686373,1.0,0.10374468,0,M,Wales,30-40%,35-55,N
CCC_2014J_619928,0.0,0.04910059,0,F,South West Region,30-40%,0-35,N
DDD_2014B_440103,0.0,0.10308263,0,M,East Anglian Region,80-90%,0-35,N
FFF_2013B_2643574,0.0,0.65648246,1,M,London Region,50-60%,35-55,N
EEE_2014J_648942,0.0,0.5067329,1,M,South East Region,80-90%,0-35,N
FFF_2013J_432336,1.0,0.5361419,1,M,North Western Region,0-10%,0-35,N
CCC_2014J_626407,1.0,0.44602382,0,M,South East Region,20-30%,0-35,N
BBB_2013B_306886,0.0,0.5108966,1,F,South Region,90-100%,0-35,N
DDD_2013B_354050,1.0,0.9138783,1,M,South West Region,70-80%,0-35,N
DDD_2014B_631439,0.0,0.12171608,0,M,North Region,10-20,0-35,N
BBB_2014B_563822,1.0,0.9968675,1,F,East Anglian Region,40-50%,0-35,N
DDD_2013J_2612561,0.0,0.11148088,0,M,North Region,70-80%,0-35,N
GGG_2014B_632936,0.0,0.32487446,0,M,London Region,60-70%,0-35,N
CCC_2014J_551397,0.0,0.07579215,0,M,Ireland,50-60%,0-35,N
FFF_2014B_613928,1.0,0.26259565,0,F,North Western Region,20-30%,0-35,N
FFF_2013B_556911,1.0,0.7455071,1,M,London Region,10-20,0-35,Y
BBB_2013J_587194,1.0,0.52037287,1,F,South Region,80-90%,0-35,N
FFF_2013J_572783,0.0,0.44914722,0,M,North Western Region,80-90%,35-55,N
FFF_2013B_2613930,0.0,0.24847966,0,M,South West Region,90-100%,0-35,Y
CCC_2014B_572854,0.0,0.05638559,0,F,South East Region,40-50%,0-35,N
CCC_2014B_520377,0.0,0.15086026,0,F,South Region,60-70%,0-35,N
DDD_2013B_390233,0.0,0.21332832,0,M,South Region,50-60%,0-35,Y
FFF_2014J_184720,1.0,0.57054216,1,M,Wales,10-20,0-35,N
CCC_2014B_617348,0.0,0.14076246,0,F,West Midlands Region,10-20,0-35,N
BBB_2014B_483468,0.0,0.11761391,0,F,Wales,90-100%,0-35,N
FFF_2013B_540224,0.0,0.29131547,0,M,North Region,10-20,35-55,N
CCC_2014J_617327,1.0,0.8400619,1,F,West Midlands Region,40-50%,0-35,N
FFF_2014B_597378,1.0,0.9835104,1,M,Yorkshire Region,70-80%,0-35,N
BBB_2014J_684420,1.0,0.3106042,0,F,Yorkshire Region,40-50%,0-35,N
BBB_2013J_482810,0.0,0.24246632,0,F,South East Region,30-40%,0-35,N
BBB_2014B_293992,0.0,0.31861654,0,F,East Midlands Region,90-100%,0-35,N
FFF_2014B_540909,1.0,0.8170168,1,M,West Midlands Region,90-100%,0-35,N
BBB_2013B_2528966,0.0,0.4038295,0,F,North Western Region,10-20,35-55,Y
FFF_2013J_585449,1.0,0.102956496,0,M,Yorkshire Region,0-10%,0-35,N
CCC_2014J_96864,1.0,0.9210919,1,M,West Midlands Region,20-30%,0-35,N
EEE_2014J_650734,0.0,0.15902618,0,M,North Western Region,50-60%,0-35,N
DDD_2014B_1735653,0.0,0.5414001,1,F,Scotland,50-60%,35-55,Y
CCC_2014J_635573,0.0,0.010010499,0,M,Scotland,50-60%,0-35,N
BBB_2013B_524101,1.0,0.07350525,0,F,North Region,50-60%,35-55,N
DDD_2014J_574843,1.0,0.32157683,0,M,North Western Region,50-60%,0-35,N
FFF_2014J_481717,0.0,0.056885168,0,M,North Western Region,80-90%,0-35,N
CCC_2014B_74290,1.0,0.9974414,1,M,Scotland,10-20,0-35,N
CCC_2014B_595992,1.0,0.9993395,1,M,Yorkshire Region,40-50%,0-35,N
FFF_2014J_651182,0.0,0.41170052,0,M,West Midlands Region,50-60%,0-35,N
GGG_2014J_679373,1.0,0.9556556,1,F,East Midlands Region,20-30%,0-35,Y
FFF_2013J_590555,1.0,0.9941127,1,F,North Western Region,0-10%,35-55,N
FFF_2014B_617255,1.0,0.998787,1,M,London Region,10-20,0-35,N
EEE_2014J_652285,0.0,0.033865795,0,M,North Region,10-20,0-35,N
GGG_2013J_591837,0.0,0.48635283,0,F,East Anglian Region,70-80%,0-35,N
BBB_2014J_698203,0.0,0.14249085,0,F,Wales,30-40%,0-35,N
FFF_2013B_512305,1.0,0.9999887,1,M,London Region,40-50%,0-35,N
EEE_2014J_646097,1.0,0.38367638,0,F,Scotland,0-10%,0-35,N
CCC_2014B_597817,1.0,0.99952126,1,F,East Anglian Region,20-30%,0-35,N
FFF_2014B_472810,1.0,0.6290234,1,M,East Anglian Region,70-80%,0-35,N
FFF_2014J_626416,0.0,0.023749927,0,F,South Region,40-50%,0-35,Y
GGG_2014J_686194,0.0,0.25809515,0,M,South East Region,70-80%,35-55,N
DDD_2014B_632215,0.0,0.07345322,0,M,West Midlands Region,0-10%,0-35,N
EEE_2013J_470002,1.0,0.9994211,1,M,Wales,70-80%,35-55,N
FFF_2013J_572584,0.0,0.29018894,0,M,London Region,50-60%,35-55,N
GGG_2014B_624230,0.0,0.6989533,1,F,Yorkshire Region,20-30%,0-35,N
FFF_2013B_542020,0.0,0.50431776,1,M,West Midlands Region,0-10%,0-35,N
BBB_2014B_588484,0.0,0.2862909,0,F,Yorkshire Region,0-10%,0-35,N
CCC_2014J_494829,1.0,0.09594166,0,F,North Western Region,20-30%,35-55,N
FFF_2014B_634254,1.0,0.24596322,0,M,North Western Region,70-80%,35-55,N
FFF_2013B_534234,1.0,0.121265806,0,M,Yorkshire Region,20-30%,35-55,N
CCC_2014J_676390,0.0,0.07659489,0,M,West Midlands Region,60-70%,35-55,N
DDD_2014J_656073,1.0,0.40276146,0,M,East Anglian Region,70-80%,35-55,N
BBB_2014B_2513954,0.0,0.16706167,0,F,South East Region,60-70%,35-55,N
FFF_2014J_633079,0.0,0.15284428,0,F,Scotland,80-90%,0-35,N
FFF_2013J_509407,1.0,0.99979013,1,M,Ireland,60-70%,0-35,N
BBB_2014J_617671,1.0,0.9958061,1,F,South West Region,60-70%,0-35,N
BBB_2013B_555880,1.0,0.9949727,1,M,Scotland,60-70%,0-35,Y
FFF_2014J_690746,0.0,0.018771866,0,F,Scotland,80-90%,35-55,N
EEE_2014J_689983,0.0,0.08956047,0,M,South West Region,30-40%,0-35,N
BBB_2013J_537271,1.0,0.13981853,0,F,South Region,80-90%,0-35,N
CCC_2014J_1478030,1.0,0.79012525,1,M,London Region,90-100%,55<=,N
CCC_2014J_654258,1.0,0.9118397,1,M,London Region,60-70%,0-35,N
CCC_2014J_2179304,1.0,0.07024054,0,F,North Region,10-20,35-55,N
FFF_2013B_532968,0.0,0.12501264,0,M,Wales,20-30%,35-55,N
BBB_2013B_432319,1.0,0.5552569,1,F,West Midlands Region,60-70%,0-35,N
FFF_2014J_653854,1.0,0.9997514,1,M,North Western Region,0-10%,0-35,N
CCC_2014J_524851,1.0,0.8911826,1,M,Yorkshire Region,60-70%,0-35,N
CCC_2014B_540686,0.0,0.13353667,0,M,North Western Region,10-20,0-35,N
FFF_2014J_390070,1.0,0.14286938,0,M,North Region,30-40%,35-55,N
BBB_2013B_1997796,0.0,0.18369281,0,F,North Region,10-20,35-55,N
BBB_2014J_577645,0.0,0.06341116,0,F,East Anglian Region,50-60%,0-35,N
FFF_2014J_558044,0.0,0.15931226,0,M,North Region,10-20,0-35,N
BBB_2014B_599382,1.0,0.99960524,1,F,South West Region,70-80%,35-55,N
CCC_2014J_688521,0.0,0.10278193,0,M,East Anglian Region,0-10%,0-35,N
EEE_2013J_576606,1.0,0.21302956,0,M,Scotland,90-100%,0-35,N
BBB_2014J_690825,1.0,0.99975866,1,F,Yorkshire Region,10-20,0-35,N
BBB_2013J_589509,0.0,0.15787356,0,F,Scotland,20-30%,0-35,N
BBB_2013B_537414,0.0,0.30888095,0,F,South West Region,70-80%,0-35,N
FFF_2014J_608248,1.0,0.98690015,1,M,Yorkshire Region,80-90%,0-35,N
GGG_2014B_631992,1.0,0.9893399,1,M,South Region,20-30%,0-35,N
BBB_2014B_618882,0.0,0.28617623,0,F,North Western Region,10-20,0-35,Y
DDD_2013J_447059,0.0,0.08073609,0,F,West Midlands Region,50-60%,0-35,N
FFF_2014B_515965,1.0,0.29236495,0,M,London Region,30-40%,35-55,N
DDD_2013J_328173,1.0,0.49300173,0,F,Scotland,20-30%,0-35,N
AAA_2013J_70464,0.0,0.37976477,0,F,West Midlands Region,60-70%,35-55,N
BBB_2013J_1771053,1.0,0.9315219,1,F,West Midlands Region,80-90%,35-55,N
DDD_2013J_370367,1.0,0.4676501,0,F,East Anglian Region,40-50%,0-35,N
DDD_2013B_413580,1.0,0.6541483,1,F,East Midlands Region,10-20,0-35,N
EEE_2014B_595808,1.0,0.88081914,1,M,East Anglian Region,40-50%,0-35,N
CCC_2014B_591738,1.0,0.99956006,1,M,Ireland,90-100%,0-35,N
DDD_2013B_526392,1.0,0.9794557,1,M,Wales,80-90%,0-35,N
DDD_2013J_2505859,0.0,0.104011096,0,M,North Region,10-20,35-55,N
EEE_2014J_656815,0.0,0.073168434,0,M,Wales,70-80%,0-35,N
DDD_2014J_657245,0.0,0.0725141,0,M,East Midlands Region,40-50%,0-35,N
CCC_2014J_679325,1.0,0.999803,1,F,South Region,70-80%,0-35,N
CCC_2014B_595986,0.0,0.58855635,1,M,South West Region,80-90%,0-35,N
EEE_2014J_2067969,0.0,0.07388845,0,M,Scotland,70-80%,35-55,N
FFF_2014B_622130,1.0,0.54919547,1,F,Yorkshire Region,10-20,0-35,N
CCC_2014B_592842,1.0,0.9996307,1,M,Scotland,30-40%,0-35,N
AAA_2014J_304465,0.0,0.06636372,0,F,West Midlands Region,50-60%,0-35,N
CCC_2014J_684270,1.0,0.6788106,1,M,South East Region,70-80%,0-35,N
BBB_2013J_595241,1.0,0.674398,1,M,South West Region,30-40%,0-35,N
GGG_2014B_633666,0.0,0.24567424,0,F,North Western Region,60-70%,35-55,N
BBB_2014B_529439,1.0,0.9994363,1,F,East Anglian Region,10-20,0-35,N
DDD_2013J_501488,1.0,0.8814408,1,F,North Western Region,20-30%,0-35,N
CCC_2014J_336695,0.0,0.39477336,0,F,East Midlands Region,0-10%,0-35,N
DDD_2013B_234978,1.0,0.24043214,0,M,South Region,90-100%,0-35,N
CCC_2014J_614623,1.0,0.99992263,1,M,East Midlands Region,10-20,0-35,N
GGG_2013J_584442,1.0,0.60205615,1,F,West Midlands Region,10-20,0-35,N
EEE_2014J_522645,1.0,0.3247515,0,M,North Western Region,60-70%,0-35,N
BBB_2014B_466377,1.0,0.21050626,0,F,London Region,0-10%,0-35,N
FFF_2013B_1870830,0.0,0.26958883,0,F,South East Region,80-90%,35-55,N
DDD_2014J_563847,1.0,0.8716485,1,F,Ireland,20-30%,0-35,N
DDD_2013B_534910,0.0,0.48608816,0,M,South West Region,10-20,0-35,N
DDD_2014J_365375,1.0,0.27362853,0,F,South East Region,40-50%,35-55,N
FFF_2013J_2595641,0.0,0.6111222,1,M,South West Region,10-20,0-35,N
AAA_2013J_175932,0.0,0.09583292,0,M,North Western Region,70-80%,35-55,N
BBB_2013J_106588,0.0,0.022095133,0,F,Scotland,60-70%,35-55,N
DDD_2014B_627616,1.0,0.9971909,1,F,North Region,20-30%,0-35,Y
DDD_2014B_471189,1.0,0.9997365,1,M,London Region,70-80%,35-55,N
DDD_2014B_524137,0.0,0.35029593,0,F,North Western Region,10-20,0-35,N
BBB_2013J_498635,0.0,0.11048306,0,M,South West Region,20-30%,35-55,N
DDD_2014J_2057959,0.0,0.026757365,0,F,South East Region,60-70%,35-55,N
CCC_2014B_615031,0.0,0.78722185,1,F,South East Region,70-80%,0-35,N
DDD_2014J_648959,1.0,0.44087517,0,M,South East Region,80-90%,0-35,N
BBB_2014B_628341,1.0,0.9998541,1,F,West Midlands Region,80-90%,0-35,N
BBB_2014B_632578,0.0,0.14100018,0,M,Wales,60-70%,35-55,N
BBB_2014B_625249,0.0,0.47848973,0,F,East Anglian Region,40-50%,0-35,N
GGG_2014J_628299,0.0,0.19227561,0,F,South Region,50-60%,35-55,N
FFF_2014J_654441,1.0,0.077210516,0,M,Yorkshire Region,60-70%,0-35,N
EEE_2014J_647432,1.0,0.4559577,0,F,Wales,0-10%,0-35,N
FFF_2013J_566270,0.0,0.08152993,0,M,South Region,80-90%,0-35,N
BBB_2014J_583954,0.0,0.090273,0,F,Yorkshire Region,50-60%,35-55,N
CCC_2014J_530663,0.0,0.32500845,0,F,South Region,50-60%,0-35,N
CCC_2014B_406937,1.0,0.9979699,1,F,South Region,90-100%,35-55,N
FFF_2014J_653536,0.0,0.13352896,0,M,East Midlands Region,10-20,0-35,N
CCC_2014J_690507,0.0,0.4199046,0,M,Scotland,80-90%,35-55,N
DDD_2014J_509933,1.0,0.27932686,0,F,North Region,60-70%,0-35,N
DDD_2013J_429854,0.0,0.5050895,1,F,West Midlands Region,0-10%,0-35,N
DDD_2014B_588397,1.0,0.8220374,1,M,North Region,60-70%,0-35,N
GGG_2014B_608109,0.0,0.21874881,0,F,London Region,70-80%,0-35,N
FFF_2013J_2692632,1.0,0.7580246,1,M,East Anglian Region,0-10%,0-35,N
CCC_2014J_526235,1.0,0.544635,1,M,Yorkshire Region,40-50%,35-55,N
FFF_2014J_696276,1.0,0.9990395,1,M,Ireland,0-10%,0-35,N
FFF_2013J_560949,0.0,0.24426252,0,F,North Western Region,0-10%,0-35,N
FFF_2013J_53626,1.0,0.98062634,1,M,Scotland,30-40%,35-55,Y
CCC_2014J_649816,1.0,0.37667254,0,M,South Region,90-100%,35-55,N
BBB_2014B_620354,0.0,0.30343613,0,F,West Midlands Region,50-60%,35-55,N
DDD_2013B_240936,1.0,0.97858024,1,M,South East Region,80-90%,0-35,N
FFF_2014J_648455,1.0,0.96374387,1,M,East Anglian Region,90-100%,0-35,N
FFF_2014J_584594,1.0,0.9993777,1,M,South East Region,40-50%,0-35,N
GGG_2013J_589744,0.0,0.8553736,1,M,West Midlands Region,10-20,0-35,N
FFF_2013B_548926,1.0,0.22420873,0,F,East Anglian Region,70-80%,0-35,N
DDD_2013J_2654602,1.0,0.99960107,1,M,West Midlands Region,80-90%,0-35,N
FFF_2013J_609537,0.0,0.06007989,0,M,North Region,90-100%,0-35,N
DDD_2014B_602454,0.0,0.53852016,1,F,London Region,10-20,0-35,N
CCC_2014B_600938,1.0,0.9997843,1,M,Scotland,60-70%,0-35,N
FFF_2013J_605756,0.0,0.456353,0,M,South East Region,50-60%,0-35,N
DDD_2014J_641744,0.0,0.07520742,0,F,South East Region,90-100%,0-35,Y
GGG_2014B_633979,0.0,0.20603761,0,F,South East Region,60-70%,35-55,N
DDD_2013J_271206,1.0,0.99393797,1,M,North Region,50-60%,0-35,N
EEE_2013J_607947,0.0,0.063467905,0,M,North Western Region,70-80%,0-35,N
BBB_2013B_553321,0.0,0.16098404,0,F,East Anglian Region,70-80%,35-55,N
EEE_2014B_617355,0.0,0.12270281,0,F,South Region,30-40%,0-35,N
DDD_2014B_569084,0.0,0.21973188,0,M,East Midlands Region,10-20,0-35,N
FFF_2014B_518359,0.0,0.15184918,0,M,Ireland,0-10%,35-55,N
GGG_2013J_610016,1.0,0.42986786,0,F,West Midlands Region,50-60%,0-35,N
DDD_2014J_595787,1.0,0.7058548,1,M,Wales,20-30%,0-35,N
DDD_2013J_484423,0.0,0.18326987,0,F,South West Region,90-100%,0-35,N
FFF_2014J_645433,1.0,0.10268826,0,M,Scotland,30-40%,35-55,N
BBB_2014B_484446,1.0,0.9999198,1,F,South West Region,20-30%,0-35,N
DDD_2014J_685033,1.0,0.99987996,1,M,East Anglian Region,90-100%,0-35,N
FFF_2013J_590714,1.0,0.99985445,1,M,North Region,10-20,0-35,N
DDD_2013B_2549875,0.0,0.13139063,0,M,Ireland,0-10%,0-35,N
BBB_2013J_613175,1.0,0.5270956,1,F,Ireland,40-50%,0-35,N
EEE_2014B_625975,1.0,0.5387582,1,M,West Midlands Region,50-60%,0-35,Y
AAA_2013J_238007,0.0,0.12485653,0,M,South Region,90-100%,55<=,N
DDD_2014J_590127,0.0,0.0707415,0,F,South Region,10-20,0-35,N
EEE_2014J_640439,0.0,0.085439615,0,M,Ireland,30-40%,0-35,N
DDD_2013J_573689,0.0,0.57428,1,M,East Midlands Region,60-70%,0-35,N
FFF_2013J_571859,0.0,0.19749308,0,F,South West Region,60-70%,0-35,N
GGG_2014B_634018,0.0,0.5676612,1,M,South East Region,70-80%,35-55,N
DDD_2013J_590676,0.0,0.34819978,0,M,South East Region,20-30%,0-35,N
DDD_2014B_117281,0.0,0.055418856,0,M,South Region,70-80%,0-35,N
FFF_2014B_576159,0.0,0.071978666,0,M,Scotland,60-70%,0-35,N
DDD_2014J_2533609,1.0,0.15073869,0,M,Wales,10-20,35-55,N
DDD_2013B_556337,0.0,0.58086795,1,F,Wales,60-70%,0-35,Y
DDD_2013B_544603,0.0,0.4383177,0,M,North Region,0-10%,0-35,N
AAA_2014J_574505,0.0,0.70114005,1,F,West Midlands Region,40-50%,0-35,N
DDD_2013J_496154,1.0,0.7080733,1,F,South Region,50-60%,35-55,N
BBB_2014J_692473,0.0,0.6138259,1,F,Wales,50-60%,0-35,N
BBB_2013J_601887,0.0,0.40752363,0,F,South West Region,30-40%,0-35,N
AAA_2013J_2574528,0.0,0.25191724,0,M,Ireland,0-10%,35-55,N
FFF_2013B_520187,0.0,0.34584725,0,M,South Region,10-20,0-35,N
BBB_2014B_487002,0.0,0.09213127,0,F,South East Region,20-30%,0-35,N
FFF_2013J_587619,0.0,0.07362892,0,M,Scotland,80-90%,0-35,N
BBB_2014B_1719114,0.0,0.24393418,0,F,London Region,40-50%,35-55,N
BBB_2014J_651278,1.0,0.28685713,0,F,Yorkshire Region,30-40%,0-35,N
BBB_2014J_582694,1.0,0.15046836,0,F,South Region,60-70%,0-35,Y
BBB_2014J_614405,1.0,0.9986405,1,M,East Anglian Region,50-60%,0-35,N
FFF_2013B_549410,1.0,0.41034913,0,M,North Western Region,80-90%,0-35,N
DDD_2013B_537621,1.0,0.99510926,1,M,North Western Region,60-70%,35-55,N
FFF_2013B_548969,1.0,0.5244316,1,M,East Anglian Region,90-100%,0-35,Y
CCC_2014B_623738,1.0,0.99996555,1,M,London Region,20-30%,35-55,N
BBB_2014B_620175,1.0,0.9966029,1,F,London Region,10-20,0-35,N
EEE_2014J_687242,0.0,0.08852428,0,M,North Region,10-20,0-35,N
BBB_2013B_514987,0.0,0.44658047,0,F,West Midlands Region,0-10%,0-35,N
FFF_2014J_683243,1.0,0.48191503,0,M,West Midlands Region,40-50%,0-35,N
DDD_2014B_627367,1.0,0.14196824,0,F,East Midlands Region,70-80%,0-35,N
BBB_2014J_685829,0.0,0.3206018,0,M,East Anglian Region,0-10%,35-55,N
DDD_2014B_2336922,0.0,0.13113014,0,F,South East Region,80-90%,35-55,N
DDD_2013B_2374404,0.0,0.2878724,0,M,Ireland,0-10%,35-55,N
BBB_2014J_647502,0.0,0.101021975,0,F,East Midlands Region,60-70%,35-55,N
FFF_2014B_611245,1.0,0.9590193,1,M,Wales,60-70%,0-35,N
CCC_2014B_607413,1.0,0.9988236,1,M,East Anglian Region,40-50%,0-35,N
EEE_2014J_684617,1.0,0.9768941,1,M,North Region,10-20,0-35,N
GGG_2014B_118474,0.0,0.4082862,0,M,East Anglian Region,60-70%,0-35,N
DDD_2013B_551979,1.0,0.9984837,1,M,Scotland,0-10%,0-35,N
BBB_2014J_1888723,1.0,0.9949999,1,F,North Western Region,30-40%,35-55,N
FFF_2014B_232286,0.0,0.41683817,0,M,Yorkshire Region,10-20,0-35,Y
BBB_2013B_519647,1.0,0.9959651,1,F,South West Region,10-20,0-35,N
BBB_2014B_634491,0.0,0.1002174,0,F,East Anglian Region,70-80%,35-55,N
BBB_2013B_2303034,1.0,0.3890309,0,F,South West Region,20-30%,35-55,Y
FFF_2013J_598235,1.0,0.6737034,1,M,South Region,10-20,0-35,N
FFF_2014J_685367,1.0,0.60669816,1,M,Ireland,60-70%,0-35,Y
FFF_2013J_117232,0.0,0.12384202,0,M,Ireland,20-30%,0-35,N
GGG_2013J_2386281,0.0,0.14869586,0,F,South East Region,90-100%,35-55,Y
FFF_2014J_632826,0.0,0.022236295,0,M,East Anglian Region,10-20,0-35,N
GGG_2014J_554580,0.0,0.77824515,1,M,London Region,10-20,35-55,Y
BBB_2014J_675094,1.0,0.97215456,1,F,East Midlands Region,10-20,35-55,N
BBB_2013B_2597027,1.0,0.99542856,1,F,South West Region,40-50%,35-55,N
DDD_2014J_698347,1.0,0.44193283,0,F,Scotland,60-70%,0-35,N
BBB_2014B_444858,1.0,0.3013786,0,F,London Region,0-10%,35-55,N
BBB_2013J_599785,0.0,0.14547828,0,F,Scotland,50-60%,35-55,N
BBB_2014B_415298,1.0,0.99962664,1,F,South East Region,50-60%,0-35,N
DDD_2013B_2523146,1.0,0.13029708,0,M,East Midlands Region,80-90%,0-35,N
FFF_2014B_612743,1.0,0.9893295,1,M,London Region,30-40%,0-35,N
CCC_2014J_509150,1.0,0.2699072,0,M,North Region,10-20,35-55,N
GGG_2013J_582460,0.0,0.090109885,0,F,East Anglian Region,20-30%,0-35,Y
CCC_2014J_447695,1.0,0.52717125,1,M,Ireland,50-60%,35-55,N
DDD_2013B_548069,0.0,0.31403548,0,M,South East Region,60-70%,0-35,N
FFF_2013J_579506,0.0,0.31054637,0,M,North Region,50-60%,0-35,N
DDD_2014B_178258,1.0,0.2943775,0,F,West Midlands Region,10-20,35-55,N
EEE_2013J_588628,0.0,0.1177523,0,M,South West Region,60-70%,55<=,N
DDD_2014B_631630,1.0,0.9966973,1,F,East Anglian Region,30-40%,0-35,N
CCC_2014B_609192,1.0,0.9957194,1,M,Scotland,80-90%,0-35,N
FFF_2013J_560703,0.0,0.056830358,0,M,Yorkshire Region,50-60%,35-55,N
DDD_2013J_566979,0.0,0.07926595,0,M,North Western Region,0-10%,0-35,N
CCC_2014J_603529,0.0,0.6642493,1,M,Scotland,50-60%,0-35,N
GGG_2014B_613235,0.0,0.73897916,1,M,North Western Region,0-10%,35-55,Y
CCC_2014B_552590,1.0,0.9923096,1,M,South West Region,40-50%,0-35,N
BBB_2013J_581038,1.0,0.21069658,0,F,East Midlands Region,30-40%,0-35,N
GGG_2014B_599467,0.0,0.63812613,1,M,South West Region,20-30%,0-35,N
FFF_2013J_565469,1.0,0.8577667,1,M,East Midlands Region,80-90%,0-35,N
DDD_2013J_333155,1.0,0.9998324,1,M,North Western Region,70-80%,35-55,N
FFF_2013J_560410,0.0,0.80686533,1,M,Scotland,30-40%,0-35,N
FFF_2013J_587369,1.0,0.09139173,0,M,South East Region,90-100%,35-55,N
BBB_2014J_582898,0.0,0.08444814,0,F,Yorkshire Region,50-60%,0-35,N
FFF_2014J_604567,0.0,0.08564522,0,M,Scotland,60-70%,35-55,N
EEE_2014B_527771,1.0,0.9130443,1,M,Yorkshire Region,40-50%,0-35,N
EEE_2013J_2474995,0.0,0.06687656,0,M,North Region,10-20,35-55,N
DDD_2014J_566482,1.0,0.22635996,0,F,London Region,30-40%,0-35,N
GGG_2014J_674660,1.0,0.9944739,1,F,London Region,10-20,35-55,N
DDD_2013J_608238,0.0,0.16425918,0,M,North Region,10-20,35-55,N
CCC_2014B_84299,1.0,0.69528353,1,M,London Region,20-30%,0-35,N
FFF_2013J_508942,1.0,0.0979952,0,M,South Region,10-20,0-35,Y
CCC_2014B_385387,0.0,0.08602739,0,F,North Region,10-20,0-35,N
DDD_2014J_638023,1.0,0.98812056,1,M,South Region,90-100%,0-35,N
FFF_2013J_565990,0.0,0.13975218,0,M,London Region,0-10%,0-35,N
BBB_2014B_1502193,0.0,0.08067915,0,F,East Midlands Region,30-40%,35-55,N
CCC_2014J_519879,1.0,0.9939267,1,F,South Region,90-100%,55<=,N
CCC_2014B_1922200,1.0,0.30987906,0,M,Ireland,50-60%,35-55,N
BBB_2014J_606391,0.0,0.08127147,0,F,Yorkshire Region,50-60%,35-55,N
FFF_2013B_506412,1.0,0.09350503,0,M,East Anglian Region,90-100%,0-35,N
BBB_2014B_2006364,1.0,0.94498473,1,F,Scotland,10-20,35-55,N
CCC_2014B_1781834,0.0,0.35905722,0,M,Ireland,30-40%,35-55,N
FFF_2013J_607938,0.0,0.27704614,0,M,East Anglian Region,20-30%,0-35,N
FFF_2013J_352083,1.0,0.997908,1,M,West Midlands Region,10-20,35-55,N
DDD_2013B_559469,0.0,0.24750343,0,F,North Region,10-20,0-35,N
FFF_2013J_349247,1.0,0.9961622,1,M,East Midlands Region,10-20,0-35,Y
FFF_2013J_2524572,1.0,0.22556527,0,M,South East Region,60-70%,35-55,Y
BBB_2013J_556089,0.0,0.14653021,0,F,East Anglian Region,30-40%,0-35,N
CCC_2014B_96538,1.0,0.9933414,1,M,North Region,0-10%,0-35,N
DDD_2013B_405426,1.0,0.4751781,0,M,Scotland,40-50%,0-35,N
FFF_2013J_572179,1.0,0.680711,1,M,Scotland,40-50%,0-35,Y
DDD_2013J_604627,0.0,0.22812681,0,M,South East Region,50-60%,0-35,N
FFF_2014J_683820,0.0,0.13906123,0,M,Scotland,30-40%,0-35,N
DDD_2013J_546403,1.0,0.9999801,1,M,North Western Region,60-70%,0-35,N
FFF_2014B_628004,0.0,0.3299463,0,F,South West Region,30-40%,0-35,N
DDD_2013J_2608420,1.0,0.9998252,1,F,East Midlands Region,40-50%,0-35,N
BBB_2014B_631031,1.0,0.27838573,0,F,Scotland,30-40%,35-55,N
FFF_2014J_103594,1.0,0.9999871,1,M,Wales,50-60%,0-35,N
FFF_2014J_650758,1.0,0.33283362,0,M,Yorkshire Region,20-30%,35-55,N
CCC_2014B_335553,1.0,0.3174132,0,M,West Midlands Region,20-30%,0-35,N
CCC_2014B_475945,0.0,0.38231948,0,F,Yorkshire Region,70-80%,35-55,N
EEE_2014J_603108,0.0,0.16515781,0,M,East Anglian Region,80-90%,0-35,N
FFF_2013J_478583,1.0,0.57439893,1,F,London Region,20-30%,0-35,N
FFF_2014B_604969,1.0,0.974476,1,M,Scotland,10-20,35-55,N
BBB_2014J_409708,0.0,0.23555674,0,F,East Anglian Region,80-90%,0-35,N
EEE_2014B_629089,1.0,0.39076856,0,M,Yorkshire Region,50-60%,35-55,N
DDD_2013J_2082180,1.0,0.12400223,0,M,London Region,90-100%,0-35,N
BBB_2013B_2446144,0.0,0.07757609,0,F,South West Region,60-70%,35-55,N
EEE_2013J_444403,0.0,0.032565173,0,M,Wales,20-30%,35-55,N
BBB_2013J_567598,1.0,0.9997316,1,F,North Western Region,0-10%,0-35,N
CCC_2014J_35355,1.0,0.22125974,0,M,Wales,0-10%,35-55,N
BBB_2014B_624734,1.0,0.11045457,0,F,East Anglian Region,60-70%,0-35,N
EEE_2014B_623115,1.0,0.19739403,0,M,East Midlands Region,60-70%,0-35,N
FFF_2014B_625903,1.0,0.9997285,1,M,West Midlands Region,30-40%,0-35,N
DDD_2013B_364440,1.0,0.99997234,1,F,East Midlands Region,30-40%,35-55,Y
BBB_2013J_575681,0.0,0.0648356,0,F,North Western Region,70-80%,35-55,N
BBB_2014B_539675,1.0,0.4583508,0,F,South East Region,30-40%,0-35,N
DDD_2013B_482117,1.0,0.99998665,1,M,North Western Region,20-30%,0-35,N
FFF_2014B_621722,0.0,0.06271912,0,F,South West Region,30-40%,0-35,N
BBB_2013J_582190,1.0,0.50152665,1,F,East Anglian Region,70-80%,0-35,N
DDD_2014B_619359,0.0,0.07065779,0,M,East Anglian Region,90-100%,0-35,Y
DDD_2013B_435780,1.0,0.42035308,0,F,Scotland,50-60%,0-35,N
BBB_2014J_341611,1.0,0.99128133,1,F,North Western Region,0-10%,0-35,N
BBB_2013B_479171,0.0,0.075355604,0,F,South East Region,60-70%,0-35,N
FFF_2014B_552395,1.0,0.8188886,1,M,Yorkshire Region,0-10%,0-35,Y
DDD_2014J_507478,1.0,0.64356714,1,M,West Midlands Region,0-10%,0-35,N
FFF_2013J_598666,1.0,0.8668574,1,M,London Region,20-30%,0-35,N
DDD_2013J_396668,0.0,0.34300414,0,M,South East Region,20-30%,0-35,N
BBB_2014J_531865,0.0,0.16000667,0,M,Scotland,10-20,35-55,N
CCC_2014B_559706,0.0,0.56834966,1,M,East Midlands Region,60-70%,0-35,N
DDD_2014B_2228206,1.0,0.09694556,0,M,West Midlands Region,70-80%,35-55,N
FFF_2013B_1494901,1.0,0.99959546,1,M,South Region,90-100%,35-55,N
GGG_2014B_629542,1.0,0.9482687,1,M,London Region,20-30%,0-35,N
FFF_2014J_682894,1.0,0.28514177,0,M,South Region,30-40%,0-35,N
DDD_2013J_560870,1.0,0.9727192,1,F,South Region,20-30%,0-35,N
BBB_2014B_322509,0.0,0.120128535,0,F,South Region,40-50%,0-35,N
FFF_2014B_618744,1.0,0.97064924,1,M,South East Region,40-50%,0-35,Y
DDD_2013J_580441,1.0,0.94680864,1,M,East Anglian Region,40-50%,35-55,N
FFF_2013J_594342,1.0,0.29625338,0,M,West Midlands Region,0-10%,0-35,N
BBB_2014B_397747,0.0,0.598672,1,F,South Region,50-60%,0-35,N
CCC_2014J_647083,1.0,0.96141154,1,M,Yorkshire Region,10-20,0-35,N
EEE_2013J_563666,0.0,0.3081163,0,M,East Midlands Region,60-70%,0-35,N
GGG_2014J_648257,1.0,0.36795065,0,M,North Western Region,60-70%,0-35,N
BBB_2013J_272172,1.0,0.6763235,1,F,North Western Region,0-10%,0-35,N
FFF_2013B_377244,0.0,0.08888198,0,M,North Western Region,40-50%,0-35,N
FFF_2013J_582125,0.0,0.4998501,0,M,Scotland,50-60%,0-35,N
BBB_2013B_126411,1.0,0.9698896,1,F,West Midlands Region,0-10%,0-35,Y
CCC_2014B_2446778,1.0,0.99858093,1,F,Yorkshire Region,70-80%,0-35,N
BBB_2014J_298303,0.0,0.13378215,0,F,Ireland,10-20,0-35,N
BBB_2014B_508400,1.0,0.48435056,0,F,North Region,0-10%,0-35,N
FFF_2014J_230656,1.0,0.999985,1,M,North Region,0-10%,0-35,N
BBB_2014B_495958,1.0,0.9968694,1,F,South West Region,20-30%,0-35,N
BBB_2014B_629424,1.0,0.43805525,0,F,Wales,40-50%,0-35,N
DDD_2014J_678262,1.0,0.9998317,1,F,South West Region,60-70%,0-35,N
FFF_2013J_88781,1.0,0.49654785,0,M,South East Region,60-70%,0-35,N
GGG_2013J_591216,1.0,0.35867974,0,F,East Anglian Region,90-100%,0-35,Y
FFF_2013J_401866,1.0,0.6528612,1,M,East Midlands Region,90-100%,0-35,N
GGG_2014B_589053,0.0,0.4974424,0,F,London Region,30-40%,35-55,N
BBB_2014B_611974,1.0,0.36459717,0,F,North Western Region,0-10%,0-35,N
BBB_2013B_197595,0.0,0.19923596,0,F,London Region,30-40%,35-55,N
CCC_2014J_572396,0.0,0.07849046,0,M,South West Region,60-70%,0-35,N
FFF_2014J_328377,1.0,0.9999943,1,M,West Midlands Region,60-70%,35-55,N
CCC_2014J_69494,1.0,0.94648504,1,F,Yorkshire Region,20-30%,0-35,N
BBB_2013B_497793,0.0,0.20471042,0,F,North Region,20-30%,0-35,N
BBB_2014J_555749,0.0,0.16601586,0,F,Scotland,90-100%,0-35,N
FFF_2014J_684013,0.0,0.07749753,0,M,Wales,80-90%,35-55,N
DDD_2013J_581138,1.0,0.46630985,0,F,South East Region,80-90%,0-35,N
DDD_2013J_588493,0.0,0.11227808,0,M,Scotland,90-100%,0-35,N
BBB_2014J_684375,0.0,0.199712,0,M,West Midlands Region,0-10%,0-35,Y
DDD_2013J_2569653,1.0,0.98948276,1,M,North Western Region,90-100%,35-55,N
FFF_2013B_526527,1.0,0.99945706,1,M,London Region,20-30%,0-35,N
GGG_2013J_493763,0.0,0.1698157,0,F,South Region,50-60%,0-35,N
BBB_2013J_586165,1.0,0.22380456,0,F,East Midlands Region,60-70%,0-35,N
DDD_2014B_605131,1.0,0.9919944,1,M,West Midlands Region,10-20,0-35,N
BBB_2014B_1332999,0.0,0.25170887,0,F,Wales,30-40%,35-55,N
BBB_2013J_398525,0.0,0.36627287,0,F,London Region,0-10%,0-35,N
DDD_2014J_1777223,1.0,0.7257638,1,F,East Anglian Region,60-70%,35-55,N
DDD_2014J_642838,0.0,0.088120095,0,F,Yorkshire Region,10-20,0-35,N
CCC_2014J_608577,1.0,0.76338357,1,M,North Region,10-20,35-55,N
BBB_2013J_561841,0.0,0.06387126,0,F,Scotland,30-40%,0-35,N
FFF_2013J_2621734,1.0,0.4172875,0,M,London Region,0-10%,0-35,N
CCC_2014B_607927,1.0,0.7934686,1,F,North Western Region,30-40%,0-35,N
GGG_2014J_653495,0.0,0.31186256,0,F,Yorkshire Region,20-30%,35-55,N
GGG_2013J_591804,0.0,0.18902501,0,F,North Western Region,60-70%,35-55,N
DDD_2013J_562548,1.0,0.99981767,1,F,London Region,30-40%,0-35,N
DDD_2014J_600680,0.0,0.236571,0,M,East Midlands Region,60-70%,35-55,N
FFF_2013B_552580,1.0,0.9223727,1,M,South Region,50-60%,0-35,N
AAA_2013J_184271,0.0,0.13143915,0,M,South West Region,80-90%,35-55,N
FFF_2013J_513796,1.0,0.9999782,1,M,East Anglian Region,20-30%,0-35,N
DDD_2013B_546339,1.0,0.99616385,1,F,Scotland,30-40%,0-35,Y
GGG_2013J_156127,1.0,0.3331928,0,F,North Western Region,0-10%,0-35,N
BBB_2013J_540293,0.0,0.3886035,0,F,Wales,10-20,35-55,N
DDD_2013B_522572,0.0,0.6863185,1,M,West Midlands Region,10-20,0-35,N
FFF_2014J_693812,1.0,0.9932069,1,M,Yorkshire Region,0-10%,0-35,N
FFF_2013B_184129,1.0,0.97015095,1,M,Wales,90-100%,0-35,N
FFF_2014J_690296,1.0,0.305045,0,M,South East Region,60-70%,0-35,N
FFF_2013J_2463282,1.0,0.85866654,1,M,South West Region,70-80%,35-55,Y
FFF_2014B_339824,0.0,0.22448952,0,M,East Anglian Region,80-90%,0-35,Y
GGG_2013J_253208,0.0,0.20432572,0,F,North Region,60-70%,0-35,N
AAA_2014J_687698,0.0,0.6490702,1,M,Yorkshire Region,20-30%,0-35,N
CCC_2014B_608750,1.0,0.99996734,1,M,London Region,60-70%,0-35,N
CCC_2014J_242636,1.0,0.9958931,1,M,West Midlands Region,40-50%,0-35,N
DDD_2014J_656496,0.0,0.394485,0,M,Scotland,70-80%,0-35,N
EEE_2013J_564700,0.0,0.08839186,0,M,South Region,70-80%,0-35,N
AAA_2013J_185439,1.0,0.9900731,1,M,London Region,10-20,0-35,N
FFF_2014J_591655,1.0,0.7376639,1,M,North Region,70-80%,0-35,N
EEE_2013J_391466,0.0,0.2118038,0,F,Ireland,0-10%,0-35,N
GGG_2013J_605306,1.0,0.59444064,1,F,London Region,60-70%,0-35,N
DDD_2014J_627695,1.0,0.5162493,1,M,London Region,40-50%,0-35,N
CCC_2014J_680133,0.0,0.15496413,0,F,Scotland,90-100%,0-35,N
DDD_2013J_560493,0.0,0.23691033,0,F,Wales,40-50%,0-35,N
FFF_2013B_483743,1.0,0.9994301,1,M,South West Region,70-80%,0-35,N
CCC_2014B_608472,1.0,0.89519423,1,M,North Western Region,50-60%,0-35,N
FFF_2013B_422061,0.0,0.36298192,0,M,South Region,90-100%,0-35,N
EEE_2014B_1618172,0.0,0.17374268,0,F,East Midlands Region,70-80%,35-55,N
DDD_2013J_512525,1.0,0.6319857,1,M,Wales,70-80%,0-35,Y
CCC_2014B_445777,0.0,0.3993596,0,M,Scotland,80-90%,0-35,N
DDD_2014B_632463,1.0,0.8466475,1,F,East Anglian Region,70-80%,0-35,N
FFF_2013B_543415,0.0,0.24982685,0,M,South Region,80-90%,0-35,Y
DDD_2013B_249996,1.0,0.6689743,1,F,South East Region,30-40%,0-35,N
DDD_2014B_577954,1.0,0.7779857,1,F,South Region,40-50%,0-35,Y
FFF_2014J_197536,0.0,0.18384019,0,F,Yorkshire Region,80-90%,0-35,N
BBB_2013B_549196,0.0,0.18167317,0,F,South Region,0-10%,0-35,N
FFF_2013B_505244,1.0,0.99962306,1,M,North Western Region,0-10%,35-55,N
GGG_2014B_631542,0.0,0.25026044,0,M,North Western Region,10-20,35-55,Y
BBB_2014B_320363,1.0,0.5245332,1,F,South Region,20-30%,35-55,N
BBB_2014B_554766,1.0,0.98018813,1,F,Ireland,30-40%,35-55,N
CCC_2014J_598028,1.0,0.9702308,1,M,Yorkshire Region,90-100%,0-35,N
BBB_2013J_585816,1.0,0.67166334,1,F,South East Region,0-10%,0-35,N
EEE_2013J_2435726,0.0,0.11917738,0,F,Scotland,40-50%,0-35,N
BBB_2013J_501208,0.0,0.77621025,1,F,South East Region,60-70%,35-55,N
CCC_2014J_640109,1.0,0.9998596,1,M,London Region,10-20,35-55,N
GGG_2014B_617700,0.0,0.4136943,0,F,South West Region,30-40%,35-55,N
BBB_2013J_580328,1.0,0.9981865,1,M,South Region,80-90%,35-55,N
FFF_2014J_683624,0.0,0.08466916,0,M,Wales,30-40%,0-35,N
FFF_2014B_348855,0.0,0.09875612,0,M,Scotland,20-30%,35-55,N
CCC_2014J_603979,1.0,0.99981457,1,F,Scotland,40-50%,35-55,N
AAA_2013J_2599352,0.0,0.42996043,0,F,Scotland,30-40%,0-35,N
DDD_2013J_59275,1.0,0.52744865,1,M,Scotland,40-50%,0-35,N
FFF_2014J_629182,1.0,0.83430517,1,M,East Anglian Region,60-70%,35-55,N
DDD_2013B_497405,1.0,0.9987496,1,M,London Region,80-90%,55<=,N
EEE_2013J_591398,1.0,0.99189574,1,M,South Region,90-100%,35-55,N
EEE_2014B_626444,1.0,0.6163313,1,M,Yorkshire Region,50-60%,0-35,N
FFF_2013J_564119,0.0,0.23523167,0,M,South Region,80-90%,0-35,N
DDD_2013B_281271,1.0,0.9993468,1,M,Scotland,30-40%,35-55,Y
CCC_2014B_2488382,0.0,0.2382923,0,F,Scotland,50-60%,0-35,N
FFF_2013J_559863,0.0,0.26205653,0,M,Ireland,0-10%,35-55,N
FFF_2013B_165806,1.0,0.3307752,0,F,London Region,30-40%,0-35,N
GGG_2013J_604539,0.0,0.277383,0,F,East Midlands Region,40-50%,0-35,N
CCC_2014B_583906,0.0,0.12015589,0,M,London Region,30-40%,0-35,N
BBB_2013J_528642,1.0,0.9999534,1,F,Wales,40-50%,0-35,N
EEE_2014J_2599179,0.0,0.043688014,0,M,West Midlands Region,60-70%,0-35,N
BBB_2013B_512180,1.0,0.73782015,1,F,Wales,0-10%,0-35,Y
FFF_2013B_440911,1.0,0.98678046,1,M,East Midlands Region,10-20,0-35,N
DDD_2013B_178639,1.0,0.9980027,1,M,North Western Region,0-10%,35-55,N
FFF_2013J_580824,1.0,0.9999907,1,M,London Region,20-30%,0-35,N
CCC_2014B_543678,0.0,0.48397294,0,M,London Region,0-10%,0-35,N
DDD_2014B_406753,1.0,0.9995246,1,F,East Anglian Region,50-60%,35-55,N
AAA_2014J_2297896,0.0,0.3306301,0,F,West Midlands Region,70-80%,35-55,N
BBB_2013J_610392,1.0,0.9193146,1,F,London Region,10-20,0-35,N
CCC_2014J_554444,1.0,0.97936386,1,F,West Midlands Region,10-20,0-35,N
BBB_2013J_365169,0.0,0.022718372,0,F,South East Region,80-90%,0-35,N
FFF_2013J_2678993,1.0,0.13378952,0,M,Scotland,10-20,0-35,N
EEE_2014B_547685,1.0,0.6319024,1,M,Scotland,40-50%,0-35,N
BBB_2013B_528649,1.0,0.42190254,0,M,London Region,80-90%,0-35,N
DDD_2014B_464748,1.0,0.5120853,1,F,North Region,30-40%,0-35,N
EEE_2014J_613953,0.0,0.074688785,0,M,North Western Region,50-60%,0-35,N
BBB_2013J_610780,1.0,0.40378168,0,F,East Midlands Region,0-10%,0-35,N
BBB_2014B_542466,0.0,0.58855397,1,F,Scotland,20-30%,0-35,N
EEE_2014J_689618,1.0,0.98657066,1,M,Scotland,50-60%,0-35,N
DDD_2014B_632793,1.0,0.6181593,1,F,North Western Region,0-10%,0-35,N
DDD_2014B_617442,0.0,0.09129791,0,M,South Region,60-70%,0-35,N
BBB_2013B_435803,1.0,0.9990422,1,F,Wales,0-10%,0-35,N
AAA_2013J_2255601,1.0,0.23854992,0,F,South Region,80-90%,35-55,N
BBB_2014J_676973,1.0,0.9966029,1,F,West Midlands Region,10-20,0-35,N
CCC_2014B_2016517,0.0,0.21968219,0,M,North Western Region,80-90%,0-35,N
GGG_2014J_644743,0.0,0.41353428,0,F,Scotland,60-70%,0-35,N
GGG_2014B_628869,0.0,0.19579002,0,M,South East Region,30-40%,0-35,N
EEE_2013J_473739,0.0,0.19123007,0,M,South Region,50-60%,0-35,N
BBB_2014J_651324,0.0,0.17310797,0,F,London Region,30-40%,0-35,N
FFF_2014J_589389,0.0,0.093062975,0,M,South West Region,40-50%,0-35,N
FFF_2014J_2480886,1.0,0.020152187,0,F,East Anglian Region,80-90%,0-35,Y
BBB_2014B_583950,1.0,0.5057462,1,F,North Western Region,0-10%,0-35,N
AAA_2013J_341872,1.0,0.6149548,1,M,East Anglian Region,40-50%,0-35,N
EEE_2014J_695644,0.0,0.08808688,0,M,Ireland,0-10%,35-55,N
FFF_2014J_434476,0.0,0.2578913,0,M,London Region,30-40%,35-55,Y
FFF_2014J_692334,0.0,0.10304913,0,M,Ireland,0-10%,0-35,N
FFF_2014B_622430,1.0,0.5813437,1,M,London Region,0-10%,0-35,N
FFF_2013J_2364905,1.0,0.73334223,1,M,North Western Region,60-70%,0-35,N
FFF_2014B_620277,1.0,0.07548466,0,F,Ireland,30-40%,0-35,N
DDD_2014B_531234,0.0,0.26587728,0,F,West Midlands Region,70-80%,35-55,N
DDD_2013J_1442991,0.0,0.32168883,0,M,Scotland,70-80%,35-55,N
EEE_2014J_580689,1.0,0.7758545,1,M,Scotland,20-30%,35-55,Y
AAA_2013J_1889511,0.0,0.16286571,0,M,Yorkshire Region,50-60%,35-55,N
FFF_2013J_2105230,1.0,0.3723583,0,M,North Western Region,20-30%,0-35,N
FFF_2013B_548043,1.0,0.9983511,1,M,West Midlands Region,10-20,0-35,Y
FFF_2014B_2097046,1.0,0.21805996,0,M,Wales,60-70%,35-55,N
CCC_2014B_551856,1.0,0.9921733,1,M,North Region,10-20,0-35,N
EEE_2014J_679801,0.0,0.055087227,0,M,East Anglian Region,80-90%,0-35,N
BBB_2013J_539299,1.0,0.9886404,1,F,East Midlands Region,0-10%,0-35,N
FFF_2013B_553325,1.0,0.32684612,0,M,Wales,50-60%,0-35,N
EEE_2014J_583288,1.0,0.66609293,1,F,London Region,0-10%,0-35,N
FFF_2014B_610775,0.0,0.2114762,0,M,South East Region,50-60%,0-35,N
FFF_2013J_335476,0.0,0.33462366,0,M,Wales,30-40%,0-35,N
DDD_2014J_688171,1.0,0.9961902,1,M,West Midlands Region,20-30%,0-35,Y
EEE_2013J_602703,0.0,0.07633769,0,M,South East Region,50-60%,0-35,N
CCC_2014J_51576,1.0,0.5275563,1,F,London Region,10-20,0-35,N
GGG_2013J_586981,1.0,0.16758211,0,M,Yorkshire Region,0-10%,35-55,Y
FFF_2013B_468908,1.0,0.7274653,1,M,South West Region,30-40%,0-35,N
FFF_2013B_2090053,0.0,0.10212458,0,M,East Anglian Region,40-50%,0-35,N
CCC_2014B_502833,1.0,0.9966331,1,M,Scotland,30-40%,0-35,N
DDD_2014J_675539,0.0,0.114355564,0,F,Wales,40-50%,35-55,N
FFF_2013J_590980,0.0,0.32438797,0,M,South West Region,70-80%,0-35,N
CCC_2014B_566670,0.0,0.5696125,1,M,West Midlands Region,0-10%,35-55,N
GGG_2013J_470340,0.0,0.072704025,0,F,West Midlands Region,50-60%,0-35,N
GGG_2014J_694359,0.0,0.19317637,0,F,East Midlands Region,50-60%,0-35,N
GGG_2013J_500720,0.0,0.9449902,1,F,South Region,80-90%,0-35,N
FFF_2013B_521377,1.0,0.55572355,1,M,Ireland,90-100%,0-35,N
DDD_2014B_547860,1.0,0.99997425,1,F,Yorkshire Region,40-50%,0-35,N
DDD_2013J_595079,0.0,0.57083446,1,F,Scotland,40-50%,0-35,N
BBB_2013B_529767,1.0,0.9995301,1,F,West Midlands Region,60-70%,35-55,N
FFF_2013J_77744,0.0,0.06362846,0,M,North Western Region,40-50%,0-35,N
DDD_2014B_587576,1.0,0.9997341,1,M,North Region,10-20,0-35,N
DDD_2014J_2348143,1.0,0.99857616,1,M,North Western Region,70-80%,35-55,N
DDD_2013B_543845,1.0,0.9999213,1,M,Scotland,10-20,35-55,N
GGG_2014J_654321,1.0,0.5553082,1,F,East Midlands Region,50-60%,0-35,N
FFF_2014J_629944,0.0,0.22942814,0,M,North Western Region,30-40%,0-35,N
BBB_2014J_605243,0.0,0.025641818,0,F,East Anglian Region,80-90%,0-35,N
CCC_2014B_599341,1.0,0.9997522,1,M,Scotland,50-60%,0-35,N
DDD_2014B_2473025,0.0,0.12597494,0,M,South West Region,50-60%,35-55,N
DDD_2014B_629725,0.0,0.16766638,0,M,North Western Region,70-80%,0-35,N
FFF_2013B_2060467,1.0,0.084035635,0,M,South West Region,50-60%,35-55,N
FFF_2013B_323809,0.0,0.1440003,0,M,South Region,80-90%,0-35,Y
DDD_2013B_557005,1.0,0.9942702,1,M,London Region,20-30%,35-55,N
AAA_2013J_2576122,1.0,0.9881009,1,M,North Western Region,70-80%,0-35,N
FFF_2013J_606712,0.0,0.23656715,0,M,North Region,30-40%,0-35,N
DDD_2014B_518330,1.0,0.99699676,1,F,South West Region,60-70%,0-35,N
BBB_2014B_601862,0.0,0.25912905,0,F,Wales,60-70%,0-35,N
DDD_2014J_1438584,1.0,0.99888664,1,M,Wales,10-20,35-55,Y
BBB_2013B_476037,1.0,0.7607164,1,F,South Region,90-100%,35-55,N
CCC_2014B_537622,1.0,0.99768376,1,F,North Western Region,0-10%,0-35,Y
DDD_2014J_648888,1.0,0.9979608,1,M,South Region,80-90%,0-35,N
GGG_2014B_573834,1.0,0.5025804,1,F,South West Region,70-80%,0-35,Y
FFF_2013B_139949,0.0,0.12556183,0,F,South West Region,10-20,0-35,N
DDD_2014J_686766,0.0,0.105525315,0,F,North Region,10-20,0-35,Y
EEE_2014J_656068,1.0,0.99977285,1,M,East Anglian Region,20-30%,0-35,N
BBB_2014J_651655,0.0,0.35870698,0,F,London Region,20-30%,0-35,N
GGG_2014J_652112,1.0,0.88827753,1,M,East Anglian Region,40-50%,0-35,N
AAA_2014J_598070,1.0,0.9946978,1,F,London Region,10-20,0-35,N
CCC_2014J_642261,1.0,0.8679789,1,M,North Region,40-50%,0-35,N
FFF_2013B_535324,1.0,0.9976501,1,M,South Region,60-70%,0-35,Y
FFF_2014J_630745,1.0,0.61337644,1,M,London Region,40-50%,0-35,N
BBB_2013B_188152,0.0,0.054293364,0,M,South East Region,50-60%,0-35,N
FFF_2014J_656988,1.0,0.24112579,0,M,Wales,50-60%,0-35,N
BBB_2013J_509036,1.0,0.3805809,0,F,Scotland,60-70%,0-35,N
FFF_2014J_648815,0.0,0.07866992,0,M,Scotland,0-10%,0-35,N
FFF_2014B_554597,1.0,0.99896705,1,M,North Western Region,30-40%,0-35,N
DDD_2014J_649689,1.0,0.9989041,1,M,Yorkshire Region,20-30%,0-35,N
FFF_2013B_549670,1.0,0.9715759,1,M,North Region,80-90%,0-35,N
EEE_2013J_576036,0.0,0.20852415,0,M,South East Region,60-70%,0-35,N
DDD_2013J_591852,1.0,0.99951434,1,F,Scotland,0-10%,0-35,Y
CCC_2014J_680804,0.0,0.090480015,0,M,South West Region,40-50%,0-35,N
GGG_2014J_226890,0.0,0.30787447,0,M,South West Region,10-20,0-35,N
BBB_2013B_94616,1.0,0.55367684,1,F,South Region,80-90%,0-35,N
DDD_2013B_547629,1.0,0.6430454,1,F,East Midlands Region,90-100%,35-55,N
CCC_2014J_656954,1.0,0.999795,1,M,North Western Region,70-80%,0-35,N
DDD_2014B_2485856,1.0,0.9985868,1,F,Scotland,20-30%,35-55,N
BBB_2013B_543473,0.0,0.4033571,0,F,South East Region,80-90%,35-55,N
DDD_2013B_540694,0.0,0.1878196,0,M,South West Region,60-70%,0-35,N
BBB_2013J_573411,0.0,0.061191067,0,F,North Western Region,50-60%,0-35,N
CCC_2014J_2358258,0.0,0.3479142,0,M,Ireland,0-10%,0-35,N
FFF_2013J_572003,0.0,0.16590403,0,M,North Region,10-20,35-55,N
FFF_2013J_564437,1.0,0.999895,1,M,South West Region,40-50%,35-55,N
BBB_2013B_550322,1.0,0.51811963,1,F,East Midlands Region,0-10%,0-35,N
DDD_2013J_331404,0.0,0.23222974,0,F,North Region,10-20,55<=,N
DDD_2014J_464968,0.0,0.1460775,0,M,South West Region,30-40%,0-35,N
BBB_2014J_696348,1.0,0.39946246,0,F,South West Region,0-10%,35-55,Y
DDD_2013B_554205,0.0,0.6876288,1,M,Ireland,0-10%,0-35,N
DDD_2014B_614265,0.0,0.32250074,0,M,South Region,50-60%,35-55,Y
DDD_2013J_606344,0.0,0.27823356,0,M,Yorkshire Region,20-30%,0-35,N
GGG_2014J_675885,1.0,0.96597654,1,F,Wales,10-20,35-55,N
BBB_2013J_583333,1.0,0.9968694,1,F,London Region,20-30%,0-35,N
FFF_2013B_552987,0.0,0.19507766,0,M,South East Region,10-20,35-55,N
BBB_2013J_318848,0.0,0.30890307,0,F,South East Region,70-80%,35-55,N
GGG_2013J_587509,1.0,0.19336179,0,M,East Midlands Region,80-90%,0-35,N
EEE_2014B_593733,0.0,0.09883621,0,M,Scotland,10-20,0-35,N
EEE_2014B_585662,0.0,0.08273316,0,M,North Western Region,80-90%,0-35,N
BBB_2014B_537698,0.0,0.43981162,0,F,East Anglian Region,40-50%,0-35,Y
CCC_2014B_478977,1.0,0.699204,1,F,North Western Region,0-10%,0-35,N
BBB_2014B_565344,1.0,0.20286572,0,F,London Region,70-80%,35-55,N
BBB_2013J_575897,1.0,0.9968675,1,F,Scotland,40-50%,0-35,N
BBB_2013B_390442,0.0,0.45915443,0,F,South Region,90-100%,0-35,Y
GGG_2014J_648279,0.0,0.24236482,0,F,West Midlands Region,0-10%,0-35,N
BBB_2014J_656481,0.0,0.0738958,0,F,Ireland,40-50%,35-55,N
EEE_2013J_248734,1.0,0.9934057,1,M,North Region,10-20,0-35,N
FFF_2014J_590543,1.0,0.99815625,1,M,South Region,40-50%,0-35,N
EEE_2014J_653718,0.0,0.12862585,0,M,Scotland,70-80%,0-35,N
DDD_2014J_650478,0.0,0.14135084,0,M,South East Region,80-90%,0-35,N
EEE_2013J_401296,0.0,0.03961512,0,F,East Anglian Region,20-30%,35-55,N
EEE_2013J_579604,1.0,0.9869479,1,M,North Western Region,70-80%,0-35,N
FFF_2013J_609777,1.0,0.2135889,0,F,London Region,20-30%,0-35,N
FFF_2013J_594470,1.0,0.9981469,1,M,Scotland,0-10%,0-35,N
FFF_2013J_1512332,1.0,0.9897361,1,M,Scotland,50-60%,35-55,N
FFF_2014B_318068,0.0,0.7199511,1,M,South West Region,30-40%,0-35,Y
CCC_2014J_67685,1.0,0.9999689,1,M,South Region,10-20,0-35,N
GGG_2014J_674563,0.0,0.14804861,0,F,Wales,40-50%,0-35,N
GGG_2014J_689371,0.0,0.16048653,0,F,East Midlands Region,30-40%,0-35,N
FFF_2013J_400145,0.0,0.099323,0,M,Scotland,80-90%,0-35,N
BBB_2014J_681752,1.0,0.9541137,1,F,Scotland,50-60%,35-55,N
FFF_2013J_392692,1.0,0.9996729,1,F,North Western Region,0-10%,35-55,N
FFF_2013J_557735,0.0,0.7002401,1,M,South West Region,70-80%,0-35,N
EEE_2014J_653801,0.0,0.23789066,0,M,North Western Region,0-10%,0-35,N
FFF_2013B_382160,1.0,0.65658695,1,M,West Midlands Region,50-60%,0-35,N
DDD_2013B_530762,1.0,0.99588746,1,M,South West Region,30-40%,0-35,N
BBB_2013J_572067,0.0,0.06690827,0,F,North Region,0-10%,0-35,N
CCC_2014B_524386,1.0,0.5221866,1,M,West Midlands Region,70-80%,0-35,N
CCC_2014B_622897,1.0,0.9997075,1,M,London Region,10-20,0-35,N
EEE_2014B_625774,1.0,0.9980027,1,M,Scotland,0-10%,35-55,N
BBB_2013J_479853,0.0,0.12972896,0,F,London Region,0-10%,35-55,N
GGG_2014J_226879,0.0,0.12326662,0,F,Scotland,80-90%,35-55,N
EEE_2014B_622398,1.0,0.9982327,1,M,North Western Region,0-10%,0-35,N
CCC_2014B_606025,1.0,0.9986519,1,M,North Western Region,0-10%,0-35,N
DDD_2014J_687981,0.0,0.24360149,0,M,North Western Region,0-10%,0-35,N
FFF_2013J_608453,1.0,0.99713874,1,M,South West Region,60-70%,35-55,N
FFF_2013J_524996,1.0,0.98693,1,F,North Western Region,20-30%,35-55,N
EEE_2014J_585643,0.0,0.29435,0,M,North Western Region,30-40%,0-35,N
FFF_2014J_581253,0.0,0.6379147,1,M,West Midlands Region,50-60%,35-55,N
BBB_2014B_635764,0.0,0.48917827,0,M,Wales,10-20,0-35,N
EEE_2014B_614245,0.0,0.06377306,0,M,Scotland,40-50%,35-55,N
FFF_2014J_684592,0.0,0.17555714,0,M,South West Region,50-60%,0-35,N
GGG_2013J_581063,0.0,0.18187286,0,F,East Anglian Region,20-30%,0-35,N
FFF_2013B_119353,0.0,0.13559918,0,M,North Region,30-40%,35-55,N
EEE_2013J_2614546,1.0,0.07201811,0,M,Yorkshire Region,0-10%,35-55,N
BBB_2014B_320661,1.0,0.9999727,1,F,North Region,20-30%,0-35,N
BBB_2014J_511962,1.0,0.99705267,1,F,Yorkshire Region,30-40%,0-35,N
FFF_2013J_2104123,0.0,0.07231996,0,M,Scotland,50-60%,35-55,N
DDD_2013B_543573,0.0,0.25222847,0,M,London Region,30-40%,0-35,N
BBB_2013J_610783,1.0,0.99947363,1,M,North Western Region,10-20,0-35,N
FFF_2014B_620337,1.0,0.9989053,1,F,East Anglian Region,30-40%,35-55,N
CCC_2014J_119310,1.0,0.9999609,1,M,North Western Region,20-30%,0-35,N
DDD_2014B_600130,1.0,0.5841957,1,F,Yorkshire Region,0-10%,0-35,N
GGG_2014J_683633,0.0,0.19650915,0,F,London Region,40-50%,0-35,N
DDD_2014J_506824,1.0,0.98406845,1,M,South Region,60-70%,0-35,N
FFF_2014B_627595,0.0,0.031316523,0,M,Scotland,20-30%,0-35,N
GGG_2014J_686028,1.0,0.9738082,1,M,North Western Region,20-30%,0-35,N
BBB_2013B_536216,1.0,0.993669,1,F,Ireland,0-10%,35-55,N
EEE_2014B_2613219,1.0,0.20324033,0,M,Scotland,70-80%,35-55,N
FFF_2014B_583138,1.0,0.12124825,0,M,North Western Region,70-80%,35-55,N
EEE_2014B_602721,0.0,0.017884819,0,M,South Region,80-90%,0-35,N
DDD_2013B_518451,1.0,0.99752575,1,M,East Anglian Region,30-40%,0-35,N
BBB_2014J_505595,1.0,0.54329866,1,F,London Region,10-20,0-35,Y
BBB_2013B_552420,1.0,0.99625164,1,F,West Midlands Region,0-10%,0-35,N
BBB_2014J_699498,0.0,0.38484317,0,F,Yorkshire Region,70-80%,35-55,N
BBB_2013B_557351,1.0,0.43904683,0,F,South West Region,50-60%,0-35,N
BBB_2013J_2296908,1.0,0.9908043,1,F,South Region,90-100%,0-35,N
CCC_2014B_623456,1.0,0.99239665,1,M,East Anglian Region,0-10%,0-35,N
FFF_2014B_634430,0.0,0.26765102,0,F,East Midlands Region,20-30%,0-35,N
CCC_2014B_597363,1.0,0.99959856,1,M,South East Region,40-50%,0-35,N
BBB_2014B_508940,0.0,0.5752825,1,F,London Region,10-20,0-35,N
FFF_2014J_692632,1.0,0.5056225,1,M,South Region,10-20,0-35,N
EEE_2013J_607636,0.0,0.036901,0,M,Wales,60-70%,0-35,N
DDD_2014J_623276,0.0,0.22042634,0,F,London Region,40-50%,0-35,N
DDD_2013J_474385,1.0,0.84440017,1,F,North Western Region,50-60%,0-35,N
FFF_2013J_607538,0.0,0.17305712,0,M,Ireland,0-10%,35-55,N
FFF_2013B_532579,0.0,0.19477619,0,M,North Western Region,20-30%,0-35,N
DDD_2013B_476637,0.0,0.038508277,0,M,North Region,80-90%,35-55,N
FFF_2014J_604907,1.0,0.9988036,1,M,North Western Region,20-30%,0-35,N
BBB_2014B_372997,0.0,0.1369629,0,F,Wales,80-90%,35-55,N
FFF_2013J_110881,0.0,0.13357101,0,F,East Anglian Region,40-50%,0-35,N
EEE_2014J_632635,0.0,0.25514024,0,F,Scotland,0-10%,0-35,N
EEE_2014J_602830,0.0,0.049943972,0,M,South Region,30-40%,0-35,N
GGG_2014J_646576,0.0,0.31948227,0,F,East Midlands Region,0-10%,0-35,N
BBB_2013B_556892,0.0,0.14558929,0,F,South Region,90-100%,0-35,N
FFF_2014J_631524,1.0,0.7679836,1,M,South West Region,20-30%,0-35,Y
AAA_2013J_441018,0.0,0.57661384,1,F,South East Region,70-80%,0-35,N
GGG_2013J_577471,1.0,0.14452974,0,F,London Region,90-100%,35-55,N
CCC_2014B_533004,1.0,0.9906413,1,M,West Midlands Region,20-30%,0-35,N
BBB_2014J_633949,0.0,0.048984658,0,F,South Region,90-100%,0-35,N
BBB_2014J_106095,0.0,0.08055449,0,F,North Western Region,70-80%,0-35,N
FFF_2013J_579278,0.0,0.5579726,1,M,South West Region,30-40%,0-35,N
CCC_2014J_602683,0.0,0.018202139,0,F,Scotland,50-60%,35-55,N
BBB_2013B_2322046,1.0,0.71013105,1,F,South Region,90-100%,35-55,Y
DDD_2013J_82088,1.0,0.16299155,0,F,East Midlands Region,70-80%,35-55,N
BBB_2014J_695015,1.0,0.99625164,1,F,Ireland,0-10%,0-35,N
DDD_2013J_146485,1.0,0.30736864,0,M,North Region,70-80%,0-35,N
DDD_2014J_367309,0.0,0.1728054,0,F,North Region,10-20,0-35,N
BBB_2013J_552865,1.0,0.97522277,1,F,North Western Region,0-10%,0-35,N
CCC_2014B_1551895,1.0,0.9989518,1,M,North Western Region,30-40%,35-55,N
FFF_2014J_649147,1.0,0.9999875,1,M,East Midlands Region,30-40%,0-35,N
GGG_2014B_391937,0.0,0.16446891,0,F,South West Region,60-70%,35-55,N
DDD_2013B_2546792,1.0,0.99898547,1,M,North Western Region,20-30%,0-35,N
FFF_2013B_423985,1.0,0.46955514,0,M,London Region,0-10%,0-35,N
FFF_2013J_2304417,0.0,0.28148445,0,M,Scotland,30-40%,35-55,N
FFF_2013J_1978492,1.0,0.999858,1,M,South Region,20-30%,35-55,N
CCC_2014J_248818,1.0,0.99953055,1,M,South West Region,60-70%,0-35,N
CCC_2014B_540509,1.0,0.99896705,1,M,South East Region,30-40%,0-35,N
FFF_2013J_577763,0.0,0.11071566,0,M,Scotland,20-30%,35-55,N
GGG_2014B_623859,0.0,0.7999392,1,F,North Western Region,10-20,35-55,N
EEE_2013J_434562,0.0,0.03888904,0,M,South West Region,30-40%,35-55,N
EEE_2014J_677416,1.0,0.99970657,1,M,North Region,10-20,0-35,N
EEE_2013J_609682,0.0,0.1573475,0,M,North Western Region,10-20,0-35,N
FFF_2013J_520061,1.0,0.1775169,0,M,North Region,10-20,35-55,N
BBB_2013B_333129,1.0,0.9984592,1,F,East Anglian Region,10-20,0-35,N
BBB_2013J_606827,1.0,0.9925177,1,F,North Western Region,10-20,0-35,N
FFF_2013J_609460,1.0,0.99715745,1,M,North Region,10-20,35-55,N
AAA_2014J_2576122,1.0,0.96477526,1,M,North Western Region,70-80%,35-55,N
DDD_2014B_562708,1.0,0.25618058,0,F,South Region,10-20,35-55,N
DDD_2014B_614471,1.0,0.14279924,0,F,South East Region,40-50%,0-35,N
EEE_2013J_584115,1.0,0.99743587,1,M,East Anglian Region,0-10%,0-35,N
DDD_2013J_248695,1.0,0.34374017,0,F,North Western Region,20-30%,0-35,N
BBB_2013B_263499,0.0,0.27855477,0,F,Ireland,40-50%,35-55,N
DDD_2013J_585998,1.0,0.11354259,0,F,Wales,40-50%,0-35,N
FFF_2013J_584594,1.0,0.99859506,1,M,South East Region,40-50%,0-35,N
DDD_2014B_625035,0.0,0.05130004,0,M,Ireland,30-40%,35-55,N
DDD_2014J_586121,0.0,0.36882126,0,M,Scotland,60-70%,0-35,N
EEE_2014J_694571,0.0,0.07264801,0,M,Ireland,50-60%,0-35,N
BBB_2013B_521096,0.0,0.071102984,0,F,Ireland,70-80%,0-35,N
BBB_2013B_278447,0.0,0.09585208,0,F,South East Region,60-70%,0-35,N
BBB_2014J_572032,0.0,0.2464164,0,F,West Midlands Region,10-20,0-35,N
DDD_2013B_177981,0.0,0.15208374,0,F,Scotland,40-50%,0-35,N
DDD_2013B_2526483,1.0,0.9843481,1,M,Scotland,20-30%,35-55,Y
EEE_2014J_687310,1.0,0.10076107,0,M,South Region,90-100%,35-55,N
DDD_2014J_693606,0.0,0.041180123,0,M,North Region,10-20,0-35,N
BBB_2013J_601551,1.0,0.2934782,0,F,London Region,30-40%,0-35,Y
BBB_2014J_650371,0.0,0.07701546,0,M,South East Region,70-80%,0-35,N
FFF_2014B_627176,1.0,0.62571657,1,F,Yorkshire Region,50-60%,0-35,N
FFF_2013J_558909,1.0,0.99835026,1,F,South Region,30-40%,0-35,N
DDD_2014B_631813,1.0,0.743245,1,M,North Western Region,0-10%,0-35,N
CCC_2014B_629936,1.0,0.33512753,0,M,North Western Region,0-10%,0-35,N
BBB_2013B_2641393,0.0,0.11143775,0,F,East Midlands Region,40-50%,35-55,N
CCC_2014J_367510,1.0,0.9999008,1,M,London Region,20-30%,0-35,Y
BBB_2014J_103496,0.0,0.33075252,0,F,Ireland,10-20,35-55,N
CCC_2014J_691069,0.0,0.12508021,0,F,North Region,10-20,35-55,N
AAA_2014J_1471214,0.0,0.3844805,0,M,East Midlands Region,60-70%,35-55,N
CCC_2014B_268018,1.0,0.66583514,1,M,London Region,40-50%,0-35,N
GGG_2013J_601854,0.0,0.29170552,0,F,North Western Region,0-10%,35-55,N
BBB_2014B_305373,1.0,0.58364767,1,F,London Region,0-10%,0-35,Y
DDD_2013J_2648317,1.0,0.50620615,1,M,East Midlands Region,60-70%,0-35,Y
BBB_2013B_515474,0.0,0.65181583,1,F,Wales,30-40%,0-35,N
CCC_2014J_523817,1.0,0.9237309,1,M,South Region,90-100%,0-35,N
BBB_2013J_80717,0.0,0.038425665,0,F,South West Region,60-70%,35-55,N
BBB_2014J_679747,1.0,0.9961778,1,F,East Midlands Region,60-70%,0-35,N
FFF_2013J_576512,1.0,0.9741044,1,M,South Region,50-60%,0-35,N
DDD_2014J_693468,1.0,0.8928259,1,M,South East Region,30-40%,0-35,Y
GGG_2013J_573464,0.0,0.4156795,0,F,South West Region,10-20,0-35,N
BBB_2014B_548445,1.0,0.42060447,0,F,East Midlands Region,20-30%,0-35,N
FFF_2014J_197188,1.0,0.9997193,1,M,North Western Region,0-10%,0-35,Y
GGG_2014J_682123,0.0,0.14468318,0,F,South West Region,50-60%,0-35,N
BBB_2014B_375711,1.0,0.9783467,1,F,Wales,40-50%,0-35,N
BBB_2014J_601706,0.0,0.060751725,0,F,East Anglian Region,70-80%,0-35,Y
BBB_2014B_616332,1.0,0.9935023,1,F,London Region,20-30%,0-35,Y
FFF_2013J_237387,1.0,0.15820669,0,F,East Anglian Region,30-40%,0-35,N
EEE_2013J_577148,1.0,0.47327575,0,M,London Region,0-10%,0-35,N
BBB_2013J_592618,0.0,0.11936854,0,F,North Western Region,20-30%,35-55,N
DDD_2013B_510530,1.0,0.9495598,1,M,South East Region,60-70%,35-55,N
FFF_2013J_547442,1.0,0.9993224,1,F,North Western Region,80-90%,0-35,N
CCC_2014B_532531,1.0,0.99027866,1,M,London Region,0-10%,0-35,N
BBB_2014J_689148,0.0,0.12024513,0,F,Ireland,60-70%,0-35,N
EEE_2014J_605294,0.0,0.028359674,0,M,South Region,40-50%,0-35,N
DDD_2013J_188875,1.0,0.995871,1,M,Yorkshire Region,10-20,35-55,N
FFF_2013B_552228,1.0,0.9998838,1,M,London Region,40-50%,35-55,N
FFF_2014J_620094,0.0,0.011950047,0,F,London Region,90-100%,35-55,N
DDD_2014B_2610581,1.0,0.9973145,1,M,West Midlands Region,40-50%,0-35,N
BBB_2013J_579300,1.0,0.99572456,1,F,South East Region,70-80%,0-35,N
BBB_2013B_442456,1.0,0.8982811,1,M,London Region,20-30%,35-55,N
BBB_2014J_691106,0.0,0.273965,0,F,Wales,70-80%,0-35,N
BBB_2014J_678213,1.0,0.6790054,1,F,South West Region,20-30%,0-35,Y
CCC_2014J_522708,1.0,0.47468454,0,M,South West Region,60-70%,0-35,N
DDD_2014J_498326,1.0,0.9979948,1,M,North Western Region,40-50%,35-55,N
BBB_2013J_613738,0.0,0.056491103,0,F,South East Region,30-40%,0-35,N
DDD_2014B_624492,1.0,0.99855465,1,M,London Region,70-80%,0-35,N
BBB_2014J_606586,0.0,0.28012472,0,F,London Region,40-50%,0-35,N
DDD_2013J_2352039,1.0,0.9999982,1,F,North Western Region,30-40%,35-55,N
FFF_2014J_572074,0.0,0.34909096,0,F,South West Region,20-30%,0-35,N
DDD_2013B_534777,1.0,0.96875024,1,M,London Region,30-40%,0-35,N
BBB_2013J_600490,0.0,0.22232048,0,F,South East Region,90-100%,35-55,N
FFF_2014J_641565,1.0,0.99999404,1,M,West Midlands Region,10-20,0-35,N
DDD_2013J_1723019,1.0,0.17972456,0,F,South Region,60-70%,35-55,N
DDD_2013J_604398,1.0,0.99997437,1,F,North Region,10-20,0-35,N
BBB_2013B_551891,1.0,0.9959651,1,F,London Region,10-20,0-35,N
DDD_2013J_2662451,1.0,0.9979559,1,M,Scotland,40-50%,0-35,N
DDD_2013J_179904,1.0,0.6503884,1,M,North Western Region,70-80%,0-35,N
EEE_2014B_2577893,0.0,0.059723962,0,M,South East Region,90-100%,35-55,N
CCC_2014J_575258,1.0,0.99987483,1,M,East Anglian Region,20-30%,35-55,N
DDD_2014J_153170,0.0,0.23273228,0,F,Wales,0-10%,0-35,Y
CCC_2014B_126395,0.0,0.54704165,1,M,London Region,20-30%,0-35,Y
FFF_2014J_695471,0.0,0.2407438,0,M,South Region,80-90%,0-35,N
BBB_2014B_633378,1.0,0.29344735,0,F,North Western Region,40-50%,0-35,N
DDD_2013J_2014252,1.0,0.5503899,1,M,South Region,60-70%,0-35,N
BBB_2014J_584509,0.0,0.053617444,0,F,East Midlands Region,20-30%,0-35,N
BBB_2013B_530065,0.0,0.24011157,0,F,Yorkshire Region,70-80%,35-55,N
FFF_2013J_573922,1.0,0.9997131,1,M,North Region,80-90%,0-35,N
FFF_2013J_555440,1.0,0.14428626,0,M,East Anglian Region,40-50%,0-35,N
EEE_2013J_575419,1.0,0.55108935,1,M,West Midlands Region,50-60%,0-35,N
CCC_2014J_694871,1.0,0.6754757,1,M,North Region,10-20,35-55,N
AAA_2013J_305152,1.0,0.84577024,1,M,North Western Region,70-80%,0-35,N
GGG_2014J_676387,0.0,0.50382084,1,F,Wales,90-100%,35-55,N
CCC_2014J_582320,0.0,0.04744351,0,F,South Region,50-60%,0-35,N
EEE_2013J_487621,0.0,0.15801404,0,M,East Midlands Region,70-80%,0-35,N
DDD_2013J_2561282,1.0,0.9994136,1,F,West Midlands Region,0-10%,0-35,Y
CCC_2014J_695518,0.0,0.20740104,0,M,London Region,30-40%,0-35,N
FFF_2013B_199446,0.0,0.12174272,0,M,East Anglian Region,90-100%,0-35,N
FFF_2014J_649385,1.0,0.20461786,0,M,South East Region,60-70%,0-35,Y
DDD_2013B_298497,0.0,0.4872726,0,M,West Midlands Region,0-10%,0-35,N
FFF_2014J_281970,1.0,0.9993143,1,F,South East Region,10-20,0-35,N
FFF_2013B_545720,1.0,0.1964113,0,M,North Region,40-50%,0-35,N
DDD_2014J_596759,0.0,0.18173407,0,F,Scotland,70-80%,0-35,N
BBB_2014J_280152,0.0,0.09078644,0,F,South East Region,50-60%,0-35,N
FFF_2014J_687351,0.0,0.06264768,0,M,Scotland,30-40%,0-35,N
EEE_2013J_579027,1.0,0.48323324,0,M,Scotland,40-50%,0-35,N
DDD_2013J_471373,0.0,0.03130883,0,F,South East Region,90-100%,35-55,N
DDD_2013B_522654,0.0,0.1974488,0,M,North Western Region,50-60%,0-35,N
FFF_2014J_2457440,0.0,0.33825094,0,M,West Midlands Region,0-10%,35-55,N
FFF_2013J_611309,1.0,0.4398507,0,M,London Region,60-70%,0-35,N
BBB_2013B_2377567,0.0,0.07833382,0,F,South West Region,50-60%,35-55,N
DDD_2013J_491081,1.0,0.080120735,0,M,London Region,20-30%,35-55,N
GGG_2013J_579661,0.0,0.2414759,0,F,West Midlands Region,0-10%,0-35,N
DDD_2014J_349910,0.0,0.28248945,0,M,East Anglian Region,40-50%,0-35,Y
FFF_2014J_488525,0.0,0.36754614,0,M,North Region,10-20,0-35,N
CCC_2014B_620918,1.0,0.9973706,1,M,Yorkshire Region,0-10%,0-35,N
DDD_2013B_2209728,0.0,0.3101977,0,F,South Region,90-100%,35-55,N
FFF_2013B_545604,1.0,0.99751127,1,M,Yorkshire Region,70-80%,0-35,N
BBB_2013J_560490,1.0,0.99995434,1,F,South Region,80-90%,0-35,N
BBB_2013J_561640,0.0,0.09723852,0,F,East Anglian Region,80-90%,0-35,N
DDD_2013J_560486,0.0,0.09491211,0,M,Wales,70-80%,0-35,N
BBB_2014J_562239,0.0,0.05070325,0,F,South Region,80-90%,0-35,N
CCC_2014J_629560,1.0,0.44121388,0,F,North Western Region,40-50%,0-35,N
BBB_2013J_227416,1.0,0.4853405,0,M,South East Region,30-40%,0-35,N
DDD_2013B_287526,1.0,0.20506245,0,M,East Anglian Region,90-100%,0-35,N
GGG_2014J_599282,0.0,0.23745914,0,F,Yorkshire Region,70-80%,35-55,N
CCC_2014J_2593920,0.0,0.14289184,0,F,Yorkshire Region,60-70%,0-35,N
EEE_2013J_401011,0.0,0.09163924,0,M,Wales,10-20,0-35,Y
CCC_2014J_1777834,0.0,0.9955265,1,F,East Anglian Region,80-90%,35-55,N
BBB_2013J_564596,1.0,0.48949957,0,F,Yorkshire Region,10-20,35-55,N
DDD_2013B_485464,0.0,0.5760825,1,M,East Midlands Region,10-20,0-35,N
BBB_2013J_467330,1.0,0.9996631,1,F,South East Region,10-20,35-55,Y
DDD_2013J_603410,1.0,0.45158914,0,M,London Region,20-30%,0-35,N
AAA_2013J_958987,0.0,0.094269775,0,M,North Western Region,40-50%,35-55,N
FFF_2014J_645529,1.0,0.9997602,1,F,South West Region,10-20,0-35,N
DDD_2013B_228242,1.0,0.15388532,0,F,East Anglian Region,40-50%,0-35,N
GGG_2014J_631723,0.0,0.3120638,0,F,East Anglian Region,30-40%,35-55,N
BBB_2014J_675807,0.0,0.07741815,0,F,Scotland,20-30%,35-55,N
CCC_2014B_579372,1.0,0.99012166,1,M,Yorkshire Region,0-10%,0-35,N
FFF_2013J_574856,1.0,0.9139741,1,M,Wales,20-30%,0-35,N
DDD_2014J_590227,1.0,0.054543655,0,F,East Anglian Region,30-40%,0-35,N
CCC_2014J_588261,1.0,0.99947363,1,M,West Midlands Region,50-60%,35-55,N
FFF_2013J_602713,0.0,0.022329897,0,M,Scotland,20-30%,0-35,N
DDD_2014B_409284,1.0,0.9959139,1,F,Wales,30-40%,35-55,N
CCC_2014J_686268,0.0,0.46310264,0,M,South Region,80-90%,0-35,N
FFF_2013J_588052,1.0,0.38953725,0,M,East Midlands Region,40-50%,0-35,N
GGG_2013J_589690,0.0,0.15960357,0,F,East Midlands Region,30-40%,0-35,N
BBB_2013B_500836,1.0,0.624065,1,M,West Midlands Region,40-50%,0-35,Y
FFF_2013J_606817,1.0,0.9987691,1,M,South East Region,80-90%,0-35,N
BBB_2014J_2603061,1.0,0.9997526,1,F,East Midlands Region,60-70%,35-55,N
DDD_2013J_603201,1.0,0.9971697,1,M,Ireland,0-10%,35-55,N
BBB_2014B_250123,0.0,0.24185924,0,F,South Region,0-10%,0-35,Y
FFF_2013B_393934,1.0,0.10524739,0,M,East Anglian Region,30-40%,0-35,N
EEE_2013J_599284,1.0,0.3696571,0,M,Wales,80-90%,0-35,N
BBB_2013J_515417,1.0,0.9997781,1,M,Ireland,0-10%,35-55,N
DDD_2013J_1913872,1.0,0.25228217,0,F,South Region,90-100%,55<=,N
EEE_2014J_656578,0.0,0.21319753,0,M,Scotland,80-90%,0-35,N
AAA_2014J_439305,0.0,0.37775925,0,M,South East Region,60-70%,35-55,N
BBB_2014J_691026,0.0,0.074909374,0,F,East Anglian Region,80-90%,0-35,N
DDD_2014J_627476,0.0,0.23300971,0,F,Scotland,80-90%,0-35,N
DDD_2013J_587641,0.0,0.16829605,0,M,South West Region,70-80%,0-35,N
EEE_2014J_689217,0.0,0.12406275,0,M,Scotland,80-90%,0-35,N
CCC_2014J_595938,1.0,0.8503105,1,M,East Midlands Region,30-40%,35-55,N
BBB_2014B_621301,0.0,0.29982364,0,M,Scotland,0-10%,35-55,N
BBB_2014J_684971,1.0,0.27932864,0,F,London Region,10-20,35-55,N
DDD_2014J_584591,1.0,0.81219214,1,F,South West Region,0-10%,0-35,Y
DDD_2014J_636875,0.0,0.42314333,0,F,East Anglian Region,40-50%,35-55,N
FFF_2013B_2507271,1.0,0.41475812,0,M,South West Region,30-40%,0-35,N
FFF_2013J_572304,1.0,0.6552556,1,M,East Anglian Region,50-60%,0-35,N
EEE_2013J_596432,1.0,0.1861132,0,F,South East Region,40-50%,0-35,N
BBB_2014B_629240,0.0,0.74135524,1,F,South Region,90-100%,0-35,N
CCC_2014B_2298895,0.0,0.054465827,0,M,East Anglian Region,60-70%,0-35,N
DDD_2014B_610931,0.0,0.022419034,0,M,South Region,60-70%,0-35,N
CCC_2014B_419233,1.0,0.50977916,1,F,Wales,80-90%,0-35,N
FFF_2013J_599464,1.0,0.9999275,1,M,London Region,20-30%,0-35,N
BBB_2013B_2572118,1.0,0.9966864,1,F,London Region,0-10%,0-35,N
BBB_2013J_559851,0.0,0.123411134,0,F,North Region,70-80%,0-35,N
EEE_2014B_603832,0.0,0.30529246,0,M,South West Region,40-50%,0-35,N
DDD_2013J_1517755,1.0,0.99795353,1,M,South Region,20-30%,35-55,N
DDD_2013J_529522,1.0,0.33607894,0,F,Yorkshire Region,20-30%,0-35,N
DDD_2014B_399203,1.0,0.61678004,1,F,Wales,40-50%,35-55,N
FFF_2014B_624197,0.0,0.101266675,0,F,South Region,80-90%,0-35,N
BBB_2014J_676969,1.0,0.9954853,1,F,Scotland,0-10%,0-35,N
DDD_2014J_653171,1.0,0.06382206,0,M,South Region,60-70%,0-35,N
DDD_2014J_603490,1.0,0.9999249,1,F,East Midlands Region,20-30%,0-35,N
DDD_2013B_502554,0.0,0.06334751,0,M,South Region,90-100%,35-55,N
BBB_2014J_680453,0.0,0.39242813,0,F,South West Region,50-60%,0-35,Y
BBB_2014B_613199,0.0,0.4166924,0,F,Ireland,0-10%,0-35,Y
FFF_2013J_571630,1.0,0.998386,1,M,Yorkshire Region,30-40%,35-55,N
CCC_2014J_131933,0.0,0.9006471,1,M,Scotland,60-70%,35-55,N
BBB_2014J_656549,1.0,0.6399916,1,F,Scotland,50-60%,0-35,N
EEE_2013J_572303,0.0,0.11968111,0,M,Scotland,90-100%,0-35,N
CCC_2014J_604694,1.0,0.647372,1,M,London Region,70-80%,0-35,N
DDD_2014B_2595457,1.0,0.99466455,1,M,Scotland,50-60%,0-35,N
FFF_2013B_529277,1.0,0.9997607,1,M,North Western Region,0-10%,35-55,N
BBB_2014J_651974,1.0,0.9996295,1,F,South East Region,80-90%,35-55,N
FFF_2014B_621675,1.0,0.9999199,1,M,South Region,0-10%,0-35,N
GGG_2014B_561441,1.0,0.4706395,0,F,South Region,40-50%,35-55,N
BBB_2014B_614403,1.0,0.9871667,1,F,North Region,60-70%,35-55,N
CCC_2014B_129198,1.0,0.9588531,1,F,North Western Region,20-30%,35-55,Y
DDD_2014B_315723,1.0,0.99636734,1,M,East Anglian Region,60-70%,0-35,N
FFF_2014J_297341,0.0,0.18885225,0,F,East Midlands Region,10-20,0-35,Y
DDD_2014J_399628,1.0,0.43820366,0,F,South East Region,40-50%,0-35,N
GGG_2013J_339727,0.0,0.2932017,0,F,South Region,80-90%,35-55,N
EEE_2014J_625797,1.0,0.94043005,1,M,North Region,10-20,0-35,N
DDD_2013B_544356,1.0,0.9996439,1,M,Ireland,0-10%,0-35,N
BBB_2013J_2396786,1.0,0.8538791,1,F,Ireland,10-20,35-55,N
DDD_2014J_688672,1.0,0.9994881,1,M,Yorkshire Region,0-10%,35-55,N
CCC_2014B_437432,1.0,0.99824995,1,F,Yorkshire Region,90-100%,0-35,N
FFF_2013J_508469,1.0,0.99994445,1,M,Scotland,60-70%,0-35,N
GGG_2013J_592737,0.0,0.20548138,0,F,Yorkshire Region,60-70%,0-35,N
DDD_2014B_2399951,1.0,0.94197,1,F,East Midlands Region,10-20,35-55,N
BBB_2014J_2428341,0.0,0.23655513,0,F,South East Region,40-50%,35-55,N
BBB_2014J_447124,0.0,0.0914609,0,F,Scotland,40-50%,35-55,N
DDD_2014J_636590,1.0,0.99993205,1,F,West Midlands Region,0-10%,0-35,N
EEE_2014J_634776,0.0,0.11880419,0,M,East Midlands Region,70-80%,0-35,N
DDD_2013B_2332060,0.0,0.87576365,1,M,East Anglian Region,50-60%,0-35,Y
GGG_2014J_625241,0.0,0.37653083,0,F,South West Region,90-100%,0-35,N
BBB_2014J_647774,1.0,0.948137,1,F,South East Region,80-90%,0-35,N
FFF_2013J_560329,0.0,0.03894356,0,F,North Western Region,30-40%,0-35,N
DDD_2013B_160401,1.0,0.99275124,1,M,Yorkshire Region,80-90%,0-35,N
FFF_2014B_625229,1.0,0.9947418,1,F,East Anglian Region,80-90%,0-35,N
CCC_2014B_569342,1.0,0.9800326,1,M,South Region,70-80%,0-35,N
FFF_2013J_560934,1.0,0.49043533,0,M,East Midlands Region,70-80%,0-35,N
DDD_2013J_412618,0.0,0.166902,0,M,North Western Region,60-70%,0-35,N
DDD_2014B_620060,1.0,0.37239784,0,F,South Region,60-70%,0-35,N
FFF_2013J_571650,0.0,0.29773965,0,M,London Region,20-30%,0-35,N
BBB_2013J_572937,1.0,0.9471815,1,F,North Western Region,60-70%,35-55,N
DDD_2013J_489209,0.0,0.06700103,0,F,East Midlands Region,90-100%,35-55,N
GGG_2014B_2392554,0.0,0.55228794,1,M,East Midlands Region,50-60%,0-35,Y
FFF_2014J_630158,0.0,0.5858477,1,M,North Western Region,30-40%,0-35,N
CCC_2014J_561560,1.0,0.20423532,0,M,East Midlands Region,90-100%,0-35,N
GGG_2013J_2248779,1.0,0.9198204,1,F,Yorkshire Region,40-50%,35-55,N
CCC_2014J_682041,1.0,0.999902,1,M,South West Region,40-50%,0-35,N
BBB_2014B_1431750,1.0,0.97970563,1,M,West Midlands Region,60-70%,55<=,N
BBB_2013B_562465,0.0,0.38370484,0,F,West Midlands Region,0-10%,0-35,N
GGG_2013J_575454,1.0,0.9514555,1,F,South Region,30-40%,0-35,Y
BBB_2013J_577914,0.0,0.028734032,0,F,South East Region,50-60%,0-35,N
BBB_2013B_299561,1.0,0.99411523,1,F,South Region,40-50%,35-55,Y
EEE_2014B_2567038,0.0,0.05770711,0,M,Scotland,90-100%,0-35,N
EEE_2014B_627399,0.0,0.08686672,0,F,North Western Region,0-10%,0-35,N
GGG_2013J_1813731,0.0,0.43944073,0,M,East Anglian Region,50-60%,35-55,N
GGG_2014B_622387,1.0,0.960063,1,F,North Western Region,10-20,35-55,Y
DDD_2014J_2588215,1.0,0.80421114,1,M,North Western Region,10-20,0-35,Y
FFF_2013B_536178,0.0,0.040458597,0,M,South West Region,30-40%,0-35,N
CCC_2014B_2063578,0.0,0.08316988,0,M,Scotland,0-10%,35-55,N
CCC_2014J_477185,1.0,0.30636695,0,M,South East Region,30-40%,35-55,N
CCC_2014B_523335,1.0,0.98357695,1,M,Ireland,50-60%,0-35,N
CCC_2014B_546830,1.0,0.9984067,1,F,London Region,30-40%,0-35,N
CCC_2014J_694914,1.0,0.9997135,1,M,London Region,10-20,35-55,N
GGG_2014B_619363,0.0,0.13905415,0,F,Yorkshire Region,80-90%,35-55,N
DDD_2014B_485306,1.0,0.9886113,1,F,West Midlands Region,0-10%,0-35,N
EEE_2014J_676834,0.0,0.044623632,0,F,Scotland,20-30%,0-35,N
GGG_2014B_624327,1.0,0.58114713,1,F,South Region,30-40%,35-55,Y
FFF_2013B_545944,1.0,0.99696285,1,M,Wales,20-30%,0-35,N
CCC_2014J_602856,1.0,0.99963427,1,F,East Anglian Region,50-60%,0-35,N
CCC_2014J_638426,1.0,0.9998379,1,M,Wales,30-40%,55<=,N
CCC_2014B_485312,0.0,0.13292553,0,M,Scotland,80-90%,0-35,N
BBB_2013B_507685,1.0,0.9995109,1,F,North Region,0-10%,0-35,N
FFF_2014B_27189,1.0,0.6044592,1,F,South Region,10-20,35-55,N
EEE_2014J_1429504,0.0,0.16311736,0,M,Scotland,90-100%,35-55,N
GGG_2014B_415818,0.0,0.7508111,1,F,West Midlands Region,10-20,35-55,N
BBB_2013J_607937,0.0,0.02667519,0,F,Ireland,50-60%,35-55,N
CCC_2014B_543948,0.0,0.29950866,0,M,South West Region,30-40%,0-35,N
BBB_2014B_76196,1.0,0.9991961,1,F,North Western Region,0-10%,35-55,Y
BBB_2013J_551347,0.0,0.18138832,0,M,Wales,30-40%,0-35,N
DDD_2014J_612615,1.0,0.9983347,1,M,North Region,10-20,0-35,N
DDD_2014J_578427,1.0,0.426022,0,F,South Region,0-10%,0-35,N
EEE_2013J_2537898,0.0,0.06643088,0,M,South Region,90-100%,35-55,N
DDD_2013J_361282,1.0,0.79209924,1,M,Wales,10-20,0-35,N
GGG_2014J_649194,0.0,0.19533685,0,M,South Region,70-80%,0-35,N
GGG_2014B_614424,0.0,0.14787221,0,F,Yorkshire Region,20-30%,35-55,N
BBB_2013J_544122,0.0,0.06653239,0,F,Wales,90-100%,0-35,N
BBB_2014J_694404,1.0,0.6835917,1,F,East Anglian Region,90-100%,0-35,N
FFF_2014J_687795,1.0,0.9998994,1,M,South East Region,80-90%,35-55,N
DDD_2013B_284734,1.0,0.9993969,1,M,Yorkshire Region,40-50%,0-35,N
FFF_2014J_289179,1.0,0.99889404,1,M,East Midlands Region,20-30%,0-35,N
DDD_2014J_514277,0.0,0.08354949,0,F,Scotland,70-80%,0-35,N
FFF_2014B_1578222,0.0,0.15754575,0,M,East Midlands Region,40-50%,35-55,N
FFF_2014B_603848,1.0,0.5809505,1,M,Yorkshire Region,0-10%,35-55,Y
FFF_2014B_572395,1.0,0.43433872,0,F,North Western Region,40-50%,0-35,N
FFF_2014B_635079,1.0,0.9981674,1,M,Scotland,40-50%,35-55,N
CCC_2014J_644828,0.0,0.012088946,0,M,East Midlands Region,90-100%,0-35,N
DDD_2013B_466158,1.0,0.99190277,1,F,South Region,30-40%,0-35,Y
DDD_2014B_610129,1.0,0.9999511,1,M,South Region,80-90%,0-35,N
BBB_2014J_564115,0.0,0.028874839,0,F,South East Region,20-30%,35-55,N
GGG_2014J_692206,1.0,0.3151941,0,F,North Western Region,0-10%,0-35,N
BBB_2013J_522899,1.0,0.1038144,0,F,Scotland,50-60%,35-55,N
GGG_2013J_608714,1.0,0.8279487,1,F,East Midlands Region,20-30%,0-35,Y
DDD_2013B_548959,1.0,0.47220412,0,F,Wales,80-90%,0-35,N
CCC_2014J_689399,0.0,0.22964102,0,F,Ireland,0-10%,35-55,N
BBB_2013B_2475780,0.0,0.5716037,1,F,Scotland,90-100%,35-55,N
FFF_2014B_1999952,0.0,0.16731717,0,M,Scotland,80-90%,35-55,N
DDD_2013B_2691780,1.0,0.25456437,0,F,East Anglian Region,90-100%,0-35,N
GGG_2013J_607256,0.0,0.22907372,0,F,West Midlands Region,0-10%,0-35,N
DDD_2014B_627021,0.0,0.31089625,0,M,Wales,50-60%,0-35,N
FFF_2014J_582117,0.0,0.070306934,0,M,South West Region,30-40%,0-35,N
GGG_2014B_622886,1.0,0.6197537,1,M,North Western Region,0-10%,35-55,Y
EEE_2014B_558492,1.0,0.99269295,1,F,Scotland,20-30%,0-35,N
CCC_2014B_2616950,0.0,0.41430643,0,M,North Region,40-50%,0-35,N
BBB_2013J_573519,0.0,0.1279348,0,F,South East Region,70-80%,0-35,N
DDD_2013J_610469,1.0,0.9995585,1,F,North Region,10-20,0-35,N
BBB_2014J_26315,0.0,0.36033013,0,F,East Anglian Region,60-70%,35-55,N
FFF_2014B_124018,1.0,0.9999194,1,M,South East Region,90-100%,35-55,N
CCC_2014B_627947,1.0,0.999401,1,F,South Region,20-30%,35-55,N
CCC_2014J_655051,0.0,0.5219893,1,M,West Midlands Region,30-40%,0-35,N
CCC_2014J_430020,1.0,0.9954815,1,M,London Region,10-20,0-35,N
DDD_2014J_2285527,0.0,0.12357781,0,M,South West Region,30-40%,0-35,N
DDD_2014J_617850,0.0,0.4102445,0,M,West Midlands Region,10-20,0-35,N
DDD_2013B_382408,1.0,0.9958897,1,M,East Anglian Region,80-90%,0-35,N
BBB_2013J_583873,0.0,0.056108225,0,M,North Western Region,50-60%,35-55,N
GGG_2013J_369378,1.0,0.1363822,0,F,East Anglian Region,20-30%,0-35,N
BBB_2014J_652226,0.0,0.10085423,0,F,South West Region,60-70%,0-35,N
CCC_2014J_587008,0.0,0.17420518,0,M,South Region,70-80%,0-35,N
FFF_2014B_550903,0.0,0.045326114,0,M,Scotland,50-60%,0-35,Y
EEE_2014J_645319,0.0,0.12957576,0,M,Scotland,50-60%,55<=,N
AAA_2013J_603861,1.0,0.3713474,0,M,North Region,10-20,55<=,N
DDD_2014J_572430,0.0,0.61552954,1,F,North Western Region,70-80%,0-35,N
FFF_2014B_546071,0.0,0.0976023,0,M,Scotland,70-80%,35-55,N
CCC_2014B_493988,1.0,0.9997105,1,M,East Anglian Region,50-60%,0-35,N
DDD_2014J_443275,0.0,0.053007353,0,M,South East Region,90-100%,35-55,N
CCC_2014B_629560,1.0,0.9997149,1,F,North Western Region,40-50%,0-35,N
CCC_2014B_490297,1.0,0.9998698,1,M,Scotland,10-20,0-35,Y
FFF_2014J_634526,0.0,0.10482386,0,M,North Region,10-20,0-35,N
FFF_2013B_539759,0.0,0.19586349,0,M,South Region,30-40%,35-55,N
CCC_2014J_572431,0.0,0.12544967,0,M,South West Region,30-40%,0-35,N
FFF_2013B_550933,0.0,0.16938408,0,M,North Western Region,70-80%,35-55,N
FFF_2014J_553284,0.0,0.02889367,0,F,East Midlands Region,90-100%,0-35,N
FFF_2014B_2503799,1.0,0.88106763,1,M,London Region,10-20,35-55,N
AAA_2013J_1847830,0.0,0.22847953,0,M,South West Region,40-50%,35-55,N
FFF_2014J_688752,1.0,0.99974555,1,F,East Midlands Region,10-20,0-35,N
GGG_2013J_585297,1.0,0.99125904,1,M,South Region,40-50%,0-35,N
FFF_2013J_2634868,0.0,0.021544645,0,M,North Western Region,80-90%,0-35,N
DDD_2013J_303582,0.0,0.24019507,0,F,North Western Region,10-20,0-35,N
DDD_2013B_166342,0.0,0.34120974,0,M,North Region,10-20,0-35,N
CCC_2014B_420345,0.0,0.386995,0,M,East Midlands Region,0-10%,0-35,N
FFF_2013B_440851,1.0,0.6927553,1,M,Scotland,30-40%,0-35,N
BBB_2014J_581235,0.0,0.18182491,0,F,West Midlands Region,90-100%,0-35,N
FFF_2014J_675669,1.0,0.9953127,1,F,South Region,70-80%,0-35,N
BBB_2013J_592471,0.0,0.033661757,0,M,Scotland,60-70%,35-55,N
GGG_2013J_349360,0.0,0.1654687,0,F,London Region,50-60%,35-55,N
CCC_2014J_536825,1.0,0.9927725,1,M,South East Region,40-50%,0-35,N
BBB_2013B_544848,0.0,0.21889852,0,F,South East Region,30-40%,0-35,N
BBB_2014B_624592,0.0,0.46756697,0,F,West Midlands Region,10-20,35-55,N
FFF_2013B_400004,1.0,0.5276038,1,M,South West Region,20-30%,0-35,N
BBB_2013J_572626,1.0,0.9953127,1,F,Yorkshire Region,70-80%,0-35,N
DDD_2013B_521160,0.0,0.6499942,1,F,East Midlands Region,10-20,0-35,N
GGG_2014B_415399,1.0,0.99791676,1,M,East Anglian Region,70-80%,0-35,N
CCC_2014J_2593755,0.0,0.5698922,1,M,South West Region,50-60%,0-35,N
CCC_2014B_446295,1.0,0.9994918,1,M,Wales,20-30%,0-35,N
CCC_2014B_597560,1.0,0.999892,1,M,East Midlands Region,60-70%,35-55,N
BBB_2013J_489889,0.0,0.82369167,1,M,West Midlands Region,0-10%,0-35,N
CCC_2014J_63371,0.0,0.21995789,0,M,Ireland,0-10%,0-35,N
FFF_2014J_360752,1.0,0.9975165,1,M,South East Region,80-90%,0-35,N
FFF_2013J_563742,1.0,0.6998083,1,M,East Anglian Region,30-40%,35-55,N
EEE_2014J_689161,0.0,0.131296,0,M,Scotland,30-40%,35-55,N
FFF_2014B_296904,0.0,0.2839477,0,M,East Anglian Region,40-50%,0-35,N
GGG_2014J_689433,0.0,0.29409513,0,F,North Western Region,10-20,35-55,N
BBB_2014B_628941,0.0,0.26332226,0,M,Scotland,70-80%,35-55,N
DDD_2013J_514218,1.0,0.9877214,1,F,South East Region,90-100%,0-35,N
FFF_2014J_630358,1.0,0.9989844,1,M,North Western Region,0-10%,35-55,N
BBB_2013B_485352,1.0,0.9999553,1,F,East Anglian Region,50-60%,0-35,N
DDD_2013J_2643555,0.0,0.09136561,0,M,Scotland,70-80%,0-35,N
CCC_2014J_682309,1.0,0.9062186,1,M,North Region,10-20,35-55,Y
CCC_2014J_604991,1.0,0.13639633,0,M,North Region,60-70%,35-55,N
DDD_2013J_601286,1.0,0.08360005,0,M,East Anglian Region,70-80%,0-35,N
DDD_2014J_675256,0.0,0.30972293,0,M,Ireland,60-70%,0-35,Y
EEE_2014J_685950,0.0,0.48421916,0,M,Scotland,30-40%,0-35,N
AAA_2013J_2149225,1.0,0.9992592,1,M,Scotland,70-80%,35-55,Y
DDD_2014B_2685827,0.0,0.21178752,0,F,East Midlands Region,50-60%,0-35,N
CCC_2014B_627168,1.0,0.90283465,1,M,East Anglian Region,60-70%,0-35,N
CCC_2014B_177967,0.0,0.6613135,1,M,Scotland,0-10%,0-35,N
FFF_2014J_647391,0.0,0.26088682,0,F,Scotland,0-10%,0-35,N
BBB_2013J_523655,0.0,0.4832285,0,F,Wales,20-30%,0-35,N
EEE_2014J_684532,0.0,0.0512868,0,M,London Region,40-50%,35-55,N
BBB_2014J_685228,0.0,0.6232605,1,F,Ireland,10-20,0-35,N
BBB_2013J_473509,1.0,0.999806,1,M,West Midlands Region,90-100%,35-55,N
GGG_2014B_627834,0.0,0.27377698,0,F,East Anglian Region,60-70%,35-55,Y
DDD_2014J_598493,1.0,0.9958852,1,M,East Anglian Region,70-80%,35-55,Y
BBB_2013J_431071,1.0,0.9804853,1,F,Ireland,10-20,0-35,N
FFF_2014B_625885,1.0,0.9989041,1,M,London Region,20-30%,0-35,N
BBB_2014J_177554,1.0,0.19002889,0,F,South Region,40-50%,0-35,N
FFF_2013B_545951,1.0,0.61793816,1,F,Wales,70-80%,0-35,N
CCC_2014B_625714,1.0,0.54572666,1,M,East Anglian Region,50-60%,0-35,N
BBB_2014B_621905,0.0,0.31770408,0,F,East Anglian Region,30-40%,0-35,N
BBB_2014J_642600,0.0,0.21504803,0,F,West Midlands Region,40-50%,35-55,N
EEE_2013J_330530,1.0,0.61263263,1,M,North Western Region,30-40%,0-35,N
CCC_2014B_629862,0.0,0.26510918,0,M,West Midlands Region,60-70%,0-35,N
CCC_2014B_599275,1.0,0.76642966,1,M,Scotland,90-100%,0-35,N
BBB_2013J_600476,1.0,0.99871516,1,F,Wales,70-80%,0-35,Y
FFF_2013J_561714,0.0,0.16196097,0,M,West Midlands Region,10-20,0-35,Y
DDD_2013J_1957728,1.0,0.9996375,1,M,East Midlands Region,80-90%,0-35,N
FFF_2013B_232675,1.0,0.3113694,0,M,West Midlands Region,50-60%,0-35,N
GGG_2013J_586493,0.0,0.18274532,0,F,East Midlands Region,30-40%,0-35,N
DDD_2014J_697841,1.0,0.9998343,1,M,North Region,60-70%,0-35,N
BBB_2013J_606562,0.0,0.039904684,0,F,South Region,40-50%,0-35,N
EEE_2014J_633868,1.0,0.9979221,1,M,Wales,40-50%,35-55,N
DDD_2013J_418397,0.0,0.09529351,0,M,South Region,20-30%,0-35,Y
BBB_2014J_1419671,1.0,0.93261075,1,F,West Midlands Region,70-80%,35-55,N
BBB_2014J_677997,1.0,0.96868056,1,F,East Midlands Region,0-10%,0-35,N
DDD_2013B_556918,0.0,0.13474326,0,M,West Midlands Region,30-40%,0-35,N
DDD_2014J_678233,0.0,0.23979273,0,F,East Anglian Region,90-100%,0-35,N
BBB_2014J_696804,0.0,0.13913798,0,F,Wales,70-80%,0-35,N
FFF_2014B_629231,1.0,0.99828374,1,M,North Western Region,0-10%,35-55,N
FFF_2013B_529349,0.0,0.03756746,0,F,East Anglian Region,80-90%,0-35,N
CCC_2014J_1915824,0.0,0.12341485,0,F,South West Region,40-50%,35-55,N
EEE_2014J_686476,0.0,0.12938565,0,F,London Region,10-20,35-55,N
GGG_2014J_649113,1.0,0.3737683,0,F,East Midlands Region,50-60%,0-35,N
DDD_2013B_1976350,0.0,0.14155826,0,M,Wales,70-80%,35-55,N
BBB_2013J_583977,1.0,0.6204428,1,M,Scotland,70-80%,35-55,N
CCC_2014J_519684,1.0,0.92258525,1,M,Scotland,70-80%,0-35,N
FFF_2014J_1449171,1.0,0.99957603,1,M,Scotland,50-60%,35-55,N
CCC_2014J_362140,0.0,0.057033665,0,M,East Midlands Region,80-90%,0-35,N
CCC_2014J_347809,0.0,0.043433324,0,F,Scotland,10-20,0-35,N
GGG_2014J_675629,1.0,0.9712653,1,F,East Anglian Region,50-60%,35-55,N
BBB_2014J_689124,0.0,0.2099638,0,F,Ireland,30-40%,35-55,N
BBB_2014J_512411,0.0,0.13854328,0,F,Wales,20-30%,0-35,N
DDD_2014J_486539,1.0,0.9886404,1,F,North Western Region,0-10%,0-35,N
EEE_2014J_500440,1.0,0.29010877,0,M,London Region,30-40%,0-35,N
DDD_2013J_835603,1.0,0.9991837,1,M,North Western Region,20-30%,55<=,N
FFF_2014B_605475,0.0,0.19591306,0,M,Scotland,60-70%,0-35,N
FFF_2014J_649457,0.0,0.05057298,0,F,North Western Region,80-90%,0-35,N
DDD_2013J_584433,0.0,0.13240294,0,F,East Anglian Region,40-50%,0-35,Y
BBB_2013B_1753965,0.0,0.20098238,0,M,South East Region,0-10%,0-35,N
FFF_2013J_2545923,0.0,0.0228234,0,M,South West Region,40-50%,35-55,N
FFF_2013J_2197175,0.0,0.05411622,0,F,East Anglian Region,60-70%,35-55,N
CCC_2014B_623732,0.0,0.18250872,0,M,London Region,50-60%,35-55,N
DDD_2013J_416243,0.0,0.55946964,1,F,East Midlands Region,50-60%,0-35,Y
BBB_2014J_656228,1.0,0.9998252,1,F,North Western Region,40-50%,0-35,N
FFF_2013J_589749,1.0,0.97910017,1,F,Wales,0-10%,0-35,N
EEE_2014J_678613,1.0,0.99141943,1,M,Scotland,50-60%,55<=,N
CCC_2014B_134025,1.0,0.08722749,0,M,London Region,60-70%,0-35,N
FFF_2013B_269677,1.0,0.99932706,1,M,North Western Region,60-70%,35-55,N
CCC_2014B_635416,0.0,0.29643944,0,F,Scotland,40-50%,0-35,N
DDD_2014J_688175,0.0,0.18785287,0,M,Yorkshire Region,80-90%,0-35,N
EEE_2013J_270638,0.0,0.12646914,0,M,South West Region,20-30%,35-55,N
BBB_2013J_608647,0.0,0.22805531,0,F,South Region,60-70%,35-55,N
DDD_2014B_623815,0.0,0.105033055,0,F,North Western Region,0-10%,35-55,N
FFF_2014B_622239,1.0,0.99967253,1,M,Yorkshire Region,0-10%,0-35,N
DDD_2014J_693058,0.0,0.026692832,0,M,Scotland,90-100%,0-35,N
DDD_2013B_524396,0.0,0.18556237,0,F,South West Region,20-30%,35-55,N
GGG_2014B_633956,0.0,0.14163177,0,F,East Anglian Region,90-100%,35-55,N
CCC_2014J_616386,0.0,0.17641684,0,M,East Midlands Region,10-20,35-55,N
DDD_2014B_551109,1.0,0.99998915,1,F,North Region,0-10%,0-35,N
DDD_2013B_162984,1.0,0.9994469,1,M,London Region,20-30%,35-55,N
FFF_2013J_584601,0.0,0.10238424,0,M,South West Region,20-30%,0-35,N
DDD_2014B_586876,0.0,0.100533515,0,M,East Midlands Region,60-70%,0-35,N
GGG_2014B_634503,0.0,0.17667872,0,F,South Region,30-40%,0-35,N
BBB_2014J_653059,1.0,0.9867993,1,F,Scotland,40-50%,0-35,Y
BBB_2014B_2343413,0.0,0.35680062,0,F,London Region,10-20,0-35,N
CCC_2014B_487570,1.0,0.99470705,1,F,East Anglian Region,90-100%,35-55,N
EEE_2013J_265769,0.0,0.17936824,0,F,East Anglian Region,30-40%,0-35,N
GGG_2014B_630446,0.0,0.42265216,0,F,West Midlands Region,10-20,0-35,N
CCC_2014B_611865,1.0,0.98865044,1,M,London Region,50-60%,0-35,N
DDD_2013J_607900,0.0,0.027590597,0,M,South East Region,70-80%,35-55,N
FFF_2013J_1532921,1.0,0.99721897,1,M,East Anglian Region,70-80%,35-55,N
GGG_2014B_345737,1.0,0.99358505,1,F,London Region,10-20,35-55,Y
BBB_2014J_678057,1.0,0.83846784,1,F,East Midlands Region,20-30%,0-35,N
BBB_2014B_2022801,0.0,0.11729784,0,M,South Region,90-100%,35-55,N
FFF_2013J_91629,1.0,0.55678195,1,M,Wales,20-30%,0-35,Y
DDD_2014J_123183,0.0,0.0550248,0,M,Wales,50-60%,35-55,N
BBB_2013J_352112,0.0,0.34083322,0,F,South East Region,20-30%,0-35,N
BBB_2013J_487681,0.0,0.42442992,0,F,Wales,0-10%,0-35,N
BBB_2014B_417684,0.0,0.15073502,0,F,South East Region,20-30%,0-35,N
DDD_2013B_550604,0.0,0.21167326,0,F,Scotland,20-30%,35-55,N
FFF_2014J_687988,0.0,0.17305681,0,M,Ireland,90-100%,0-35,N
BBB_2013B_551504,1.0,0.9987708,1,M,Yorkshire Region,0-10%,0-35,N
DDD_2014B_627924,1.0,0.15813208,0,M,Scotland,10-20,0-35,N
EEE_2013J_586716,0.0,0.20128398,0,M,Scotland,80-90%,0-35,N
CCC_2014J_644453,1.0,0.9988985,1,F,South Region,20-30%,35-55,N
BBB_2014B_630778,0.0,0.32925594,0,F,Wales,90-100%,35-55,N
BBB_2014B_623295,1.0,0.59156287,1,F,East Anglian Region,60-70%,0-35,N
BBB_2014J_649905,0.0,0.103497475,0,F,Scotland,20-30%,0-35,N
FFF_2014J_381528,1.0,0.9838389,1,F,London Region,0-10%,0-35,N
BBB_2014B_2372088,1.0,0.9851302,1,F,London Region,30-40%,35-55,N
FFF_2013B_534792,0.0,0.23968229,0,F,South West Region,90-100%,35-55,N
EEE_2014B_631655,0.0,0.061801724,0,M,East Anglian Region,80-90%,0-35,N
BBB_2014J_586502,0.0,0.5300636,1,F,West Midlands Region,0-10%,35-55,N
BBB_2014J_495522,1.0,0.2559588,0,F,London Region,10-20,0-35,N
EEE_2014B_515125,1.0,0.6289693,1,M,London Region,50-60%,0-35,N
BBB_2014J_572496,0.0,0.17191729,0,F,North Western Region,0-10%,0-35,Y
BBB_2014J_656557,0.0,0.116753735,0,F,South East Region,60-70%,35-55,N
CCC_2014B_633637,1.0,0.9984426,1,M,Yorkshire Region,0-10%,0-35,N
DDD_2014J_695651,0.0,0.27382654,0,M,Ireland,0-10%,0-35,N
DDD_2013J_240641,0.0,0.36476535,0,F,North Region,10-20,0-35,N
CCC_2014J_256867,0.0,0.17294447,0,M,Yorkshire Region,80-90%,35-55,N
BBB_2013J_602767,1.0,0.7265033,1,F,North Western Region,0-10%,0-35,N
DDD_2014B_89904,0.0,0.18141155,0,M,Wales,30-40%,35-55,N
CCC_2014B_613310,1.0,0.092052266,0,M,Ireland,80-90%,0-35,N
GGG_2014J_350944,1.0,0.41405424,0,M,North Western Region,10-20,0-35,Y
CCC_2014B_634589,0.0,0.46161544,0,F,North Western Region,70-80%,0-35,N
EEE_2013J_2670012,1.0,0.99939644,1,M,North Region,10-20,0-35,N
FFF_2014B_632380,0.0,0.24622951,0,M,East Midlands Region,80-90%,0-35,N
BBB_2014B_626872,1.0,0.9908312,1,F,East Anglian Region,80-90%,35-55,N
EEE_2014B_565275,1.0,0.9999498,1,M,South Region,40-50%,0-35,N
DDD_2013B_94964,1.0,0.8517718,1,F,South West Region,40-50%,0-35,N
EEE_2014J_626998,0.0,0.7896146,1,M,Yorkshire Region,30-40%,0-35,N
BBB_2014J_697857,0.0,0.4531429,0,F,South West Region,20-30%,0-35,N
BBB_2013J_544627,1.0,0.8662003,1,F,East Anglian Region,90-100%,0-35,N
DDD_2014B_228373,1.0,0.52141786,1,F,South West Region,50-60%,0-35,N
DDD_2014J_420745,1.0,0.9997148,1,M,Yorkshire Region,70-80%,0-35,N
EEE_2013J_269764,0.0,0.14781867,0,M,Scotland,60-70%,0-35,N
BBB_2014J_2448699,1.0,0.32843176,0,F,East Anglian Region,80-90%,35-55,N
CCC_2014B_486737,1.0,0.9998642,1,M,North Western Region,10-20,0-35,Y
EEE_2013J_420173,0.0,0.0380326,0,M,North Region,40-50%,0-35,N
FFF_2014J_294112,1.0,0.34631512,0,M,Scotland,40-50%,0-35,N
EEE_2014J_688974,1.0,0.46317476,0,M,Scotland,40-50%,0-35,Y
BBB_2014J_678578,1.0,0.94444203,1,F,South West Region,70-80%,35-55,N
GGG_2014B_628316,0.0,0.5318825,1,F,South East Region,70-80%,0-35,N
AAA_2013J_2678643,0.0,0.07494333,0,F,South Region,80-90%,0-35,N
CCC_2014J_571833,0.0,0.052355018,0,M,East Midlands Region,80-90%,35-55,N
EEE_2013J_554459,1.0,0.5633098,1,M,North Western Region,40-50%,0-35,N
FFF_2013J_610746,0.0,0.12319046,0,M,North Region,10-20,35-55,N
CCC_2014B_514186,1.0,0.99981743,1,F,Scotland,50-60%,35-55,Y
FFF_2013B_547953,1.0,0.18258397,0,M,Ireland,0-10%,0-35,N
FFF_2014B_629762,1.0,0.97071385,1,M,South West Region,30-40%,0-35,N
BBB_2013J_570157,0.0,0.032605983,0,F,North Western Region,80-90%,35-55,N
DDD_2013J_437923,0.0,0.50320244,1,M,East Anglian Region,80-90%,0-35,Y
CCC_2014B_623707,1.0,0.45822617,0,F,East Midlands Region,30-40%,0-35,N
DDD_2014B_2683696,1.0,0.99957293,1,M,South Region,60-70%,35-55,N
BBB_2014J_650114,0.0,0.19554906,0,F,North Western Region,0-10%,35-55,N
DDD_2013J_123957,1.0,0.5814295,1,F,North Western Region,70-80%,0-35,N
CCC_2014B_591958,0.0,0.68671006,1,M,South Region,90-100%,0-35,N
DDD_2013J_567176,1.0,0.99800414,1,F,North Region,30-40%,0-35,N
FFF_2014B_2609955,1.0,0.94223106,1,M,Wales,10-20,0-35,N
BBB_2013B_232695,0.0,0.24712682,0,F,Wales,80-90%,0-35,N
DDD_2013J_394384,1.0,0.99378854,1,M,North Western Region,30-40%,0-35,N
DDD_2014J_483200,0.0,0.03701738,0,F,Scotland,50-60%,35-55,N
BBB_2014B_627403,1.0,0.20494188,0,F,South Region,50-60%,0-35,Y
BBB_2014J_626740,0.0,0.13956502,0,F,Wales,80-90%,0-35,N
CCC_2014J_697567,0.0,0.07451719,0,M,South East Region,80-90%,0-35,N
DDD_2013J_409880,0.0,0.22496557,0,F,South Region,20-30%,35-55,N
DDD_2014J_2279403,0.0,0.041904148,0,M,Yorkshire Region,20-30%,35-55,N
FFF_2013B_510186,0.0,0.19804864,0,M,North Region,10-20,0-35,N
DDD_2014J_2345307,1.0,0.9988232,1,F,South Region,40-50%,0-35,Y
CCC_2014B_522312,0.0,0.089789204,0,M,Yorkshire Region,80-90%,0-35,N
DDD_2014B_2109013,1.0,0.9406026,1,F,Scotland,80-90%,35-55,N
BBB_2013B_501550,0.0,0.06598045,0,F,West Midlands Region,70-80%,0-35,N
BBB_2014J_646352,1.0,0.9949256,1,F,London Region,20-30%,35-55,N
FFF_2014B_617318,0.0,0.101594016,0,M,East Midlands Region,30-40%,0-35,Y
DDD_2014B_562248,1.0,0.73482966,1,F,London Region,20-30%,0-35,N
EEE_2013J_587616,0.0,0.18165413,0,M,East Midlands Region,70-80%,0-35,N
FFF_2013J_494495,0.0,0.21965899,0,M,East Midlands Region,50-60%,0-35,N
EEE_2014B_624034,1.0,0.9903743,1,M,East Midlands Region,70-80%,0-35,N
EEE_2013J_588710,0.0,0.6623617,1,M,North Western Region,40-50%,0-35,N
BBB_2014B_630037,1.0,0.9997533,1,F,South East Region,50-60%,35-55,N
FFF_2014J_648611,1.0,0.9993986,1,M,Yorkshire Region,30-40%,0-35,N
CCC_2014J_572599,1.0,0.9980768,1,M,West Midlands Region,10-20,0-35,Y
BBB_2013B_559350,0.0,0.50697327,1,F,South East Region,60-70%,0-35,Y
EEE_2014J_629400,0.0,0.03609033,0,M,Scotland,90-100%,0-35,N
FFF_2013J_483626,0.0,0.7477844,1,M,East Midlands Region,20-30%,0-35,N
CCC_2014J_519057,0.0,0.6423143,1,F,South West Region,20-30%,0-35,N
CCC_2014J_618649,0.0,0.14884673,0,F,South West Region,80-90%,0-35,Y
DDD_2014J_688525,1.0,0.40539703,0,F,East Anglian Region,60-70%,35-55,N
BBB_2014J_689936,0.0,0.068968855,0,F,East Midlands Region,30-40%,0-35,N
GGG_2013J_574960,0.0,0.15078355,0,M,South West Region,70-80%,0-35,N
GGG_2013J_481772,1.0,0.6323608,1,F,London Region,10-20,0-35,N
FFF_2013B_544295,0.0,0.35421196,0,M,South Region,90-100%,35-55,Y
BBB_2013J_567013,1.0,0.90303147,1,M,East Anglian Region,30-40%,35-55,Y
BBB_2013B_541073,0.0,0.18375316,0,F,East Anglian Region,70-80%,0-35,Y
EEE_2014B_555756,0.0,0.050322562,0,M,Scotland,90-100%,0-35,N
FFF_2014B_624591,0.0,0.5704496,1,M,London Region,20-30%,0-35,N
EEE_2014J_596326,1.0,0.12365553,0,M,London Region,50-60%,35-55,N
BBB_2013B_505595,1.0,0.9309817,1,F,London Region,10-20,0-35,Y
DDD_2014B_231973,1.0,0.99760395,1,F,South East Region,10-20,35-55,Y
FFF_2013B_360726,0.0,0.4925455,0,M,Scotland,20-30%,0-35,N
FFF_2014J_686700,0.0,0.29854664,0,M,North Western Region,10-20,0-35,N
FFF_2013J_577673,1.0,0.9996555,1,M,Scotland,50-60%,0-35,Y
BBB_2013J_433280,0.0,0.2616291,0,F,Wales,80-90%,0-35,N
FFF_2014B_484223,0.0,0.08666784,0,F,Ireland,90-100%,0-35,N
EEE_2014B_621401,1.0,0.9849295,1,M,Yorkshire Region,30-40%,0-35,N
EEE_2014B_464724,0.0,0.14009966,0,M,South Region,90-100%,35-55,N
CCC_2014J_575265,1.0,0.99969983,1,M,Yorkshire Region,0-10%,0-35,N
BBB_2013J_603516,1.0,0.99965656,1,F,North Region,0-10%,35-55,N
AAA_2014J_288994,1.0,0.99991155,1,M,Scotland,30-40%,0-35,N
AAA_2014J_55104,0.0,0.41648012,0,F,West Midlands Region,60-70%,0-35,N
EEE_2014J_2410632,1.0,0.6449349,1,M,London Region,10-20,35-55,N
BBB_2013J_604917,0.0,0.101919726,0,F,Scotland,60-70%,35-55,N
EEE_2014B_618768,1.0,0.9997693,1,M,East Anglian Region,80-90%,0-35,N
BBB_2013J_609193,1.0,0.9962901,1,F,South Region,80-90%,0-35,N
CCC_2014J_608681,1.0,0.84593016,1,M,North Western Region,10-20,0-35,Y
AAA_2013J_100893,0.0,0.418372,0,M,Yorkshire Region,20-30%,0-35,N
DDD_2014J_679000,1.0,0.9999976,1,M,East Midlands Region,60-70%,0-35,Y
BBB_2013B_528161,0.0,0.4467472,0,F,Wales,30-40%,0-35,N
BBB_2013J_599644,1.0,0.52402425,1,F,Wales,10-20,35-55,Y
FFF_2014J_647525,1.0,0.902919,1,M,South West Region,90-100%,0-35,N
BBB_2013J_339494,0.0,0.07756852,0,M,South East Region,0-10%,0-35,N
BBB_2013J_556972,0.0,0.24141444,0,F,South West Region,20-30%,0-35,N
EEE_2014J_640443,1.0,0.9997596,1,M,West Midlands Region,40-50%,0-35,Y
DDD_2013B_2082180,1.0,0.6217525,1,M,London Region,90-100%,0-35,N
BBB_2014J_499790,0.0,0.20620623,0,F,London Region,20-30%,35-55,Y
FFF_2014J_268823,1.0,0.7889544,1,M,Wales,10-20,0-35,N
CCC_2014J_579052,1.0,0.7099835,1,M,North Region,40-50%,35-55,N
DDD_2013J_1345808,0.0,0.17461066,0,F,Scotland,20-30%,35-55,N
FFF_2014J_600615,1.0,0.86721975,1,M,South West Region,0-10%,0-35,N
BBB_2014B_2164251,0.0,0.08394076,0,F,South Region,80-90%,0-35,N
FFF_2014J_674691,0.0,0.033260554,0,F,South Region,40-50%,0-35,N
BBB_2014J_563027,0.0,0.21723865,0,F,South East Region,50-60%,0-35,N
BBB_2013B_398949,1.0,0.9966029,1,F,Yorkshire Region,10-20,0-35,N
GGG_2013J_568288,0.0,0.13260144,0,F,South West Region,70-80%,0-35,Y
BBB_2014B_571614,0.0,0.62632346,1,F,Ireland,10-20,0-35,N
EEE_2014J_628741,0.0,0.17088439,0,M,South West Region,80-90%,0-35,N
GGG_2014B_611534,1.0,0.8776526,1,F,London Region,20-30%,35-55,N
BBB_2014J_286338,0.0,0.14560528,0,F,South Region,30-40%,35-55,N
FFF_2013B_412263,0.0,0.3119359,0,M,Ireland,0-10%,0-35,N
DDD_2014J_605070,1.0,0.48934087,0,M,North Region,10-20,0-35,N
EEE_2014J_649255,0.0,0.042479757,0,M,Yorkshire Region,70-80%,0-35,N
GGG_2014B_628280,0.0,0.94389486,1,F,London Region,30-40%,35-55,N
FFF_2014J_335095,0.0,0.019649386,0,M,South West Region,80-90%,0-35,N
FFF_2014B_627840,1.0,0.3833699,0,M,North Western Region,70-80%,35-55,N
CCC_2014B_1969407,1.0,0.43250912,0,M,East Anglian Region,90-100%,55<=,N
GGG_2014B_575199,0.0,0.24226856,0,F,North Western Region,0-10%,0-35,N
DDD_2013J_350164,1.0,0.99808073,1,M,Scotland,70-80%,0-35,Y
FFF_2014J_276265,0.0,0.83793294,1,M,Scotland,80-90%,0-35,Y
BBB_2014B_627685,0.0,0.3893912,0,F,London Region,20-30%,0-35,N
FFF_2014J_648114,0.0,0.10813911,0,M,Scotland,80-90%,0-35,N
DDD_2014J_241066,0.0,0.7143103,1,F,North Region,10-20,0-35,N
GGG_2014B_613227,1.0,0.93631476,1,F,Yorkshire Region,20-30%,35-55,N
FFF_2014J_521703,1.0,0.9999933,1,M,East Anglian Region,60-70%,0-35,N
GGG_2013J_586337,0.0,0.13564157,0,F,South Region,90-100%,0-35,N
FFF_2014J_305659,0.0,0.24991477,0,M,South East Region,80-90%,0-35,N
DDD_2013J_352051,0.0,0.8365846,1,F,North Western Region,20-30%,35-55,N
CCC_2014J_484435,0.0,0.9914364,1,F,Scotland,20-30%,35-55,N
EEE_2013J_571595,1.0,0.52906114,1,M,Scotland,70-80%,0-35,N
BBB_2014J_473095,0.0,0.3728203,0,F,East Midlands Region,40-50%,35-55,N
GGG_2014B_38187,1.0,0.96698314,1,F,East Anglian Region,50-60%,0-35,N
BBB_2014J_683548,1.0,0.0727859,0,F,Yorkshire Region,40-50%,0-35,N
GGG_2014B_628495,0.0,0.19213706,0,M,South West Region,60-70%,35-55,N
BBB_2013B_432004,1.0,0.8919128,1,F,London Region,40-50%,0-35,N
FFF_2014J_676007,0.0,0.25100613,0,M,South West Region,70-80%,0-35,N
DDD_2014J_2205559,1.0,0.5136457,1,F,Yorkshire Region,70-80%,35-55,N
EEE_2014J_649215,1.0,0.13774513,0,M,London Region,20-30%,0-35,N
GGG_2014J_654914,0.0,0.10285649,0,F,East Anglian Region,70-80%,0-35,N
BBB_2013J_604116,0.0,0.17805701,0,F,East Anglian Region,60-70%,35-55,N
BBB_2014B_313246,0.0,0.64275104,1,F,South West Region,70-80%,0-35,N
BBB_2013B_285912,0.0,0.230724,0,F,Wales,50-60%,35-55,N
FFF_2013B_549751,1.0,0.22942552,0,M,Scotland,0-10%,35-55,N
BBB_2014B_123270,1.0,0.8774029,1,F,North Western Region,50-60%,35-55,N
DDD_2013B_379199,1.0,0.9999398,1,M,South East Region,80-90%,0-35,N
FFF_2014J_653372,1.0,0.4301702,0,M,North Western Region,10-20,0-35,N
GGG_2013J_596801,0.0,0.070707776,0,F,South East Region,10-20,0-35,N
CCC_2014B_505520,1.0,0.7802179,1,M,East Anglian Region,70-80%,0-35,N
BBB_2013J_2579673,1.0,0.76251346,1,F,South West Region,0-10%,35-55,N
FFF_2013J_593953,0.0,0.05496086,0,M,South East Region,10-20,35-55,N
CCC_2014J_2689013,1.0,0.27075636,0,M,Scotland,80-90%,35-55,N
FFF_2013J_600746,1.0,0.9926974,1,M,North Western Region,30-40%,0-35,N
FFF_2014J_534457,0.0,0.2868338,0,F,Scotland,50-60%,0-35,Y
CCC_2014B_82575,0.0,0.27300045,0,M,West Midlands Region,80-90%,0-35,N
DDD_2013J_319479,1.0,0.97467417,1,F,Scotland,60-70%,0-35,N
FFF_2013B_559642,0.0,0.10016878,0,M,East Midlands Region,30-40%,0-35,N
FFF_2013J_2170320,1.0,0.25562283,0,M,North Western Region,50-60%,0-35,N
FFF_2013J_392210,1.0,0.9981876,1,M,East Midlands Region,70-80%,0-35,N
GGG_2014J_642949,0.0,0.16857821,0,M,London Region,30-40%,0-35,N
DDD_2014J_684663,1.0,0.708717,1,M,Scotland,70-80%,0-35,Y
FFF_2014J_642496,1.0,0.40292707,0,M,East Midlands Region,50-60%,0-35,N
GGG_2013J_576141,1.0,0.8253674,1,F,London Region,0-10%,0-35,N
EEE_2014J_688742,0.0,0.07959316,0,M,South West Region,60-70%,0-35,N
CCC_2014B_604906,1.0,0.997715,1,M,South Region,70-80%,0-35,N
BBB_2014B_631441,0.0,0.14494617,0,F,North Western Region,60-70%,35-55,N
DDD_2013B_558948,0.0,0.14203031,0,M,South West Region,40-50%,0-35,N
FFF_2014J_644210,0.0,0.58264697,1,M,South West Region,80-90%,0-35,Y
EEE_2014J_381983,1.0,0.40628442,0,F,Wales,20-30%,35-55,N
EEE_2013J_482726,0.0,0.115088254,0,F,South Region,90-100%,35-55,N
EEE_2014B_496108,0.0,0.6699626,1,M,East Anglian Region,60-70%,0-35,N
BBB_2014J_2035574,0.0,0.08990804,0,F,East Midlands Region,80-90%,35-55,N
EEE_2014B_592593,0.0,0.8469189,1,M,South Region,90-100%,0-35,N
BBB_2014J_643172,0.0,0.05402257,0,F,London Region,20-30%,35-55,N
BBB_2014J_682728,1.0,0.90024084,1,F,North Western Region,10-20,0-35,N
EEE_2014B_605130,1.0,0.9994399,1,M,Scotland,10-20,0-35,N
FFF_2014J_675843,1.0,0.9735738,1,M,East Anglian Region,30-40%,0-35,Y
BBB_2013B_546015,1.0,0.9957451,1,F,West Midlands Region,50-60%,35-55,N
BBB_2013J_467396,1.0,0.9931738,1,F,Wales,60-70%,0-35,N
DDD_2013J_583946,0.0,0.12517506,0,F,Scotland,90-100%,0-35,N
CCC_2014B_1694780,1.0,0.16212943,0,M,Ireland,70-80%,35-55,N
BBB_2013J_228243,1.0,0.9998355,1,M,London Region,10-20,35-55,N
DDD_2014J_631998,0.0,0.26602012,0,F,North Region,10-20,0-35,N
GGG_2014B_541890,0.0,0.7561213,1,F,East Midlands Region,90-100%,35-55,N
AAA_2013J_1894188,0.0,0.07443717,0,F,East Midlands Region,80-90%,0-35,N
EEE_2014B_244977,0.0,0.044658184,0,M,East Anglian Region,50-60%,0-35,N
BBB_2014B_288717,1.0,0.9905934,1,F,North Western Region,20-30%,0-35,N
DDD_2013J_584914,0.0,0.17120665,0,M,Scotland,10-20,0-35,N
CCC_2014B_2032058,1.0,0.84352016,1,M,South West Region,60-70%,35-55,N
GGG_2014B_611612,0.0,0.57454985,1,F,West Midlands Region,30-40%,0-35,N
BBB_2014J_629127,0.0,0.018781636,0,F,East Anglian Region,50-60%,35-55,N
FFF_2014J_641307,1.0,0.9996201,1,M,North Western Region,20-30%,55<=,N
DDD_2014J_2142243,0.0,0.11861851,0,M,West Midlands Region,60-70%,0-35,N
EEE_2014J_647466,0.0,0.1876806,0,F,North Region,10-20,0-35,N
BBB_2013B_558324,1.0,0.09056891,0,M,South West Region,70-80%,35-55,N
FFF_2014B_630748,1.0,0.31877708,0,M,South Region,40-50%,0-35,N
DDD_2013J_588208,0.0,0.10636174,0,F,South East Region,40-50%,0-35,N
DDD_2014J_445782,1.0,0.049683776,0,M,South Region,80-90%,0-35,N
DDD_2014J_683648,0.0,0.23279686,0,F,Scotland,70-80%,0-35,N
BBB_2014J_601983,1.0,0.02934056,0,F,South West Region,90-100%,35-55,N
CCC_2014J_651187,1.0,0.9998115,1,M,London Region,20-30%,0-35,N
BBB_2013J_522650,1.0,0.9920805,1,F,East Anglian Region,90-100%,0-35,N
FFF_2013B_2623427,0.0,0.26154208,0,M,Scotland,10-20,35-55,N
FFF_2014J_694669,1.0,0.99999523,1,M,London Region,20-30%,0-35,Y
FFF_2013B_533134,0.0,0.15763547,0,M,North Western Region,50-60%,0-35,N
CCC_2014J_440103,1.0,0.92011064,1,M,East Anglian Region,80-90%,0-35,N
BBB_2014J_2093092,1.0,0.9994648,1,F,East Anglian Region,70-80%,35-55,N
GGG_2013J_2349926,1.0,0.74087214,1,F,North Western Region,0-10%,0-35,N
BBB_2014J_678328,1.0,0.9942878,1,F,East Midlands Region,90-100%,0-35,N
FFF_2014J_135280,0.0,0.34519207,0,M,North Region,10-20,0-35,N
BBB_2013J_602634,1.0,0.99797875,1,F,Yorkshire Region,90-100%,0-35,N
CCC_2014J_590886,1.0,0.99986994,1,M,North Western Region,20-30%,0-35,N
FFF_2014B_402449,1.0,0.10629271,0,M,East Anglian Region,90-100%,0-35,N
DDD_2013J_164935,0.0,0.108618,0,M,North Western Region,50-60%,0-35,N
FFF_2014B_190418,0.0,0.12114816,0,M,East Anglian Region,40-50%,0-35,N
CCC_2014B_623511,1.0,0.9597997,1,M,South Region,70-80%,0-35,N
BBB_2013B_2635505,0.0,0.25025883,0,F,South Region,20-30%,35-55,N
BBB_2014B_380184,0.0,0.738193,1,F,Yorkshire Region,10-20,0-35,N
DDD_2013J_2636885,1.0,0.69869345,1,F,Yorkshire Region,10-20,35-55,N
DDD_2014B_963176,1.0,0.23040918,0,M,West Midlands Region,40-50%,35-55,N
BBB_2013J_598883,0.0,0.03649099,0,F,East Anglian Region,40-50%,0-35,N
BBB_2013J_2463950,0.0,0.14646092,0,F,London Region,60-70%,0-35,N
BBB_2014J_484443,1.0,0.988861,1,F,Wales,50-60%,35-55,N
BBB_2013J_475215,1.0,0.040816937,0,F,Scotland,40-50%,0-35,N
DDD_2014J_642785,1.0,0.9998054,1,F,East Anglian Region,20-30%,0-35,N
FFF_2013J_231606,1.0,0.17289162,0,M,Wales,60-70%,35-55,N
CCC_2014J_657211,1.0,0.9997601,1,M,South Region,40-50%,0-35,N
DDD_2013B_244919,1.0,0.4746247,0,M,Yorkshire Region,0-10%,0-35,N
BBB_2013B_542613,0.0,0.43066922,0,F,South West Region,30-40%,35-55,N
GGG_2013J_598788,0.0,0.5635285,1,F,East Anglian Region,40-50%,0-35,Y
FFF_2013J_594643,1.0,0.52348083,1,M,West Midlands Region,20-30%,0-35,N
BBB_2013B_400469,0.0,0.24455248,0,F,Yorkshire Region,50-60%,0-35,N
FFF_2013B_546863,1.0,0.99815255,1,M,London Region,20-30%,35-55,N
DDD_2013B_131235,1.0,0.99997354,1,M,Yorkshire Region,70-80%,35-55,N
DDD_2014B_628956,0.0,0.09492518,0,M,Wales,90-100%,0-35,N
EEE_2013J_588402,0.0,0.1047073,0,M,Wales,60-70%,35-55,N
BBB_2013J_496334,1.0,0.22248821,0,F,Yorkshire Region,10-20,0-35,N
FFF_2014J_398550,0.0,0.11295483,0,M,West Midlands Region,30-40%,0-35,N
EEE_2013J_1529371,1.0,0.15612786,0,M,North Region,80-90%,35-55,N
CCC_2014J_470159,0.0,0.5053107,1,M,North Region,10-20,0-35,N
AAA_2014J_603834,0.0,0.58283293,1,F,Scotland,50-60%,0-35,N
DDD_2014J_687765,1.0,0.90771496,1,F,North Western Region,30-40%,0-35,N
DDD_2013J_421301,1.0,0.6125906,1,F,South Region,60-70%,0-35,N
CCC_2014J_447644,0.0,0.07556252,0,F,South West Region,80-90%,0-35,Y
BBB_2013B_488477,1.0,0.25732043,0,F,Scotland,40-50%,0-35,N
CCC_2014J_628910,0.0,0.22439925,0,M,London Region,60-70%,0-35,N
EEE_2013J_570414,1.0,0.23644961,0,M,Ireland,10-20,0-35,N
EEE_2014J_651935,0.0,0.12798548,0,F,West Midlands Region,0-10%,0-35,N
DDD_2014B_354953,1.0,0.99476695,1,M,East Anglian Region,10-20,35-55,N
CCC_2014B_588219,1.0,0.8832139,1,M,South East Region,50-60%,0-35,N
EEE_2014J_608669,1.0,0.9968514,1,M,Scotland,60-70%,0-35,N
EEE_2014J_679114,0.0,0.111270815,0,F,West Midlands Region,40-50%,0-35,N
GGG_2014B_482677,0.0,0.9537418,1,F,South East Region,70-80%,0-35,N
BBB_2013B_329800,0.0,0.06529815,0,M,South Region,80-90%,0-35,N
FFF_2013B_465430,0.0,0.15207432,0,M,South West Region,20-30%,0-35,N
FFF_2013J_279750,0.0,0.064950384,0,M,Scotland,60-70%,35-55,N
AAA_2014J_296424,0.0,0.1611509,0,M,Scotland,30-40%,35-55,N
GGG_2013J_593793,1.0,0.17012599,0,F,West Midlands Region,90-100%,0-35,N
DDD_2013J_547378,1.0,0.989967,1,M,Wales,0-10%,0-35,N
CCC_2014J_2485655,1.0,0.99975187,1,M,East Anglian Region,20-30%,0-35,N
BBB_2013J_380240,1.0,0.20218699,0,F,Wales,0-10%,0-35,N
BBB_2013B_547409,1.0,0.7965837,1,F,London Region,10-20,0-35,N
BBB_2014J_695484,0.0,0.20046487,0,M,Ireland,80-90%,0-35,N
FFF_2013B_549370,1.0,0.35717574,0,M,South East Region,40-50%,35-55,N
FFF_2014J_2684048,1.0,0.9954341,1,F,East Midlands Region,20-30%,0-35,N
BBB_2013J_338741,0.0,0.26498646,0,F,East Anglian Region,50-60%,0-35,N
GGG_2013J_582568,1.0,0.2047698,0,F,East Midlands Region,80-90%,0-35,N
FFF_2013J_603199,1.0,0.31469366,0,M,North Western Region,70-80%,35-55,N
FFF_2013J_2357629,0.0,0.19634876,0,M,London Region,30-40%,0-35,Y
FFF_2014J_534112,1.0,0.06523054,0,F,Wales,70-80%,35-55,N
BBB_2013J_611688,0.0,0.33723074,0,F,Ireland,60-70%,0-35,N
DDD_2013J_532020,0.0,0.0857257,0,M,Scotland,30-40%,0-35,N
BBB_2014B_468349,1.0,0.31190616,0,F,East Anglian Region,30-40%,0-35,N
DDD_2013J_604559,1.0,0.5676053,1,M,Yorkshire Region,90-100%,0-35,N
BBB_2013J_329030,1.0,0.16428208,0,M,East Anglian Region,70-80%,0-35,N
FFF_2014J_599007,1.0,0.99916446,1,M,South East Region,80-90%,0-35,N
DDD_2013J_598665,0.0,0.2869175,0,M,South Region,90-100%,35-55,N
FFF_2013J_2387725,1.0,0.30609214,0,M,Wales,10-20,35-55,N
FFF_2014J_2563095,0.0,0.18836743,0,M,South Region,40-50%,0-35,N
FFF_2013J_599568,1.0,0.36913452,0,M,East Anglian Region,30-40%,0-35,N
FFF_2014B_584990,1.0,0.9976787,1,M,East Anglian Region,90-100%,0-35,N
DDD_2014J_540885,1.0,0.9999901,1,M,West Midlands Region,0-10%,0-35,N
BBB_2014J_695047,0.0,0.33452326,0,F,Ireland,40-50%,35-55,N
BBB_2014B_623935,0.0,0.28965685,0,F,South Region,20-30%,0-35,N
EEE_2014J_567926,1.0,0.99989474,1,M,Scotland,60-70%,0-35,N
DDD_2014J_653412,1.0,0.34656882,0,M,East Anglian Region,50-60%,35-55,N
DDD_2013J_227491,1.0,0.9996996,1,F,West Midlands Region,10-20,35-55,N
BBB_2014J_1832218,0.0,0.11138484,0,F,Scotland,60-70%,35-55,N
CCC_2014J_112454,0.0,0.06967195,0,M,South East Region,90-100%,0-35,N
BBB_2013J_578062,1.0,0.5617932,1,F,West Midlands Region,10-20,0-35,N
BBB_2013B_476201,0.0,0.20995376,0,M,Yorkshire Region,10-20,0-35,N
FFF_2014B_532575,1.0,0.9379722,1,M,West Midlands Region,40-50%,0-35,N
GGG_2014B_619212,0.0,0.17651841,0,F,South East Region,70-80%,0-35,N
FFF_2014J_677206,0.0,0.38605973,0,F,West Midlands Region,40-50%,0-35,N
DDD_2014B_373795,1.0,0.976101,1,F,London Region,10-20,0-35,N
DDD_2014J_2509321,0.0,0.3134609,0,M,London Region,10-20,0-35,N
DDD_2014J_359657,1.0,0.8708613,1,M,North Western Region,20-30%,0-35,N
CCC_2014J_200372,1.0,0.5637359,1,M,Scotland,20-30%,35-55,N
GGG_2014J_501888,0.0,0.16282946,0,F,South West Region,10-20,0-35,Y
FFF_2014J_648457,0.0,0.062328972,0,M,South East Region,60-70%,0-35,N
FFF_2014J_648190,1.0,0.9998178,1,M,North Region,10-20,0-35,N
DDD_2013J_583570,1.0,0.9998647,1,M,North Western Region,20-30%,0-35,N
BBB_2014J_649278,1.0,0.9961778,1,F,West Midlands Region,60-70%,0-35,N
CCC_2014J_686813,1.0,0.9998216,1,M,London Region,10-20,0-35,Y
FFF_2013J_590815,1.0,0.9999198,1,M,North Region,0-10%,0-35,N
DDD_2014B_626885,0.0,0.03876006,0,M,North Region,50-60%,0-35,N
BBB_2014J_624795,1.0,0.99968445,1,F,North Region,10-20,0-35,N
GGG_2014B_2695362,0.0,0.4528413,0,F,East Midlands Region,0-10%,0-35,N
CCC_2014J_648521,1.0,0.9993224,1,F,London Region,30-40%,0-35,N
FFF_2014B_630013,0.0,0.17999136,0,M,West Midlands Region,40-50%,0-35,N
AAA_2014J_235507,0.0,0.5087898,1,M,Yorkshire Region,90-100%,0-35,N
BBB_2013J_593444,0.0,0.43743256,0,F,Ireland,30-40%,0-35,N
DDD_2013J_599854,0.0,0.5149011,1,F,South Region,70-80%,0-35,N
EEE_2013J_348655,0.0,0.144568,0,M,London Region,80-90%,0-35,N
FFF_2013B_126088,1.0,0.6429945,1,M,London Region,30-40%,35-55,N
BBB_2014J_683202,0.0,0.0957649,0,F,Scotland,50-60%,35-55,N
BBB_2014J_680162,0.0,0.15421593,0,F,South Region,80-90%,0-35,N
FFF_2013B_545377,1.0,0.21187544,0,M,South Region,80-90%,0-35,N
CCC_2014B_2576298,1.0,0.9997682,1,M,South West Region,60-70%,0-35,N
CCC_2014B_582087,1.0,0.49263504,0,M,Scotland,40-50%,0-35,N
FFF_2014J_426410,1.0,0.9986533,1,M,East Midlands Region,70-80%,0-35,N
CCC_2014B_633384,1.0,0.85524213,1,M,South East Region,60-70%,0-35,N
CCC_2014J_2633981,1.0,0.99975973,1,M,South West Region,60-70%,0-35,Y
EEE_2014J_678970,0.0,0.05989444,0,F,Scotland,50-60%,0-35,N
DDD_2013J_292694,1.0,0.08503597,0,F,Yorkshire Region,70-80%,0-35,N
DDD_2014B_565840,1.0,0.50344086,1,M,Wales,70-80%,0-35,N
FFF_2013B_505488,0.0,0.45403376,0,M,Yorkshire Region,50-60%,0-35,N
CCC_2014B_632260,1.0,0.99995184,1,F,South West Region,40-50%,0-35,N
FFF_2013B_553831,0.0,0.27251178,0,F,South East Region,30-40%,0-35,N
CCC_2014B_620977,1.0,0.9236964,1,M,South West Region,80-90%,0-35,N
GGG_2014J_342466,1.0,0.9911447,1,M,London Region,30-40%,35-55,N
DDD_2014B_629876,1.0,0.32611454,0,M,South West Region,50-60%,0-35,N
GGG_2013J_575214,0.0,0.23692341,0,F,North Western Region,50-60%,0-35,N
GGG_2013J_584942,0.0,0.19143133,0,F,South East Region,10-20,0-35,N
DDD_2014J_695759,0.0,0.11225446,0,M,East Midlands Region,80-90%,0-35,N
GGG_2013J_598139,0.0,0.15876603,0,F,East Anglian Region,30-40%,35-55,N
FFF_2013B_555609,1.0,0.53713596,1,M,London Region,20-30%,35-55,N
BBB_2014B_623821,1.0,0.56172264,1,F,Wales,10-20,0-35,N
FFF_2013J_595246,1.0,0.99815327,1,M,North Western Region,20-30%,0-35,N
CCC_2014B_574663,1.0,0.9995432,1,M,Yorkshire Region,30-40%,0-35,N
BBB_2014B_338168,1.0,0.9959663,1,F,East Anglian Region,70-80%,35-55,N
CCC_2014B_301232,0.0,0.37455767,0,M,South West Region,60-70%,0-35,N
DDD_2013J_598536,1.0,0.7893958,1,F,East Midlands Region,0-10%,0-35,N
BBB_2013B_467835,1.0,0.98896873,1,F,London Region,40-50%,0-35,N
DDD_2013J_497590,0.0,0.30749768,0,F,West Midlands Region,30-40%,0-35,N
FFF_2014J_632773,1.0,0.9997222,1,M,West Midlands Region,50-60%,0-35,N
DDD_2014B_623601,1.0,0.99822325,1,M,East Anglian Region,30-40%,35-55,N
DDD_2013B_556295,1.0,0.24555843,0,M,North Region,10-20,0-35,N
BBB_2013J_551234,0.0,0.040243946,0,F,London Region,10-20,35-55,N
CCC_2014J_585643,1.0,0.99870706,1,M,North Western Region,30-40%,0-35,N
CCC_2014B_482280,0.0,0.29283306,0,M,East Anglian Region,90-100%,0-35,N
EEE_2014J_443701,1.0,0.9656951,1,F,South West Region,90-100%,35-55,N
FFF_2014B_631235,0.0,0.22455075,0,M,South West Region,30-40%,0-35,N
FFF_2014B_623474,1.0,0.7820987,1,M,North Western Region,60-70%,0-35,N
BBB_2014B_561953,0.0,0.20468754,0,F,East Anglian Region,70-80%,0-35,N
FFF_2013B_556153,1.0,0.99129444,1,M,South East Region,20-30%,0-35,N
CCC_2014J_685412,0.0,0.093045734,0,M,East Anglian Region,90-100%,0-35,N
BBB_2014B_572378,1.0,0.99998915,1,F,London Region,10-20,0-35,Y
BBB_2013J_335481,1.0,0.98509604,1,F,South East Region,90-100%,35-55,N
DDD_2013J_2624040,0.0,0.42290372,0,F,South West Region,80-90%,0-35,N
GGG_2013J_599529,0.0,0.7866763,1,M,South West Region,20-30%,0-35,N
BBB_2013B_371679,0.0,0.11461527,0,F,South East Region,70-80%,0-35,N
CCC_2014J_678204,0.0,0.12636895,0,M,South Region,40-50%,0-35,N
BBB_2014B_634304,0.0,0.49157205,0,F,London Region,20-30%,0-35,N
BBB_2014B_585048,0.0,0.088896155,0,M,North Western Region,0-10%,0-35,N
FFF_2013B_529864,1.0,0.7753507,1,M,Yorkshire Region,60-70%,0-35,N
FFF_2014B_611185,0.0,0.5442167,1,M,North Region,10-20,0-35,N
GGG_2014J_640654,1.0,0.93257934,1,M,Scotland,0-10%,35-55,Y
EEE_2013J_368483,1.0,0.62519383,1,M,North Western Region,0-10%,0-35,N
BBB_2013B_555667,0.0,0.06462838,0,F,West Midlands Region,70-80%,0-35,N
FFF_2013B_286422,0.0,0.06993874,0,M,Scotland,90-100%,0-35,N
AAA_2014J_2630087,1.0,0.99997425,1,F,East Midlands Region,90-100%,35-55,N
DDD_2014B_620243,0.0,0.34892595,0,M,South West Region,80-90%,0-35,N
CCC_2014B_83219,0.0,0.46676505,0,F,West Midlands Region,0-10%,0-35,N
AAA_2014J_2601889,0.0,0.06828092,0,M,West Midlands Region,70-80%,35-55,N
DDD_2014J_444625,1.0,0.9997285,1,M,London Region,30-40%,0-35,N
FFF_2014J_631681,0.0,0.48875457,0,F,North Region,10-20,0-35,N
DDD_2013J_2555596,0.0,0.082051784,0,M,South Region,30-40%,0-35,N
FFF_2014J_645880,1.0,0.48291108,0,M,Scotland,0-10%,0-35,N
GGG_2013J_1699264,1.0,0.3020525,0,F,South East Region,50-60%,35-55,N
FFF_2013J_587783,0.0,0.012073244,0,M,East Anglian Region,80-90%,0-35,N
BBB_2013J_549445,0.0,0.37850684,0,F,Ireland,30-40%,35-55,N
BBB_2013B_2570633,1.0,0.99991894,1,F,London Region,30-40%,35-55,N
BBB_2013B_553763,1.0,0.99918634,1,F,Scotland,90-100%,35-55,N
CCC_2014J_691843,0.0,0.4299016,0,F,Scotland,40-50%,0-35,N
DDD_2014J_678240,0.0,0.034700077,0,M,Scotland,60-70%,0-35,N
BBB_2013J_543199,1.0,0.9979857,1,F,West Midlands Region,10-20,0-35,N
BBB_2013J_2229783,1.0,0.18840021,0,F,London Region,0-10%,35-55,N
DDD_2014J_585832,0.0,0.045960728,0,F,North Region,20-30%,0-35,Y
EEE_2014J_680829,1.0,0.9942263,1,F,North Region,10-20,0-35,N
CCC_2014B_387009,0.0,0.46024528,0,F,Wales,10-20,0-35,N
BBB_2013J_490894,1.0,0.4380679,0,F,London Region,10-20,35-55,N
BBB_2013B_2366070,1.0,0.34486306,0,F,South East Region,30-40%,0-35,N
CCC_2014J_446778,1.0,0.166377,0,M,South Region,40-50%,35-55,N
CCC_2014J_585769,1.0,0.0347457,0,F,Scotland,50-60%,0-35,N
BBB_2014B_535548,0.0,0.49803826,0,F,East Midlands Region,20-30%,0-35,N
EEE_2013J_505722,0.0,0.073505,0,M,North Western Region,0-10%,35-55,N
FFF_2014J_576423,1.0,0.99905103,1,M,London Region,10-20,0-35,N
CCC_2014J_591733,1.0,0.65881145,1,F,South Region,50-60%,0-35,N
DDD_2014J_134920,1.0,0.41080955,0,F,South Region,50-60%,0-35,N
FFF_2014B_488758,1.0,0.76688546,1,M,North Region,30-40%,0-35,N
DDD_2014B_522690,1.0,0.9997447,1,F,East Midlands Region,90-100%,35-55,N
GGG_2013J_60405,0.0,0.10204651,0,F,Yorkshire Region,10-20,35-55,N
DDD_2013J_318574,1.0,0.99972385,1,M,North Western Region,40-50%,0-35,N
DDD_2014J_510456,0.0,0.022996739,0,F,Scotland,50-60%,35-55,N
CCC_2014B_570967,0.0,0.77804434,1,F,London Region,30-40%,35-55,N
BBB_2013J_606465,0.0,0.35961902,0,M,South East Region,70-80%,0-35,N
CCC_2014B_585681,1.0,0.99943084,1,M,Yorkshire Region,90-100%,0-35,N
DDD_2013B_543060,0.0,0.6199542,1,F,West Midlands Region,60-70%,0-35,N
FFF_2014J_242636,1.0,0.9892107,1,M,West Midlands Region,40-50%,0-35,N
BBB_2014B_567059,0.0,0.43220517,0,F,East Midlands Region,50-60%,0-35,N
CCC_2014B_494919,0.0,0.6372661,1,F,Scotland,10-20,0-35,Y
FFF_2014J_678044,1.0,0.999944,1,M,Wales,10-20,0-35,N
DDD_2014B_468386,1.0,0.9691131,1,F,Scotland,0-10%,0-35,N
DDD_2013J_588566,0.0,0.095579386,0,M,East Midlands Region,20-30%,35-55,N
FFF_2013J_586518,0.0,0.35733956,0,M,Scotland,70-80%,0-35,N
CCC_2014J_599461,1.0,0.9787187,1,F,London Region,20-30%,0-35,N
DDD_2013J_517093,0.0,0.01785863,0,M,Scotland,70-80%,0-35,N
FFF_2014J_684671,0.0,0.09661773,0,M,South East Region,90-100%,0-35,N
EEE_2013J_595244,0.0,0.059445813,0,M,East Midlands Region,40-50%,35-55,N
GGG_2014B_611351,1.0,0.9346581,1,F,South West Region,90-100%,0-35,N
GGG_2013J_592451,0.0,0.29963952,0,F,London Region,0-10%,0-35,N
BBB_2014J_686837,0.0,0.33460978,0,F,North Western Region,0-10%,0-35,N
BBB_2013J_410357,0.0,0.118006445,0,F,South Region,40-50%,0-35,N
DDD_2013J_569935,0.0,0.14825493,0,F,East Anglian Region,80-90%,0-35,N
FFF_2013B_389759,1.0,0.35587552,0,M,South West Region,70-80%,35-55,N
EEE_2014J_381185,0.0,0.04518132,0,M,Scotland,80-90%,35-55,N
BBB_2014J_646202,0.0,0.039821714,0,F,Scotland,90-100%,0-35,N
EEE_2013J_554999,1.0,0.9343806,1,M,North Western Region,10-20,0-35,Y
FFF_2014J_144959,1.0,0.24189796,0,M,Ireland,90-100%,0-35,N
EEE_2013J_407876,1.0,0.62120914,1,F,East Anglian Region,50-60%,0-35,N
FFF_2014B_634431,0.0,0.32689837,0,M,Yorkshire Region,20-30%,0-35,N
DDD_2014J_608775,0.0,0.15738328,0,F,East Midlands Region,10-20,0-35,Y
BBB_2013J_551031,1.0,0.2604294,0,F,London Region,10-20,35-55,N
DDD_2013B_2418580,0.0,0.10938929,0,M,North Western Region,70-80%,0-35,N
CCC_2014J_638243,1.0,0.998988,1,M,West Midlands Region,0-10%,0-35,Y
CCC_2014B_610575,0.0,0.4697049,0,M,West Midlands Region,40-50%,0-35,N
EEE_2013J_597319,0.0,0.7020314,1,M,South West Region,70-80%,0-35,N
EEE_2014B_625174,0.0,0.11122505,0,F,East Anglian Region,40-50%,0-35,N
FFF_2013J_522881,1.0,0.99721307,1,M,South East Region,30-40%,0-35,N
BBB_2014B_632181,1.0,0.9962819,1,F,East Anglian Region,70-80%,0-35,N
GGG_2014J_655954,0.0,0.5736332,1,M,London Region,80-90%,35-55,Y
CCC_2014J_564649,1.0,0.77030927,1,M,Scotland,10-20,35-55,N
FFF_2013J_586034,0.0,0.13881889,0,M,South West Region,50-60%,0-35,N
FFF_2013B_131272,0.0,0.630614,1,M,Yorkshire Region,10-20,0-35,N
DDD_2014J_546773,1.0,0.7416882,1,M,North Region,30-40%,0-35,N
BBB_2014J_685257,1.0,0.46399868,0,F,Ireland,10-20,0-35,N
CCC_2014J_559672,1.0,0.99889404,1,M,North Region,20-30%,0-35,N
FFF_2014B_354988,1.0,0.51361215,1,M,Wales,10-20,0-35,N
EEE_2013J_595938,0.0,0.05231079,0,M,East Midlands Region,30-40%,35-55,N
EEE_2013J_113824,1.0,0.5973588,1,M,East Anglian Region,90-100%,0-35,Y
BBB_2014B_600407,1.0,0.99997187,1,F,North Western Region,40-50%,0-35,N
FFF_2013B_480014,0.0,0.14178763,0,M,London Region,70-80%,35-55,N
FFF_2014J_654322,1.0,0.9999933,1,M,London Region,60-70%,0-35,Y
DDD_2013J_581584,1.0,0.99727696,1,F,South East Region,80-90%,0-35,N
EEE_2014B_574637,0.0,0.29368266,0,M,South Region,70-80%,0-35,N
FFF_2014B_596243,1.0,0.9334802,1,M,East Anglian Region,10-20,0-35,Y
FFF_2013J_605666,0.0,0.07113573,0,M,East Midlands Region,60-70%,0-35,N
DDD_2013J_554283,0.0,0.35249764,0,M,South West Region,40-50%,0-35,N
FFF_2013J_610097,0.0,0.11601381,0,M,North Region,10-20,35-55,N
BBB_2013J_593443,1.0,0.99853086,1,F,Scotland,10-20,0-35,N
BBB_2014J_2045569,1.0,0.97913194,1,F,Yorkshire Region,0-10%,35-55,N
BBB_2014B_618981,0.0,0.3138108,0,F,Scotland,50-60%,0-35,N
DDD_2014B_629442,1.0,0.9989114,1,M,Yorkshire Region,50-60%,0-35,N
GGG_2014J_694082,0.0,0.21008101,0,F,East Midlands Region,50-60%,0-35,N
FFF_2013B_428641,0.0,0.465397,0,M,Scotland,40-50%,0-35,N
FFF_2014B_544140,1.0,0.48393184,0,M,Wales,10-20,0-35,N
CCC_2014B_234311,1.0,0.92981625,1,M,Scotland,20-30%,0-35,N
FFF_2014J_570004,1.0,0.510434,1,M,East Anglian Region,80-90%,0-35,Y
FFF_2013B_398040,0.0,0.07817962,0,M,South Region,80-90%,35-55,N
FFF_2013B_320764,1.0,0.9998185,1,M,North Western Region,20-30%,0-35,N
DDD_2013B_559826,1.0,0.9998784,1,M,Scotland,20-30%,0-35,N
BBB_2014B_2392789,0.0,0.3123487,0,F,North Western Region,30-40%,35-55,Y
GGG_2013J_585608,0.0,0.19808021,0,F,West Midlands Region,60-70%,0-35,N
DDD_2013B_466216,0.0,0.05730139,0,M,East Anglian Region,70-80%,35-55,N
BBB_2014B_627000,1.0,0.33712742,0,F,North Western Region,20-30%,0-35,N
CCC_2014B_624164,0.0,0.24873336,0,M,London Region,30-40%,0-35,N
FFF_2013J_569807,1.0,0.76283765,1,M,Yorkshire Region,20-30%,0-35,N
BBB_2013J_138289,1.0,0.3470983,0,F,East Midlands Region,40-50%,0-35,N
AAA_2013J_380953,0.0,0.222891,0,M,East Midlands Region,80-90%,0-35,N
CCC_2014J_649607,1.0,0.97014916,1,F,East Midlands Region,40-50%,0-35,N
FFF_2013B_551156,1.0,0.99970657,1,M,Yorkshire Region,10-20,0-35,N
GGG_2014B_627076,1.0,0.47194102,0,F,South East Region,40-50%,0-35,Y
CCC_2014J_406326,1.0,0.999584,1,M,East Midlands Region,80-90%,35-55,N
FFF_2014J_647111,1.0,0.9742241,1,M,London Region,30-40%,0-35,N
BBB_2013B_154125,1.0,0.30271134,0,F,Yorkshire Region,50-60%,0-35,N
FFF_2014J_334224,1.0,0.70692545,1,M,North Western Region,0-10%,0-35,Y
EEE_2014J_404695,0.0,0.13586776,0,F,Yorkshire Region,20-30%,0-35,N
DDD_2013J_389025,1.0,0.05792367,0,M,East Anglian Region,90-100%,0-35,N
BBB_2013B_2483568,0.0,0.0934295,0,F,South East Region,50-60%,35-55,N
DDD_2014B_635058,0.0,0.039343577,0,M,Scotland,80-90%,0-35,N
DDD_2013J_157310,0.0,0.23098652,0,F,Yorkshire Region,40-50%,0-35,N
BBB_2014J_264694,1.0,0.4462981,0,F,Wales,20-30%,0-35,N
BBB_2013B_548307,1.0,0.69786507,1,F,London Region,30-40%,0-35,N
BBB_2013J_566346,0.0,0.011958095,0,F,Scotland,40-50%,35-55,N
FFF_2014J_688250,1.0,0.6494461,1,M,Wales,30-40%,0-35,N
EEE_2014B_630514,1.0,0.9858414,1,M,East Midlands Region,30-40%,35-55,N
CCC_2014J_634648,0.0,0.77685887,1,M,Yorkshire Region,20-30%,0-35,N
DDD_2013B_556185,0.0,0.33075568,0,M,North Region,10-20,0-35,N
BBB_2014B_305824,1.0,0.9953164,1,F,South Region,90-100%,0-35,N
BBB_2013B_152910,0.0,0.16615039,0,M,West Midlands Region,0-10%,0-35,N
FFF_2014B_155158,0.0,0.23006693,0,M,London Region,40-50%,0-35,N
GGG_2013J_601360,0.0,0.17624354,0,F,North Western Region,50-60%,35-55,N
BBB_2014J_648519,1.0,0.6806388,1,F,Wales,80-90%,35-55,N
GGG_2014B_518661,0.0,0.8873094,1,F,West Midlands Region,70-80%,0-35,N
BBB_2013J_585342,1.0,0.99980754,1,F,London Region,30-40%,0-35,N
CCC_2014B_602150,1.0,0.99899036,1,M,London Region,20-30%,0-35,N
DDD_2013J_578544,1.0,0.9872838,1,M,South West Region,90-100%,0-35,N
CCC_2014B_70381,0.0,0.5041918,1,M,Scotland,30-40%,35-55,N
BBB_2014B_611649,1.0,0.9998288,1,F,West Midlands Region,40-50%,0-35,N
FFF_2014B_183429,1.0,0.48063076,0,F,Yorkshire Region,0-10%,0-35,N
EEE_2013J_1954230,0.0,0.2188408,0,M,North Western Region,0-10%,35-55,N
DDD_2014J_681059,0.0,0.08888283,0,M,East Midlands Region,50-60%,0-35,N
EEE_2014J_652460,0.0,0.17608614,0,M,Scotland,90-100%,35-55,N
AAA_2013J_306466,0.0,0.105795585,0,M,East Anglian Region,90-100%,35-55,N
GGG_2014B_633118,0.0,0.079481564,0,F,West Midlands Region,30-40%,35-55,N
CCC_2014J_2067377,0.0,0.17453581,0,M,London Region,50-60%,55<=,N
BBB_2013J_440225,0.0,0.37063754,0,F,East Anglian Region,50-60%,35-55,N
EEE_2014B_633511,0.0,0.04738791,0,M,East Anglian Region,50-60%,0-35,N
FFF_2013B_549093,1.0,0.4813122,0,F,Scotland,30-40%,0-35,N
DDD_2013B_338669,1.0,0.9987393,1,M,North Western Region,70-80%,0-35,N
BBB_2014J_581178,0.0,0.39685547,0,F,North Western Region,0-10%,0-35,N
FFF_2014J_506705,0.0,0.045780603,0,M,South West Region,80-90%,0-35,N
BBB_2014J_506020,0.0,0.17269234,0,F,Scotland,60-70%,0-35,N
DDD_2014B_64450,0.0,0.6723036,1,M,West Midlands Region,30-40%,0-35,N
DDD_2014J_190279,0.0,0.14970873,0,F,Scotland,60-70%,35-55,N
BBB_2014J_600658,1.0,0.98621976,1,F,Wales,40-50%,0-35,N
EEE_2014J_693221,0.0,0.08323228,0,M,South East Region,0-10%,0-35,N
DDD_2013J_608062,0.0,0.3993556,0,M,South Region,80-90%,0-35,Y
GGG_2014B_622500,0.0,0.3017253,0,M,East Anglian Region,90-100%,0-35,Y
BBB_2013B_2458984,0.0,0.6532494,1,F,East Midlands Region,40-50%,0-35,Y
FFF_2013J_445776,0.0,0.19047678,0,M,North Western Region,40-50%,0-35,N
FFF_2014J_1766102,1.0,0.99993885,1,M,South East Region,40-50%,35-55,N
DDD_2013J_585359,1.0,0.76506335,1,F,London Region,10-20,0-35,N
FFF_2013B_540147,1.0,0.13592762,0,M,South East Region,90-100%,0-35,N
BBB_2014B_618965,1.0,0.99610364,1,F,South Region,10-20,35-55,N
DDD_2013J_2430070,0.0,0.0695199,0,M,Yorkshire Region,30-40%,35-55,N
EEE_2014B_1828112,1.0,0.99832433,1,M,West Midlands Region,10-20,35-55,N
FFF_2014J_674764,1.0,0.99855465,1,M,East Anglian Region,70-80%,0-35,N
DDD_2014B_260367,1.0,0.9999479,1,M,Ireland,70-80%,0-35,N
FFF_2014B_632958,1.0,0.91002214,1,M,North Region,10-20,35-55,N
DDD_2013J_2688422,1.0,0.99973387,1,F,South Region,60-70%,0-35,Y
FFF_2014B_560685,1.0,0.6056019,1,M,South Region,80-90%,0-35,N
CCC_2014B_569080,0.0,0.07649096,0,M,London Region,10-20,0-35,N
CCC_2014B_631455,0.0,0.11157981,0,M,North Region,10-20,0-35,N
BBB_2014J_648120,1.0,0.23334686,0,M,South Region,90-100%,35-55,N
BBB_2013B_549622,1.0,0.9999455,1,F,East Anglian Region,80-90%,0-35,N
FFF_2014B_477833,1.0,0.4630956,0,M,London Region,50-60%,35-55,Y
FFF_2013J_586428,0.0,0.4167628,0,M,South West Region,20-30%,0-35,N
DDD_2013J_438751,0.0,0.17025487,0,F,South West Region,20-30%,0-35,N
GGG_2014B_2237813,1.0,0.76398784,1,F,London Region,20-30%,0-35,N
GGG_2013J_595434,0.0,0.09123789,0,F,Yorkshire Region,50-60%,0-35,N
FFF_2013J_602672,1.0,0.9999912,1,M,East Midlands Region,60-70%,0-35,N
EEE_2013J_598662,0.0,0.06649056,0,F,Scotland,90-100%,0-35,N
FFF_2014B_608111,1.0,0.4861694,0,M,London Region,10-20,35-55,N
DDD_2013J_1782581,1.0,0.92944825,1,F,East Anglian Region,40-50%,35-55,N
FFF_2014J_587706,1.0,0.53552717,1,M,Scotland,10-20,0-35,N
DDD_2013B_285475,0.0,0.13933422,0,M,Yorkshire Region,30-40%,0-35,N
BBB_2014J_615165,1.0,0.55008256,1,F,Wales,40-50%,0-35,Y
FFF_2014B_625667,1.0,0.9972287,1,M,Scotland,40-50%,0-35,N
CCC_2014J_370839,1.0,0.91563594,1,F,North Western Region,0-10%,0-35,Y
DDD_2013B_423386,1.0,0.14110951,0,F,South East Region,60-70%,35-55,N
EEE_2014B_620977,1.0,0.0992463,0,M,South West Region,80-90%,0-35,N
CCC_2014B_587906,0.0,0.43612728,0,M,East Midlands Region,20-30%,0-35,N
DDD_2013J_575962,1.0,0.6066362,1,M,North Western Region,0-10%,35-55,N
CCC_2014J_264845,1.0,0.728898,1,F,West Midlands Region,60-70%,55<=,N
CCC_2014J_685849,0.0,0.21760567,0,M,Ireland,70-80%,0-35,N
FFF_2013B_528992,0.0,0.23843542,0,M,South Region,90-100%,0-35,N
AAA_2013J_305539,1.0,0.99993896,1,F,Wales,80-90%,0-35,N
BBB_2013J_606355,1.0,0.20247889,0,F,Yorkshire Region,50-60%,35-55,N
DDD_2013J_574330,1.0,0.20577098,0,F,Yorkshire Region,60-70%,0-35,N
BBB_2013J_599748,0.0,0.14260101,0,F,South East Region,90-100%,0-35,N
FFF_2013B_203050,0.0,0.37257895,0,F,South East Region,60-70%,35-55,N
CCC_2014J_35508,0.0,0.2851857,0,M,South West Region,90-100%,0-35,N
DDD_2013J_177354,0.0,0.10355582,0,F,Wales,80-90%,0-35,N
BBB_2013J_598969,0.0,0.06320841,0,F,North Region,80-90%,35-55,N
BBB_2014B_625833,0.0,0.4673671,0,F,East Anglian Region,40-50%,0-35,N
BBB_2013J_514824,1.0,0.9925311,1,F,London Region,20-30%,0-35,N
BBB_2014J_656522,0.0,0.26526317,0,F,South East Region,10-20,0-35,N
FFF_2013B_383541,0.0,0.4971912,0,M,East Anglian Region,20-30%,35-55,N
DDD_2013J_1753235,1.0,0.26062724,0,M,Yorkshire Region,60-70%,35-55,N
DDD_2014B_590680,0.0,0.3091211,0,F,Yorkshire Region,10-20,0-35,N
FFF_2014J_693629,1.0,0.9970686,1,M,London Region,80-90%,0-35,N
EEE_2014J_650950,1.0,0.32357094,0,M,Scotland,40-50%,35-55,N
BBB_2014B_2590564,0.0,0.033171732,0,F,London Region,90-100%,35-55,N
DDD_2014B_625263,0.0,0.48354414,0,F,London Region,0-10%,0-35,N
CCC_2014J_545493,1.0,0.99955624,1,M,Scotland,90-100%,0-35,N
DDD_2014B_440331,0.0,0.077229865,0,F,West Midlands Region,90-100%,0-35,N
DDD_2013B_163067,0.0,0.4812018,0,F,South East Region,40-50%,0-35,N
CCC_2014B_609602,0.0,0.70161283,1,M,South Region,50-60%,0-35,N
FFF_2013B_347410,1.0,0.99986756,1,F,Wales,0-10%,0-35,N
AAA_2013J_311917,0.0,0.20531103,0,M,South West Region,60-70%,55<=,N
DDD_2014J_680331,1.0,0.35509464,0,M,East Anglian Region,90-100%,0-35,Y
CCC_2014J_577279,0.0,0.039994773,0,M,East Anglian Region,60-70%,35-55,N
GGG_2014B_613131,0.0,0.17518853,0,F,East Anglian Region,0-10%,35-55,N
GGG_2014B_628881,0.0,0.47644353,0,F,East Anglian Region,0-10%,0-35,N
BBB_2014J_648807,0.0,0.22189684,0,F,South Region,40-50%,0-35,N
FFF_2013B_551791,0.0,0.6568266,1,M,West Midlands Region,30-40%,0-35,N
DDD_2014B_497206,1.0,0.99605715,1,M,Yorkshire Region,20-30%,0-35,N
BBB_2014J_507783,0.0,0.13414437,0,F,Wales,40-50%,0-35,N
FFF_2013J_2503063,0.0,0.14108326,0,M,East Midlands Region,10-20,0-35,N
BBB_2013B_537464,0.0,0.12070395,0,F,South East Region,60-70%,0-35,N
DDD_2013J_468657,1.0,0.77838403,1,F,West Midlands Region,0-10%,0-35,N
BBB_2013B_560319,0.0,0.24776323,0,F,East Anglian Region,60-70%,0-35,N
BBB_2014J_114402,0.0,0.085337564,0,F,South East Region,50-60%,0-35,Y
FFF_2013J_610266,0.0,0.5367418,1,M,South Region,20-30%,0-35,N
DDD_2014J_640975,0.0,0.027473394,0,M,South Region,90-100%,0-35,N
DDD_2013J_599109,0.0,0.023998508,0,M,South East Region,70-80%,0-35,N
EEE_2014J_650752,1.0,0.34486118,0,M,East Midlands Region,90-100%,0-35,N
DDD_2014B_623829,1.0,0.80984485,1,F,North Region,10-20,0-35,N
DDD_2013B_2571497,0.0,0.17370145,0,F,East Anglian Region,40-50%,0-35,N
BBB_2013J_597451,1.0,0.99803036,1,F,South East Region,40-50%,0-35,Y
AAA_2014J_260623,0.0,0.3203563,0,M,South East Region,40-50%,0-35,N
DDD_2013B_2020916,0.0,0.3238797,0,M,North Region,40-50%,0-35,N
BBB_2013J_2075264,1.0,0.9985525,1,F,Scotland,90-100%,35-55,N
DDD_2014J_282498,1.0,0.99271023,1,F,London Region,70-80%,0-35,N
FFF_2013B_387447,0.0,0.7560492,1,M,North Region,50-60%,0-35,N
BBB_2013J_488427,0.0,0.42537817,0,F,East Anglian Region,60-70%,0-35,N
GGG_2014B_623602,0.0,0.13234289,0,F,North Region,50-60%,0-35,N
GGG_2013J_598406,1.0,0.91946596,1,F,South West Region,0-10%,35-55,N
BBB_2014B_628525,1.0,0.97312254,1,F,London Region,20-30%,0-35,N
BBB_2014J_2299745,1.0,0.19953734,0,F,Scotland,50-60%,0-35,N
CCC_2014J_101700,1.0,0.99799097,1,M,London Region,10-20,0-35,Y
EEE_2013J_2623263,0.0,0.0149530275,0,M,South Region,50-60%,0-35,N
BBB_2014J_179073,1.0,0.42961535,0,F,East Anglian Region,60-70%,0-35,N
FFF_2013J_603220,1.0,0.83858347,1,M,East Midlands Region,20-30%,0-35,N
FFF_2014J_647799,1.0,0.9998697,1,M,East Midlands Region,10-20,35-55,N
EEE_2013J_556231,1.0,0.19940844,0,F,London Region,30-40%,0-35,N
BBB_2013B_466810,0.0,0.063585475,0,F,East Midlands Region,60-70%,0-35,Y
FFF_2014B_2383307,0.0,0.19879247,0,M,South Region,50-60%,0-35,N
EEE_2013J_501918,1.0,0.45953912,0,M,London Region,0-10%,0-35,N
EEE_2014J_2501127,1.0,0.98855406,1,M,South West Region,60-70%,0-35,N
BBB_2013J_604610,1.0,0.97624165,1,F,Yorkshire Region,10-20,0-35,Y
FFF_2013B_487271,1.0,0.69268274,1,M,East Midlands Region,50-60%,0-35,N
CCC_2014B_575703,1.0,0.9983388,1,M,East Anglian Region,60-70%,35-55,N
FFF_2014J_679278,0.0,0.41113517,0,M,Yorkshire Region,40-50%,0-35,Y
FFF_2013J_370934,1.0,0.9970523,1,M,Yorkshire Region,10-20,35-55,N
DDD_2014B_607939,1.0,0.99172884,1,M,South Region,30-40%,35-55,N
BBB_2014J_632255,1.0,0.35454202,0,M,South Region,90-100%,35-55,N
BBB_2014J_607062,0.0,0.40613055,0,F,Scotland,20-30%,0-35,N
CCC_2014B_320153,1.0,0.51252997,1,F,Yorkshire Region,80-90%,0-35,N
GGG_2014J_644904,0.0,0.1637891,0,F,North Western Region,60-70%,35-55,N
DDD_2014B_629898,0.0,0.09243212,0,F,North Western Region,90-100%,0-35,Y
EEE_2014J_643771,0.0,0.06471433,0,M,Scotland,70-80%,0-35,N
FFF_2013B_351500,0.0,0.1967549,0,F,East Anglian Region,70-80%,0-35,N
FFF_2014J_657181,1.0,0.9982212,1,M,London Region,10-20,0-35,N
BBB_2013B_39655,0.0,0.44905242,0,F,Scotland,50-60%,0-35,N
BBB_2013B_506360,1.0,0.3373671,0,F,Ireland,80-90%,0-35,N
FFF_2014J_386956,1.0,0.6926243,1,F,Wales,10-20,35-55,Y
FFF_2013J_602994,1.0,0.4447554,0,M,London Region,10-20,0-35,N
FFF_2014B_612545,0.0,0.09213552,0,F,South Region,80-90%,0-35,N
EEE_2014J_655794,0.0,0.061565068,0,M,South East Region,90-100%,35-55,N
DDD_2013J_588540,0.0,0.038570117,0,F,Yorkshire Region,80-90%,35-55,N
BBB_2013J_551628,1.0,0.9985024,1,F,Yorkshire Region,0-10%,0-35,Y
BBB_2013B_557827,1.0,0.24494268,0,F,North Western Region,30-40%,0-35,Y
FFF_2013B_530802,0.0,0.10908302,0,M,South Region,40-50%,35-55,N
BBB_2014B_607108,1.0,0.20841084,0,F,East Anglian Region,40-50%,35-55,N
FFF_2014J_375527,0.0,0.548832,1,M,South Region,30-40%,0-35,N
GGG_2014J_652364,1.0,0.9634593,1,F,South Region,20-30%,35-55,N
DDD_2013B_257110,1.0,0.9984427,1,F,South West Region,50-60%,0-35,N
EEE_2014J_566279,0.0,0.05682453,0,M,Scotland,0-10%,0-35,N
BBB_2013B_34694,1.0,0.9980544,1,M,West Midlands Region,10-20,35-55,N
BBB_2013J_470869,0.0,0.33535343,0,F,South East Region,30-40%,35-55,N
FFF_2014B_596637,1.0,0.9965752,1,M,London Region,10-20,35-55,Y
BBB_2013J_361988,1.0,0.9997602,1,F,East Midlands Region,10-20,0-35,N
FFF_2014B_580425,1.0,0.08273705,0,M,West Midlands Region,60-70%,0-35,N
DDD_2013B_472180,1.0,0.5896771,1,M,South Region,80-90%,0-35,N
FFF_2013B_447127,1.0,0.987583,1,M,Yorkshire Region,20-30%,0-35,N
CCC_2014B_592259,1.0,0.59807044,1,M,Yorkshire Region,80-90%,0-35,N
CCC_2014J_560723,1.0,0.99203694,1,M,Scotland,70-80%,0-35,N
BBB_2014B_540558,0.0,0.1447443,0,F,East Midlands Region,20-30%,35-55,N
DDD_2013B_67602,0.0,0.89477056,1,M,Ireland,30-40%,0-35,N
CCC_2014B_626772,1.0,0.99870193,1,M,London Region,70-80%,0-35,N
EEE_2014B_625527,0.0,0.18324232,0,M,North Region,70-80%,0-35,N
DDD_2014B_620658,0.0,0.1810955,0,M,Ireland,60-70%,0-35,N
CCC_2014J_685750,1.0,0.9998227,1,F,Scotland,50-60%,35-55,Y
FFF_2014J_698015,0.0,0.23617366,0,M,Yorkshire Region,0-10%,0-35,N
DDD_2014J_467893,0.0,0.1429036,0,F,Yorkshire Region,40-50%,35-55,N
CCC_2014B_2211797,0.0,0.066358715,0,M,Scotland,80-90%,0-35,N
BBB_2014J_637867,1.0,0.9741994,1,F,Wales,50-60%,35-55,N
BBB_2013J_574002,1.0,0.77041733,1,F,South Region,20-30%,0-35,N
FFF_2014J_697114,0.0,0.3223728,0,M,West Midlands Region,10-20,0-35,N
CCC_2014J_614804,0.0,0.81202215,1,M,Scotland,0-10%,0-35,Y
DDD_2014J_688849,1.0,0.9998529,1,M,Scotland,60-70%,0-35,N
BBB_2013B_360489,1.0,0.19623987,0,F,West Midlands Region,0-10%,0-35,Y
FFF_2013B_529689,0.0,0.31311956,0,M,Scotland,80-90%,0-35,N
CCC_2014J_657145,0.0,0.04051584,0,M,North Western Region,80-90%,0-35,N
DDD_2014B_628841,1.0,0.98597866,1,M,South Region,40-50%,0-35,Y
DDD_2014B_589963,0.0,0.6325536,1,M,Scotland,30-40%,0-35,N
DDD_2013J_584615,1.0,0.99897313,1,M,North Region,0-10%,0-35,N
FFF_2013B_530296,0.0,0.11068763,0,M,South Region,40-50%,0-35,N
CCC_2014B_606282,0.0,0.8147861,1,F,East Anglian Region,60-70%,0-35,Y
AAA_2014J_199897,0.0,0.24250808,0,M,East Midlands Region,10-20,35-55,N
GGG_2014J_698065,1.0,0.91982895,1,F,South East Region,20-30%,0-35,N
EEE_2014J_690736,1.0,0.9998361,1,M,Scotland,70-80%,0-35,N
DDD_2014B_2669736,0.0,0.5255517,1,F,East Midlands Region,30-40%,0-35,N
FFF_2013J_592142,1.0,0.806699,1,M,Wales,0-10%,0-35,N
FFF_2013B_517850,1.0,0.51146203,1,F,North Region,0-10%,0-35,Y
AAA_2014J_2569324,0.0,0.3869269,0,M,South Region,90-100%,0-35,N
FFF_2013J_2423002,0.0,0.08227133,0,M,East Anglian Region,30-40%,0-35,N
FFF_2013J_587868,1.0,0.2503514,0,F,Yorkshire Region,0-10%,0-35,Y
CCC_2014J_640773,0.0,0.20781054,0,M,South West Region,10-20,0-35,Y
GGG_2014B_632153,0.0,0.28787452,0,F,West Midlands Region,60-70%,35-55,N
FFF_2013J_577867,0.0,0.4120332,0,M,North Western Region,60-70%,0-35,N
FFF_2014B_633388,0.0,0.12897469,0,M,London Region,20-30%,35-55,N
DDD_2014J_687715,1.0,0.9985166,1,M,South East Region,40-50%,0-35,N
BBB_2014B_405268,0.0,0.45652273,0,F,North Western Region,40-50%,0-35,N
BBB_2014J_645371,1.0,0.8843998,1,F,East Anglian Region,50-60%,0-35,N
BBB_2014B_517679,0.0,0.15341374,0,F,Yorkshire Region,40-50%,35-55,N
FFF_2013B_488968,0.0,0.07150853,0,F,South West Region,50-60%,35-55,N
DDD_2014J_693294,1.0,0.15510117,0,F,London Region,60-70%,0-35,N
CCC_2014J_605868,0.0,0.15252458,0,M,Yorkshire Region,70-80%,35-55,N
FFF_2013J_597402,1.0,0.99966335,1,M,London Region,70-80%,35-55,N
EEE_2014J_565275,0.0,0.057068422,0,M,South Region,40-50%,0-35,N
DDD_2014B_616952,0.0,0.5897177,1,F,North Region,0-10%,35-55,N
DDD_2014J_307116,1.0,0.16922924,0,F,West Midlands Region,10-20,0-35,Y
GGG_2013J_598546,1.0,0.7737018,1,F,South East Region,60-70%,35-55,N
GGG_2014B_625930,1.0,0.24319322,0,F,East Midlands Region,40-50%,35-55,N
DDD_2013B_167717,1.0,0.84856945,1,M,London Region,40-50%,0-35,N
FFF_2014J_479939,0.0,0.21213129,0,F,North Region,10-20,0-35,N
BBB_2013J_597790,0.0,0.042463534,0,F,Yorkshire Region,50-60%,35-55,N
BBB_2013B_534360,0.0,0.39390993,0,M,West Midlands Region,0-10%,0-35,Y
DDD_2014B_621010,0.0,0.097024396,0,M,West Midlands Region,40-50%,0-35,N
EEE_2014J_346093,0.0,0.14248747,0,M,Ireland,0-10%,0-35,N
FFF_2014B_565257,1.0,0.9998246,1,M,North Region,10-20,0-35,N
BBB_2014B_620018,1.0,0.19986796,0,F,South East Region,30-40%,0-35,N
DDD_2014J_649413,1.0,0.39355373,0,M,Yorkshire Region,0-10%,0-35,N
CCC_2014J_637754,0.0,0.12084843,0,M,North Region,10-20,35-55,Y
CCC_2014B_255140,1.0,0.99950624,1,M,West Midlands Region,70-80%,0-35,N
CCC_2014J_657352,0.0,0.17070797,0,M,London Region,90-100%,0-35,N
BBB_2014B_1780949,0.0,0.18672846,0,F,South East Region,40-50%,35-55,N
DDD_2014J_2025589,0.0,0.24999595,0,F,London Region,0-10%,35-55,N
CCC_2014J_80868,0.0,0.47860634,0,M,South West Region,80-90%,0-35,N
BBB_2013B_559011,1.0,0.55726767,1,F,West Midlands Region,40-50%,0-35,N
BBB_2013B_128776,1.0,0.99954957,1,F,Yorkshire Region,40-50%,35-55,N
FFF_2013J_601104,0.0,0.07057853,0,M,South Region,90-100%,0-35,N
BBB_2014J_698205,1.0,0.3044762,0,F,Wales,30-40%,35-55,N
CCC_2014J_686907,0.0,0.3574702,0,F,North Region,10-20,0-35,N
GGG_2014B_511228,0.0,0.20466873,0,F,South East Region,90-100%,35-55,Y
EEE_2013J_2109119,0.0,0.054929428,0,M,East Anglian Region,40-50%,35-55,N
AAA_2013J_2574583,0.0,0.37521392,0,M,Yorkshire Region,70-80%,35-55,N
EEE_2014J_423947,0.0,0.1426782,0,M,Scotland,40-50%,0-35,N
FFF_2014J_681938,0.0,0.18423755,0,M,South West Region,90-100%,0-35,N
FFF_2014B_632339,0.0,0.32831237,0,M,North Western Region,0-10%,0-35,N
CCC_2014B_1047645,1.0,0.99982613,1,F,South East Region,20-30%,35-55,N
AAA_2014J_1975209,0.0,0.35283878,0,M,South East Region,40-50%,35-55,N
EEE_2014J_634721,0.0,0.45320064,0,M,Scotland,70-80%,0-35,N
DDD_2014J_524427,0.0,0.32689106,0,F,South West Region,10-20,0-35,N
CCC_2014B_1106724,1.0,0.99702626,1,F,East Midlands Region,80-90%,35-55,N
EEE_2013J_592250,0.0,0.16543533,0,M,Scotland,90-100%,0-35,N
GGG_2014B_621755,0.0,0.33973595,0,F,South East Region,20-30%,0-35,Y
EEE_2013J_586962,0.0,0.05757061,0,M,South Region,80-90%,0-35,N
CCC_2014J_582530,1.0,0.9110912,1,M,North Western Region,0-10%,35-55,N
EEE_2014J_589856,1.0,0.054414455,0,M,East Anglian Region,90-100%,0-35,N
FFF_2013J_544090,0.0,0.07911091,0,M,South East Region,30-40%,0-35,N
BBB_2013J_576664,1.0,0.9966029,1,F,North Region,10-20,0-35,N
DDD_2014B_141497,1.0,0.99977666,1,M,North Western Region,30-40%,35-55,N
FFF_2014J_697255,0.0,0.15256052,0,M,Scotland,70-80%,35-55,N
BBB_2013B_561448,0.0,0.20033695,0,F,South West Region,20-30%,0-35,N
FFF_2013B_550095,1.0,0.9191948,1,M,South East Region,50-60%,0-35,N
BBB_2013B_2303848,1.0,0.9970727,1,M,Ireland,30-40%,35-55,N
BBB_2013J_514776,1.0,0.6456173,1,F,Scotland,40-50%,0-35,Y
CCC_2014J_563016,0.0,0.11257582,0,M,Yorkshire Region,80-90%,55<=,N
CCC_2014J_540509,1.0,0.9997727,1,M,South East Region,30-40%,0-35,N
BBB_2013B_498455,1.0,0.71530336,1,F,Wales,10-20,0-35,N
FFF_2013J_444619,1.0,0.9991854,1,M,South Region,50-60%,35-55,N
FFF_2014J_655492,1.0,0.9996487,1,M,South East Region,50-60%,0-35,N
DDD_2013J_435587,0.0,0.43087065,0,M,North Region,10-20,0-35,N
CCC_2014B_371113,1.0,0.96523273,1,M,East Anglian Region,50-60%,0-35,Y
CCC_2014B_2329539,1.0,0.99756694,1,M,Yorkshire Region,70-80%,0-35,N
GGG_2013J_606418,1.0,0.75059795,1,F,Yorkshire Region,20-30%,0-35,N
CCC_2014J_1031884,0.0,0.12280802,0,M,East Midlands Region,80-90%,35-55,N
BBB_2014J_700820,0.0,0.17863216,0,F,South Region,40-50%,0-35,N
BBB_2014J_656194,0.0,0.4648749,0,F,Ireland,70-80%,35-55,N
FFF_2014J_645960,0.0,0.11137606,0,F,Wales,70-80%,0-35,N
CCC_2014J_637708,0.0,0.07180165,0,M,East Anglian Region,80-90%,0-35,N
FFF_2013J_544155,1.0,0.9999076,1,M,North Western Region,10-20,0-35,N
FFF_2013J_2435795,0.0,0.08234013,0,M,Wales,60-70%,35-55,N
EEE_2013J_943374,0.0,0.47617552,0,M,Scotland,50-60%,55<=,N
DDD_2013J_604392,1.0,0.99346006,1,F,East Anglian Region,40-50%,0-35,N
DDD_2013J_601731,1.0,0.9995927,1,M,London Region,30-40%,0-35,N
BBB_2014J_647762,0.0,0.1598307,0,F,South East Region,90-100%,35-55,N
FFF_2013J_576431,0.0,0.29145023,0,M,London Region,60-70%,0-35,N
DDD_2014J_583092,1.0,0.97577024,1,M,Yorkshire Region,90-100%,0-35,N
GGG_2013J_2482885,1.0,0.22467265,0,F,South Region,40-50%,35-55,Y
BBB_2013J_1726951,0.0,0.11439314,0,F,Wales,90-100%,35-55,N
DDD_2013J_604912,1.0,0.96557313,1,M,East Anglian Region,30-40%,0-35,Y
FFF_2014J_696672,0.0,0.8253968,1,M,South East Region,90-100%,0-35,N
BBB_2014J_2003628,1.0,0.96569043,1,F,South Region,60-70%,35-55,N
EEE_2014B_520824,1.0,0.7391658,1,F,West Midlands Region,20-30%,0-35,N
DDD_2014J_596620,1.0,0.48850343,0,F,East Midlands Region,20-30%,0-35,Y
BBB_2014J_699436,0.0,0.13606653,0,F,East Midlands Region,60-70%,35-55,N
FFF_2014J_646638,0.0,0.121543616,0,M,East Anglian Region,50-60%,0-35,N
DDD_2014B_2162388,1.0,0.66254973,1,M,Scotland,80-90%,0-35,N
BBB_2014B_558595,0.0,0.18199584,0,F,South Region,90-100%,0-35,Y
BBB_2013J_592889,1.0,0.9962979,1,F,East Anglian Region,60-70%,0-35,N
FFF_2013B_420673,1.0,0.101083376,0,M,Ireland,0-10%,0-35,N
BBB_2014B_562642,1.0,0.9986236,1,M,South West Region,90-100%,35-55,N
FFF_2014B_163332,1.0,0.84214383,1,M,London Region,10-20,35-55,N
BBB_2013B_290550,0.0,0.29396865,0,F,Ireland,80-90%,0-35,N
FFF_2014J_626539,1.0,0.72481817,1,M,South Region,20-30%,0-35,N
FFF_2014B_588436,1.0,0.5749338,1,M,Yorkshire Region,30-40%,0-35,N
CCC_2014J_649780,1.0,0.996203,1,M,South West Region,60-70%,0-35,Y
FFF_2013J_592607,1.0,0.25860164,0,M,Scotland,0-10%,0-35,N
BBB_2014J_505871,1.0,0.37133148,0,F,South West Region,0-10%,0-35,N
FFF_2013J_583741,0.0,0.41946656,0,M,Scotland,90-100%,0-35,N
BBB_2014J_596513,0.0,0.33674476,0,F,Yorkshire Region,0-10%,0-35,N
CCC_2014J_651325,1.0,0.99128586,1,M,North Western Region,40-50%,0-35,N
DDD_2013J_31269,1.0,0.9999789,1,F,East Midlands Region,30-40%,35-55,N
GGG_2013J_593010,1.0,0.280394,0,F,London Region,50-60%,0-35,N
EEE_2014B_289397,0.0,0.47929326,0,M,South East Region,60-70%,0-35,Y
DDD_2014J_39208,1.0,0.9996867,1,F,Wales,90-100%,35-55,N
FFF_2013B_2343293,1.0,0.14353883,0,F,Yorkshire Region,50-60%,0-35,N
CCC_2014J_415023,1.0,0.98802185,1,M,London Region,40-50%,35-55,Y
CCC_2014J_614761,1.0,0.4956085,0,M,West Midlands Region,40-50%,0-35,N
DDD_2014B_536999,1.0,0.6763351,1,M,North Region,10-20,35-55,Y
EEE_2014J_686708,0.0,0.12975414,0,F,South East Region,0-10%,0-35,N
FFF_2013J_602734,1.0,0.4168009,0,M,West Midlands Region,10-20,0-35,N
DDD_2013J_497229,1.0,0.89870876,1,F,North Western Region,0-10%,0-35,N
FFF_2014J_687511,1.0,0.18053198,0,M,London Region,0-10%,35-55,N
FFF_2014J_652998,1.0,0.88866955,1,M,South Region,90-100%,0-35,N
EEE_2014J_405125,0.0,0.069314,0,M,West Midlands Region,20-30%,0-35,N
CCC_2014J_610234,0.0,0.013354797,0,M,Scotland,50-60%,0-35,N
FFF_2013J_598001,1.0,0.97269994,1,M,London Region,50-60%,0-35,N
GGG_2013J_2285156,0.0,0.22882959,0,F,North Western Region,60-70%,35-55,N
FFF_2013B_550123,0.0,0.18286192,0,M,West Midlands Region,80-90%,35-55,N
CCC_2014B_591388,0.0,0.074711084,0,M,West Midlands Region,60-70%,0-35,N
CCC_2014J_652894,1.0,0.96844906,1,M,North Region,30-40%,0-35,N
FFF_2013J_581135,0.0,0.034401637,0,M,South East Region,80-90%,0-35,N
DDD_2013J_582452,0.0,0.13602887,0,F,South Region,90-100%,0-35,N
GGG_2013J_595496,0.0,0.39509165,0,F,West Midlands Region,0-10%,0-35,Y
BBB_2013B_503878,1.0,0.38535511,0,F,South West Region,50-60%,0-35,Y
FFF_2013B_547666,1.0,0.99995065,1,M,London Region,30-40%,0-35,N
EEE_2014J_657091,1.0,0.85041857,1,M,East Anglian Region,70-80%,35-55,N
AAA_2013J_312537,0.0,0.07326816,0,M,South Region,90-100%,55<=,N
EEE_2013J_576301,1.0,0.9963831,1,M,North Region,10-20,0-35,N
FFF_2014B_634139,0.0,0.15186363,0,M,West Midlands Region,90-100%,0-35,N
CCC_2014J_490542,1.0,0.9999826,1,F,East Anglian Region,40-50%,0-35,N
DDD_2013B_544367,1.0,0.9747512,1,M,London Region,50-60%,0-35,N
BBB_2013B_147876,1.0,0.45515576,0,M,South West Region,30-40%,0-35,N
FFF_2014J_637582,1.0,0.18796286,0,M,East Anglian Region,20-30%,35-55,N
EEE_2014J_677741,0.0,0.04791447,0,M,South Region,70-80%,0-35,N
BBB_2013J_74585,0.0,0.029085344,0,F,Wales,60-70%,35-55,N
FFF_2014J_686946,1.0,0.5332727,1,M,London Region,50-60%,0-35,N
FFF_2013J_602406,1.0,0.99750924,1,M,East Midlands Region,10-20,35-55,N
FFF_2014J_689640,1.0,0.9999254,1,M,London Region,20-30%,0-35,N
BBB_2014J_685052,1.0,0.5420503,1,M,East Midlands Region,10-20,0-35,N
DDD_2013B_539035,1.0,0.981737,1,F,Yorkshire Region,60-70%,0-35,N
BBB_2013B_524769,1.0,0.9813083,1,F,South West Region,30-40%,0-35,Y
FFF_2014J_606293,1.0,0.9994648,1,F,Scotland,70-80%,35-55,N
BBB_2014J_575630,0.0,0.46839637,0,F,East Midlands Region,0-10%,0-35,N
BBB_2013J_533449,1.0,0.98505175,1,M,Yorkshire Region,70-80%,0-35,N
BBB_2013J_64246,1.0,0.9997533,1,F,South East Region,50-60%,35-55,N
FFF_2014B_295741,0.0,0.13981165,0,M,South East Region,40-50%,35-55,N
CCC_2014J_645369,0.0,0.31415495,0,F,North Western Region,0-10%,0-35,N
EEE_2014B_624384,1.0,0.6476185,1,M,Yorkshire Region,50-60%,0-35,N
CCC_2014J_607668,0.0,0.31730765,0,F,Wales,90-100%,0-35,N
FFF_2013B_522743,0.0,0.08427329,0,M,South West Region,50-60%,0-35,N
FFF_2013B_549343,0.0,0.08192813,0,M,South Region,70-80%,0-35,N
CCC_2014B_2558365,1.0,0.83210063,1,M,North Western Region,20-30%,0-35,N
CCC_2014J_617740,0.0,0.15099278,0,M,Wales,0-10%,0-35,N
FFF_2014J_693197,0.0,0.40285945,0,M,North Western Region,10-20,0-35,Y
FFF_2013B_140866,0.0,0.35780707,0,M,East Anglian Region,50-60%,0-35,N
EEE_2014J_642512,1.0,0.45520556,0,M,South West Region,30-40%,35-55,N
BBB_2013J_575290,0.0,0.22536504,0,M,Scotland,60-70%,35-55,Y
CCC_2014J_2376717,1.0,0.99996185,1,M,South West Region,70-80%,0-35,N
DDD_2013J_585208,1.0,0.21609221,0,F,East Anglian Region,90-100%,0-35,Y
EEE_2014B_592372,0.0,0.23276375,0,M,Yorkshire Region,20-30%,35-55,N
DDD_2013B_544352,1.0,0.9823461,1,F,South West Region,60-70%,0-35,N
FFF_2013B_560199,0.0,0.20541526,0,M,West Midlands Region,50-60%,35-55,N
FFF_2014J_615306,0.0,0.28804496,0,M,Wales,30-40%,35-55,N
EEE_2014B_372812,1.0,0.8402378,1,M,South East Region,20-30%,0-35,N
EEE_2014J_650384,1.0,0.99125904,1,M,East Anglian Region,40-50%,0-35,N
FFF_2014B_572716,0.0,0.33807257,0,M,Yorkshire Region,20-30%,35-55,N
GGG_2014J_92103,1.0,0.88794124,1,F,West Midlands Region,10-20,0-35,N
DDD_2014J_649014,0.0,0.25207376,0,F,South Region,90-100%,0-35,N
EEE_2014B_128971,0.0,0.053739693,0,M,East Midlands Region,80-90%,0-35,N
BBB_2014J_686703,1.0,0.96928227,1,F,Yorkshire Region,0-10%,0-35,N
DDD_2014J_603406,0.0,0.1493244,0,M,North Western Region,20-30%,0-35,N
BBB_2013B_25107,0.0,0.35709438,0,F,East Anglian Region,20-30%,0-35,N
BBB_2013B_525942,1.0,0.13989341,0,M,Scotland,0-10%,0-35,Y
BBB_2014J_1874935,0.0,0.31397414,0,F,South Region,40-50%,35-55,N
DDD_2014J_642443,0.0,0.017618068,0,M,South East Region,30-40%,0-35,N
CCC_2014J_496845,0.0,0.23080787,0,M,South Region,50-60%,0-35,N
EEE_2013J_404449,0.0,0.034034163,0,M,North Western Region,10-20,35-55,N
DDD_2014B_548371,1.0,0.9951208,1,M,North Western Region,20-30%,0-35,N
BBB_2013J_2034300,0.0,0.463634,0,F,London Region,0-10%,35-55,N
BBB_2014B_635473,1.0,0.9713757,1,M,North Western Region,70-80%,0-35,N
DDD_2014J_655930,1.0,0.06246131,0,F,East Anglian Region,50-60%,0-35,Y
CCC_2014B_544075,1.0,0.9899698,1,M,North Region,10-20,35-55,N
GGG_2013J_571787,1.0,0.9952024,1,F,North Western Region,50-60%,35-55,N
FFF_2014B_627379,1.0,0.99896705,1,M,London Region,30-40%,0-35,N
BBB_2013B_541822,0.0,0.48250768,0,F,Yorkshire Region,0-10%,0-35,N
BBB_2013B_2483179,0.0,0.20573103,0,F,Wales,40-50%,0-35,N
FFF_2014J_613899,0.0,0.034961954,0,M,North Region,10-20,35-55,N
BBB_2013B_492240,0.0,0.030460928,0,F,South Region,90-100%,0-35,N
GGG_2013J_562696,0.0,0.115340404,0,F,South West Region,80-90%,35-55,Y
GGG_2013J_588138,0.0,0.09078359,0,F,South East Region,70-80%,35-55,N
FFF_2014J_617580,0.0,0.25322542,0,F,South Region,40-50%,0-35,Y
DDD_2014J_284741,1.0,0.26507965,0,M,East Anglian Region,80-90%,0-35,N
EEE_2014J_650666,0.0,0.04469904,0,M,East Anglian Region,40-50%,35-55,Y
BBB_2014B_2363561,1.0,0.997924,1,F,East Anglian Region,20-30%,0-35,N
CCC_2014J_641347,1.0,0.67966676,1,M,Scotland,30-40%,0-35,N
BBB_2013J_2588742,0.0,0.49322146,0,F,East Midlands Region,90-100%,0-35,N
BBB_2013J_478069,0.0,0.5962463,1,F,Yorkshire Region,10-20,35-55,N
GGG_2014J_429004,0.0,0.20116435,0,M,South Region,80-90%,35-55,N
FFF_2014B_633238,0.0,0.23922674,0,F,South East Region,70-80%,0-35,N
DDD_2014B_624093,1.0,0.99950945,1,M,London Region,50-60%,35-55,N
DDD_2013B_522538,1.0,0.24262404,0,F,London Region,50-60%,0-35,N
BBB_2013B_153704,1.0,0.26361647,0,F,West Midlands Region,0-10%,0-35,N
FFF_2014J_629922,0.0,0.44676304,0,F,London Region,20-30%,0-35,N
DDD_2014B_623257,1.0,0.09846943,0,M,Yorkshire Region,10-20,0-35,N
BBB_2014B_611348,0.0,0.23332182,0,F,London Region,20-30%,0-35,N
BBB_2013B_548871,1.0,0.5643902,1,F,West Midlands Region,10-20,0-35,N
GGG_2014J_650268,0.0,0.12047855,0,F,South East Region,80-90%,0-35,N
GGG_2013J_585156,1.0,0.40435937,0,F,London Region,10-20,0-35,N
FFF_2014J_656092,0.0,0.05926368,0,M,North Region,10-20,0-35,N
GGG_2014B_629961,1.0,0.31543538,0,F,London Region,10-20,0-35,N
BBB_2013J_606736,1.0,0.99537945,1,F,East Anglian Region,70-80%,0-35,N
DDD_2014J_337048,1.0,0.99578094,1,M,London Region,20-30%,0-35,N
FFF_2014B_617824,1.0,0.9833281,1,F,East Anglian Region,10-20,0-35,N
FFF_2014B_279755,0.0,0.13529511,0,F,South West Region,20-30%,0-35,N
EEE_2013J_601182,0.0,0.09780936,0,M,Scotland,50-60%,0-35,N
DDD_2013B_467413,0.0,0.54052895,1,F,East Anglian Region,80-90%,0-35,N
DDD_2013J_595894,1.0,0.99956566,1,F,London Region,60-70%,0-35,N
FFF_2014J_645800,1.0,0.9987937,1,M,Wales,40-50%,0-35,N
BBB_2013J_610906,0.0,0.19973314,0,F,West Midlands Region,80-90%,0-35,N
BBB_2014B_613743,0.0,0.10977819,0,F,Wales,70-80%,35-55,N
EEE_2013J_117197,0.0,0.39550972,0,F,South Region,40-50%,0-35,N
BBB_2013B_486650,1.0,0.9991227,1,F,East Midlands Region,70-80%,0-35,N
DDD_2013J_596629,1.0,0.99881625,1,M,Wales,10-20,35-55,N
BBB_2014J_642802,1.0,0.99334455,1,F,West Midlands Region,10-20,0-35,N
DDD_2013J_259060,0.0,0.44049662,0,F,North Region,10-20,0-35,N
GGG_2014B_634320,0.0,0.30149493,0,F,North Western Region,10-20,35-55,Y
CCC_2014B_633447,1.0,0.18629709,0,F,Ireland,0-10%,0-35,N
FFF_2013J_577605,0.0,0.18107168,0,M,Scotland,70-80%,0-35,N
DDD_2013B_546000,1.0,0.80823886,1,M,London Region,10-20,35-55,N
DDD_2013J_385495,1.0,0.64228076,1,M,East Anglian Region,30-40%,35-55,N
EEE_2013J_600187,0.0,0.08350775,0,M,South East Region,20-30%,0-35,N
DDD_2014J_570119,0.0,0.091654174,0,F,London Region,10-20,35-55,N
DDD_2014B_393094,1.0,0.45725,0,M,West Midlands Region,20-30%,0-35,N
FFF_2014J_696662,0.0,0.020843897,0,F,South West Region,60-70%,0-35,N
BBB_2013B_259182,1.0,0.99987745,1,M,East Midlands Region,40-50%,0-35,N
EEE_2013J_2115680,1.0,0.99400973,1,M,North Western Region,0-10%,35-55,N
EEE_2014J_579052,0.0,0.08121167,0,M,North Region,40-50%,35-55,N
FFF_2014J_642498,0.0,0.0369899,0,M,London Region,40-50%,0-35,N
BBB_2013J_395073,1.0,0.60818255,1,F,West Midlands Region,0-10%,0-35,Y
CCC_2014B_573697,1.0,0.99945813,1,F,South Region,70-80%,0-35,N
DDD_2013J_572038,1.0,0.99992764,1,M,Yorkshire Region,40-50%,0-35,N
CCC_2014B_558616,0.0,0.5744298,1,M,North Region,60-70%,0-35,N
FFF_2013J_570689,1.0,0.28523594,0,M,East Midlands Region,90-100%,0-35,N
EEE_2014B_620713,1.0,0.9998159,1,M,South West Region,10-20,0-35,Y
CCC_2014J_633179,0.0,0.22478095,0,M,North Western Region,40-50%,35-55,N
BBB_2013J_583098,1.0,0.76541287,1,F,East Midlands Region,30-40%,35-55,N
DDD_2014J_684868,1.0,0.9954933,1,M,East Anglian Region,50-60%,0-35,N
FFF_2013J_489146,1.0,0.41797885,0,F,South West Region,30-40%,0-35,N
EEE_2014B_610718,1.0,0.9972488,1,M,North Region,40-50%,0-35,N
DDD_2013B_196266,1.0,0.9970688,1,F,Scotland,10-20,0-35,N
DDD_2014B_2692101,1.0,0.97496253,1,M,Wales,40-50%,0-35,N
BBB_2013J_585200,0.0,0.07215848,0,F,South East Region,60-70%,0-35,N
FFF_2014J_649258,1.0,0.05354022,0,M,Wales,70-80%,0-35,N
BBB_2014J_640265,1.0,0.3653222,0,F,South East Region,60-70%,35-55,N
FFF_2014J_631837,0.0,0.007684374,0,M,Scotland,60-70%,35-55,N
DDD_2014J_472649,1.0,0.9999478,1,F,East Anglian Region,40-50%,0-35,N
BBB_2014J_510068,1.0,0.334419,0,F,Scotland,0-10%,0-35,N
DDD_2014J_288762,1.0,0.9998416,1,F,North Western Region,50-60%,0-35,N
EEE_2014B_490662,1.0,0.6174031,1,M,South West Region,50-60%,0-35,N
BBB_2013B_559495,0.0,0.054247882,0,F,North Region,80-90%,35-55,N
BBB_2014J_687421,0.0,0.06584947,0,F,East Midlands Region,0-10%,35-55,N
DDD_2013J_490530,1.0,0.95845246,1,M,Wales,0-10%,0-35,N
FFF_2014J_423781,0.0,0.26249495,0,M,South West Region,90-100%,0-35,N
CCC_2014J_684990,1.0,0.5836826,1,M,North Region,10-20,0-35,N
FFF_2013B_550495,0.0,0.15078768,0,M,West Midlands Region,70-80%,35-55,N
EEE_2013J_601827,1.0,0.108641,0,M,North Region,10-20,0-35,N
FFF_2014J_695416,1.0,0.99998605,1,M,South East Region,60-70%,0-35,N
BBB_2014B_130013,0.0,0.14927268,0,F,East Anglian Region,20-30%,0-35,Y
DDD_2013B_2142579,1.0,0.66726595,1,M,London Region,40-50%,0-35,N
BBB_2014B_612756,0.0,0.11969018,0,F,Yorkshire Region,0-10%,0-35,N
DDD_2014B_631851,0.0,0.039325006,0,M,North Region,10-20,0-35,N
FFF_2014B_617829,0.0,0.1799802,0,M,South Region,90-100%,0-35,Y
GGG_2014B_608263,0.0,0.21556602,0,F,South West Region,50-60%,0-35,N
CCC_2014J_688770,0.0,0.2548809,0,M,North Western Region,60-70%,0-35,N
BBB_2014B_623177,1.0,0.46059698,0,F,East Anglian Region,70-80%,0-35,N
CCC_2014J_2422258,1.0,0.9993338,1,M,South West Region,20-30%,0-35,Y
BBB_2013B_542260,1.0,0.50985545,1,F,Wales,0-10%,35-55,Y
DDD_2014B_622541,0.0,0.28529215,0,M,Scotland,90-100%,0-35,N
BBB_2013B_541196,1.0,0.33740044,0,F,East Anglian Region,30-40%,0-35,Y
DDD_2014J_653319,0.0,0.44342127,0,M,North Region,10-20,0-35,N
CCC_2014J_690724,1.0,0.999622,1,M,West Midlands Region,30-40%,0-35,N
BBB_2013J_590231,0.0,0.27090478,0,F,Scotland,30-40%,0-35,N
DDD_2014B_236015,1.0,0.97388756,1,M,West Midlands Region,50-60%,0-35,N
DDD_2013J_589723,0.0,0.07263271,0,F,South Region,60-70%,0-35,N
GGG_2014B_618846,1.0,0.3790101,0,F,Yorkshire Region,60-70%,0-35,N
GGG_2013J_591873,0.0,0.121931665,0,F,North Western Region,0-10%,35-55,N
FFF_2013J_548080,1.0,0.9986405,1,M,East Anglian Region,50-60%,0-35,N
BBB_2014J_513250,1.0,0.12424328,0,F,Scotland,80-90%,35-55,N
DDD_2014J_692850,1.0,0.13525094,0,F,Ireland,0-10%,0-35,N
FFF_2014J_689924,0.0,0.14705591,0,M,East Midlands Region,30-40%,0-35,N
EEE_2013J_438283,1.0,0.13171224,0,M,South West Region,30-40%,0-35,Y
FFF_2014J_416407,0.0,0.2189152,0,M,North Region,10-20,35-55,N
GGG_2013J_595686,0.0,0.9678632,1,F,Yorkshire Region,50-60%,35-55,N
DDD_2014J_351244,0.0,0.43671396,0,M,North Region,10-20,0-35,N
CCC_2014J_2297770,1.0,0.9845296,1,M,East Midlands Region,10-20,35-55,N
EEE_2013J_504492,0.0,0.038082357,0,M,Scotland,70-80%,35-55,N
BBB_2013J_2468280,0.0,0.298122,0,F,Wales,20-30%,0-35,N
GGG_2013J_609403,0.0,0.19005257,0,F,East Midlands Region,80-90%,35-55,N
BBB_2014J_308850,1.0,0.9994929,1,M,Wales,10-20,35-55,N
DDD_2014B_629702,1.0,0.99248344,1,M,Wales,80-90%,35-55,N
DDD_2014J_147328,0.0,0.098950624,0,F,South Region,80-90%,0-35,N
CCC_2014J_603049,0.0,0.13099754,0,M,Scotland,30-40%,0-35,N
BBB_2013J_582184,1.0,0.27730268,0,F,North Western Region,50-60%,0-35,N
BBB_2013J_564105,0.0,0.035580598,0,F,South West Region,70-80%,0-35,N
CCC_2014B_416860,1.0,0.81043315,1,F,East Midlands Region,20-30%,0-35,N
FFF_2013J_557044,0.0,0.08534677,0,M,Scotland,30-40%,35-55,N
AAA_2013J_1105478,0.0,0.07372925,0,M,Scotland,80-90%,55<=,N
BBB_2013B_379405,1.0,0.99968517,1,F,North Western Region,30-40%,35-55,N
DDD_2014B_315517,1.0,0.997334,1,F,Yorkshire Region,40-50%,0-35,Y
DDD_2014J_689190,0.0,0.09221594,0,F,South East Region,10-20,0-35,N
BBB_2013B_550963,0.0,0.21615481,0,F,East Midlands Region,40-50%,0-35,N
FFF_2014J_674451,0.0,0.043527424,0,M,Scotland,60-70%,0-35,N
FFF_2014B_521032,1.0,0.9997396,1,M,East Anglian Region,30-40%,0-35,N
BBB_2014J_495489,1.0,0.45134813,0,F,Ireland,0-10%,35-55,N
BBB_2013B_558965,0.0,0.1701216,0,F,North Western Region,80-90%,35-55,N
FFF_2014J_697257,1.0,0.9998355,1,M,North Western Region,10-20,35-55,N
DDD_2013B_138709,1.0,0.9994197,1,M,North Region,10-20,0-35,Y
FFF_2013J_525781,1.0,0.9986405,1,M,East Anglian Region,50-60%,0-35,N
FFF_2014J_467363,1.0,0.59603345,1,M,Ireland,30-40%,0-35,N
BBB_2014B_437171,0.0,0.15889192,0,F,East Midlands Region,0-10%,35-55,N
DDD_2014J_678605,1.0,0.17736314,0,M,South Region,40-50%,35-55,N
CCC_2014B_546675,1.0,0.6736942,1,F,Ireland,70-80%,0-35,N
BBB_2014J_654071,1.0,0.9975533,1,F,East Midlands Region,70-80%,35-55,N
FFF_2014B_565373,0.0,0.1932007,0,M,West Midlands Region,80-90%,0-35,N
CCC_2014J_548922,1.0,0.98959047,1,M,Scotland,30-40%,0-35,N
CCC_2014J_574720,0.0,0.9549014,1,M,North Western Region,30-40%,0-35,N
DDD_2014J_593556,1.0,0.74889195,1,M,Scotland,30-40%,0-35,N
BBB_2013J_439684,1.0,0.99121594,1,F,London Region,0-10%,0-35,N
CCC_2014J_432478,1.0,0.79823494,1,M,Ireland,50-60%,35-55,N
AAA_2013J_2649826,0.0,0.043399066,0,M,East Anglian Region,60-70%,35-55,N
CCC_2014J_575553,1.0,0.9993722,1,M,Ireland,90-100%,0-35,N
FFF_2014B_611798,1.0,0.14684406,0,M,Wales,10-20,0-35,N
CCC_2014B_2358707,1.0,0.7871189,1,F,South West Region,90-100%,0-35,N
FFF_2013J_184627,1.0,0.87270325,1,F,London Region,0-10%,35-55,N
FFF_2013J_473081,1.0,0.26648292,0,F,Scotland,70-80%,35-55,N
FFF_2013B_2510667,0.0,0.604509,1,M,West Midlands Region,0-10%,0-35,N
FFF_2014J_683346,0.0,0.0439078,0,M,North Region,10-20,35-55,N
FFF_2013B_466828,0.0,0.07114134,0,M,South West Region,0-10%,0-35,N
CCC_2014J_522257,0.0,0.16650586,0,M,Yorkshire Region,0-10%,0-35,N
FFF_2014J_654867,0.0,0.017418051,0,F,Scotland,70-80%,0-35,N
BBB_2013J_2545488,1.0,0.9915764,1,F,North Western Region,20-30%,35-55,N
FFF_2014B_606967,1.0,0.93547297,1,M,Scotland,70-80%,0-35,N
FFF_2014J_632074,0.0,0.027585562,0,M,Scotland,60-70%,0-35,N
GGG_2013J_67182,0.0,0.1778996,0,F,South Region,80-90%,35-55,N
FFF_2013J_42616,0.0,0.16353172,0,F,Scotland,80-90%,35-55,N
DDD_2014J_545127,1.0,0.9996935,1,F,Yorkshire Region,50-60%,0-35,N
BBB_2014J_424586,1.0,0.9998054,1,F,South East Region,20-30%,0-35,N
FFF_2014J_647910,1.0,0.562386,1,F,Yorkshire Region,10-20,0-35,N
FFF_2013J_2698125,0.0,0.44265,0,M,North Region,70-80%,0-35,N
BBB_2014J_303165,0.0,0.58374816,1,F,Yorkshire Region,10-20,35-55,N
BBB_2013B_505959,0.0,0.30101478,0,F,London Region,20-30%,35-55,N
BBB_2013B_473095,1.0,0.44912118,0,F,East Midlands Region,40-50%,0-35,N
FFF_2013B_486145,1.0,0.63792086,1,M,South Region,40-50%,0-35,N
FFF_2013J_279069,1.0,0.99987745,1,M,North Western Region,40-50%,0-35,N
GGG_2013J_598107,0.0,0.16437013,0,F,South West Region,30-40%,0-35,N
BBB_2013B_552017,0.0,0.10074581,0,F,West Midlands Region,20-30%,35-55,N
DDD_2013B_495115,1.0,0.26389015,0,F,East Midlands Region,20-30%,0-35,Y
GGG_2014B_608221,1.0,0.35501835,0,F,North Region,0-10%,0-35,N
FFF_2013J_2469321,0.0,0.09040873,0,F,East Anglian Region,50-60%,0-35,N
BBB_2014B_117699,0.0,0.076099716,0,F,South Region,40-50%,0-35,N
EEE_2014B_632389,0.0,0.13823982,0,M,North Region,60-70%,0-35,N
BBB_2013B_536722,1.0,0.28256097,0,F,West Midlands Region,10-20,0-35,N
BBB_2014B_569074,1.0,0.2961189,0,F,South West Region,30-40%,35-55,N
DDD_2014B_260565,0.0,0.44208607,0,M,West Midlands Region,20-30%,0-35,Y
FFF_2014J_636653,1.0,0.99995816,1,M,West Midlands Region,30-40%,0-35,N
BBB_2013J_589239,1.0,0.9997602,1,F,Yorkshire Region,10-20,0-35,N
FFF_2014B_550038,0.0,0.41288453,0,M,Yorkshire Region,10-20,35-55,N
FFF_2013B_134260,0.0,0.33509153,0,M,South Region,90-100%,0-35,N
DDD_2014J_493434,1.0,0.8683134,1,M,Ireland,0-10%,35-55,N
FFF_2013J_592007,0.0,0.1658024,0,M,North Western Region,50-60%,0-35,N
CCC_2014J_621605,0.0,0.25488904,0,F,East Midlands Region,80-90%,35-55,N
FFF_2013J_291745,0.0,0.040522076,0,M,Scotland,60-70%,35-55,N
CCC_2014J_589438,0.0,0.12440646,0,F,South West Region,30-40%,0-35,N
DDD_2014B_612136,0.0,0.07319981,0,F,Scotland,70-80%,0-35,N
CCC_2014J_649001,1.0,0.87800115,1,M,London Region,20-30%,35-55,N
DDD_2013J_551674,1.0,0.9999558,1,F,London Region,30-40%,0-35,N
FFF_2013J_602781,1.0,0.99844825,1,M,South East Region,50-60%,0-35,Y
DDD_2013B_327024,1.0,0.62730736,1,F,South Region,90-100%,35-55,N
BBB_2014B_634428,1.0,0.99857616,1,M,South East Region,70-80%,35-55,N
FFF_2013J_586594,0.0,0.042851012,0,M,East Anglian Region,60-70%,35-55,N
EEE_2014J_404200,0.0,0.095514014,0,M,London Region,20-30%,35-55,N
BBB_2013B_173316,1.0,0.26675618,0,F,London Region,10-20,0-35,N
FFF_2014J_628308,1.0,0.7536188,1,M,South West Region,20-30%,0-35,Y
BBB_2013B_412407,0.0,0.2100373,0,M,South East Region,30-40%,0-35,N
DDD_2013J_141301,1.0,0.99942505,1,M,West Midlands Region,10-20,0-35,N
DDD_2014J_511345,0.0,0.047873486,0,M,East Midlands Region,20-30%,0-35,N
DDD_2014J_567176,1.0,0.9601564,1,F,North Region,30-40%,0-35,N
DDD_2014B_602228,1.0,0.26565328,0,M,East Anglian Region,70-80%,0-35,N
BBB_2014J_417971,1.0,0.130741,0,F,Scotland,60-70%,35-55,Y
FFF_2014B_631913,1.0,0.21315536,0,M,Ireland,20-30%,0-35,N
DDD_2014B_354050,1.0,0.46414605,0,M,South West Region,70-80%,0-35,N
CCC_2014J_611173,0.0,0.72558415,1,F,South East Region,90-100%,0-35,N
BBB_2013J_395715,1.0,0.023658765,0,F,East Anglian Region,30-40%,35-55,N
BBB_2014B_624350,1.0,0.9725069,1,F,East Midlands Region,10-20,0-35,N
BBB_2014B_624298,1.0,0.9954853,1,F,London Region,0-10%,0-35,N
BBB_2013B_339946,1.0,0.23686013,0,F,Ireland,0-10%,0-35,N
BBB_2013B_494840,1.0,0.99948525,1,F,London Region,50-60%,35-55,N
BBB_2014J_191746,1.0,0.5592144,1,F,Wales,40-50%,0-35,N
FFF_2014B_629881,0.0,0.21866651,0,M,North Western Region,60-70%,0-35,N
FFF_2013J_574305,1.0,0.9947418,1,F,South Region,80-90%,0-35,N
GGG_2013J_596301,0.0,0.31432766,0,F,East Anglian Region,50-60%,35-55,N
FFF_2014B_195515,0.0,0.11916197,0,F,London Region,60-70%,0-35,N
BBB_2013B_2415962,1.0,0.9985428,1,M,Scotland,0-10%,35-55,Y
FFF_2014B_1045091,1.0,0.618554,1,M,North Western Region,20-30%,55<=,N
DDD_2013J_1644568,1.0,0.982746,1,F,East Anglian Region,50-60%,35-55,Y
BBB_2014B_635433,0.0,0.20875318,0,F,Wales,90-100%,35-55,N
BBB_2014J_556644,0.0,0.056870587,0,F,East Anglian Region,80-90%,0-35,N
GGG_2014B_633464,0.0,0.39014655,0,M,South East Region,90-100%,0-35,N
GGG_2013J_590028,1.0,0.33587193,0,F,East Anglian Region,60-70%,0-35,N
BBB_2014J_644164,0.0,0.35547933,0,F,Yorkshire Region,70-80%,0-35,N
EEE_2014B_630900,0.0,0.06587357,0,M,East Anglian Region,70-80%,35-55,N
DDD_2014J_442549,1.0,0.1958175,0,M,Ireland,20-30%,0-35,N
FFF_2014J_598308,0.0,0.10865042,0,M,Ireland,0-10%,0-35,N
CCC_2014J_618683,0.0,0.07387818,0,M,Wales,90-100%,35-55,N
CCC_2014B_603498,1.0,0.9907032,1,M,Yorkshire Region,40-50%,0-35,N
EEE_2013J_556211,0.0,0.12456337,0,M,North Region,80-90%,35-55,N
BBB_2013B_551487,0.0,0.15049934,0,F,Scotland,0-10%,0-35,N
DDD_2014B_627370,1.0,0.9977355,1,M,West Midlands Region,10-20,0-35,N
DDD_2013J_2691780,1.0,0.99905115,1,F,East Anglian Region,90-100%,0-35,N
DDD_2013J_2198952,0.0,0.3395711,0,M,Ireland,0-10%,35-55,N
GGG_2013J_590711,0.0,0.15235135,0,F,East Anglian Region,40-50%,35-55,N
FFF_2014J_628363,1.0,0.9982986,1,M,South East Region,60-70%,0-35,N
FFF_2013J_2173721,1.0,0.5303818,1,F,Scotland,10-20,0-35,N
AAA_2013J_420087,1.0,0.3351451,0,M,Scotland,40-50%,0-35,Y
FFF_2013J_600682,0.0,0.37832946,0,M,South Region,60-70%,0-35,N
CCC_2014J_336014,1.0,0.044698704,0,M,Scotland,80-90%,0-35,N
BBB_2013J_598503,1.0,0.92600614,1,F,Scotland,40-50%,35-55,N
GGG_2013J_548388,0.0,0.29194948,0,F,West Midlands Region,80-90%,0-35,N
EEE_2014J_650334,1.0,0.9990127,1,M,South West Region,40-50%,0-35,N
BBB_2013J_355692,1.0,0.997908,1,M,South West Region,10-20,35-55,N
BBB_2014B_2476144,0.0,0.62798274,1,F,West Midlands Region,0-10%,35-55,Y
DDD_2013J_599101,1.0,0.93309957,1,F,London Region,40-50%,0-35,N
FFF_2013B_545048,1.0,0.16538578,0,F,North Western Region,70-80%,0-35,N
DDD_2014J_674997,1.0,0.05636188,0,M,North Region,30-40%,0-35,N
CCC_2014B_603999,1.0,0.99884135,1,M,North Western Region,40-50%,0-35,N
DDD_2013J_390690,0.0,0.221994,0,F,Scotland,0-10%,0-35,N
FFF_2013B_346853,1.0,0.0962212,0,M,North Western Region,70-80%,35-55,N
GGG_2014B_612903,0.0,0.590678,1,F,South West Region,80-90%,0-35,N
BBB_2014B_2643007,0.0,0.17138064,0,F,London Region,10-20,35-55,N
CCC_2014J_642790,1.0,0.999987,1,M,London Region,10-20,35-55,N
EEE_2014B_632904,0.0,0.26469544,0,M,Scotland,40-50%,0-35,N
FFF_2013J_343419,1.0,0.2428539,0,F,South East Region,20-30%,0-35,N
BBB_2014J_694792,0.0,0.1444137,0,F,East Anglian Region,20-30%,0-35,N
CCC_2014J_523334,1.0,0.5528453,1,M,East Anglian Region,40-50%,0-35,N
CCC_2014J_601082,1.0,0.11637618,0,M,Wales,70-80%,35-55,N
DDD_2014J_634305,0.0,0.10610078,0,F,Wales,20-30%,35-55,N
DDD_2014B_614217,1.0,0.10924606,0,M,South West Region,60-70%,35-55,N
FFF_2013B_534750,1.0,0.077921554,0,M,East Midlands Region,80-90%,0-35,N
DDD_2013J_285557,0.0,0.21334757,0,M,Scotland,90-100%,0-35,N
FFF_2013B_1397662,1.0,0.34820354,0,F,West Midlands Region,30-40%,35-55,N
FFF_2013B_536593,0.0,0.09303648,0,M,Ireland,70-80%,35-55,N
EEE_2014J_679207,0.0,0.08986993,0,M,North Western Region,30-40%,35-55,N
BBB_2013B_2205383,1.0,0.046700265,0,F,North Western Region,40-50%,35-55,N
FFF_2013B_522479,1.0,0.99964404,1,M,London Region,20-30%,0-35,N
FFF_2013J_530852,1.0,0.74243844,1,M,Wales,10-20,0-35,N
BBB_2013J_582404,1.0,0.99637115,1,F,London Region,20-30%,0-35,N
FFF_2013J_443300,1.0,0.99771285,1,M,South West Region,80-90%,0-35,N
FFF_2013J_1980822,0.0,0.36603975,0,F,Scotland,80-90%,0-35,N
BBB_2013B_110881,0.0,0.36424786,0,F,East Anglian Region,40-50%,0-35,N
DDD_2013B_273339,1.0,0.43801087,0,F,West Midlands Region,0-10%,0-35,N
BBB_2014J_572101,0.0,0.13490011,0,F,North Western Region,20-30%,35-55,N
BBB_2013B_199520,0.0,0.10092132,0,F,Scotland,40-50%,0-35,N
EEE_2014J_632626,0.0,0.17527713,0,M,South East Region,30-40%,35-55,N
EEE_2013J_612183,0.0,0.047847915,0,M,Scotland,80-90%,35-55,N
FFF_2013J_2555893,1.0,0.99999714,1,F,West Midlands Region,60-70%,0-35,N
BBB_2014J_649543,1.0,0.37666452,0,F,East Anglian Region,50-60%,0-35,N
FFF_2013B_539359,0.0,0.08916606,0,M,Scotland,80-90%,35-55,N
FFF_2013J_582311,1.0,0.9991736,1,M,South Region,30-40%,0-35,N
EEE_2013J_600142,0.0,0.6977593,1,M,Wales,60-70%,0-35,N
EEE_2013J_572891,0.0,0.035298258,0,M,Yorkshire Region,60-70%,0-35,N
CCC_2014J_483543,0.0,0.14729148,0,M,North Region,10-20,0-35,N
BBB_2014B_633603,1.0,0.5927967,1,F,London Region,20-30%,35-55,N
FFF_2014J_693907,0.0,0.25875005,0,F,North Western Region,0-10%,35-55,N
EEE_2014J_2258124,0.0,0.08684985,0,M,South Region,60-70%,0-35,N
GGG_2014J_698163,0.0,0.24732602,0,F,North Western Region,0-10%,0-35,N
FFF_2014J_644818,0.0,0.11988494,0,M,Scotland,20-30%,35-55,N
BBB_2014J_646260,1.0,0.23412868,0,F,South East Region,20-30%,0-35,N
DDD_2013J_572754,0.0,0.21091686,0,M,Scotland,80-90%,0-35,Y
EEE_2014B_630573,1.0,0.6928724,1,M,East Anglian Region,50-60%,0-35,N
FFF_2014J_695764,1.0,0.99999464,1,M,London Region,0-10%,0-35,N
EEE_2013J_2134304,0.0,0.17521872,0,M,Scotland,70-80%,35-55,N
CCC_2014B_571776,0.0,0.111519985,0,M,North Region,10-20,0-35,N
EEE_2014J_680333,1.0,0.9999527,1,M,North Region,0-10%,0-35,N
BBB_2014J_330981,1.0,0.99705267,1,F,Wales,30-40%,0-35,N
FFF_2013B_547534,1.0,0.4476885,0,F,South Region,70-80%,0-35,N
FFF_2014B_63958,1.0,0.9158622,1,M,South Region,10-20,0-35,N
CCC_2014J_508295,1.0,0.99531424,1,F,East Anglian Region,70-80%,0-35,Y
BBB_2014J_314801,0.0,0.3382556,0,F,North Western Region,0-10%,0-35,N
FFF_2013J_589860,0.0,0.054233473,0,M,North Region,10-20,0-35,N
FFF_2013J_609244,1.0,0.9005289,1,M,East Anglian Region,20-30%,0-35,N
FFF_2014B_546961,0.0,0.11231952,0,M,East Anglian Region,20-30%,0-35,N
BBB_2013B_514951,1.0,0.99435645,1,F,West Midlands Region,10-20,35-55,N
EEE_2014B_592666,0.0,0.4996865,0,F,East Midlands Region,20-30%,0-35,N
CCC_2014J_596245,1.0,0.9999198,1,M,South East Region,0-10%,0-35,N
CCC_2014J_630479,0.0,0.23113745,0,M,London Region,10-20,0-35,N
FFF_2014J_647033,1.0,0.9944833,1,M,Yorkshire Region,10-20,0-35,Y
FFF_2013J_574245,1.0,0.20926538,0,M,West Midlands Region,30-40%,0-35,N
CCC_2014B_577688,1.0,0.9997396,1,M,West Midlands Region,30-40%,0-35,N
DDD_2014B_616862,1.0,0.99606365,1,F,North Western Region,30-40%,0-35,Y
CCC_2014J_647518,1.0,0.55450636,1,M,Wales,10-20,0-35,N
CCC_2014B_566185,1.0,0.5902597,1,F,West Midlands Region,0-10%,35-55,N
DDD_2013B_548371,1.0,0.9938212,1,M,North Western Region,20-30%,0-35,N
BBB_2014B_574944,1.0,0.25717342,0,F,West Midlands Region,20-30%,0-35,N
AAA_2014J_85092,0.0,0.80883247,1,F,South West Region,30-40%,0-35,N
FFF_2013J_2687989,0.0,0.06909087,0,M,Ireland,0-10%,0-35,N
DDD_2014J_104772,1.0,0.82806313,1,M,South West Region,70-80%,35-55,N
BBB_2014J_698208,1.0,0.23275134,0,F,Wales,50-60%,35-55,N
DDD_2014J_599651,1.0,0.6467511,1,M,South East Region,60-70%,0-35,N
GGG_2014B_2658277,1.0,0.929059,1,F,South East Region,10-20,0-35,N
EEE_2013J_575336,0.0,0.08491003,0,M,East Anglian Region,30-40%,0-35,N
BBB_2013J_589123,0.0,0.1262446,0,F,South West Region,50-60%,35-55,N
FFF_2013J_598629,1.0,0.9993765,1,M,North Western Region,0-10%,35-55,N
DDD_2013B_2238679,1.0,0.8293289,1,M,North Western Region,0-10%,35-55,N
DDD_2013J_561807,0.0,0.10490254,0,M,North Region,10-20,35-55,N
BBB_2013J_2444641,1.0,0.39462432,0,F,East Anglian Region,50-60%,35-55,Y
BBB_2013J_595509,1.0,0.5310984,1,M,South Region,20-30%,0-35,N
FFF_2014J_629491,0.0,0.24211118,0,M,London Region,0-10%,35-55,N
DDD_2014J_172965,0.0,0.27205178,0,M,Scotland,60-70%,35-55,N
EEE_2014B_626998,1.0,0.55440104,1,M,Yorkshire Region,30-40%,0-35,N
DDD_2013J_610220,0.0,0.19441885,0,F,London Region,30-40%,0-35,N
BBB_2014B_617717,1.0,0.9130898,1,F,North Western Region,0-10%,35-55,N
BBB_2013B_527164,0.0,0.11082174,0,F,South East Region,0-10%,0-35,N
CCC_2014B_83453,1.0,0.9832471,1,M,West Midlands Region,40-50%,35-55,N
FFF_2014J_582141,1.0,0.9991997,1,M,West Midlands Region,60-70%,0-35,N
DDD_2013J_601133,1.0,0.28308642,0,M,South East Region,70-80%,0-35,N
FFF_2014B_494495,1.0,0.9999536,1,M,East Midlands Region,50-60%,0-35,N
CCC_2014J_506705,0.0,0.14538592,0,M,South West Region,80-90%,0-35,N
BBB_2014J_685506,1.0,0.9997316,1,F,North Western Region,0-10%,0-35,N
DDD_2014J_652732,0.0,0.081133954,0,M,West Midlands Region,0-10%,0-35,N
BBB_2013B_79378,1.0,0.9993068,1,F,London Region,20-30%,35-55,Y
DDD_2013B_548996,0.0,0.09257308,0,M,East Midlands Region,40-50%,35-55,N
BBB_2013B_549590,1.0,0.99611306,1,F,London Region,10-20,0-35,N
DDD_2013B_2640063,1.0,0.92085016,1,M,West Midlands Region,70-80%,0-35,N
CCC_2014J_2462607,0.0,0.07270384,0,F,East Anglian Region,40-50%,35-55,N
DDD_2013J_588219,0.0,0.36224654,0,M,South East Region,50-60%,0-35,N
DDD_2014J_583276,1.0,0.3527357,0,F,West Midlands Region,40-50%,0-35,N
DDD_2013J_2430405,0.0,0.21899065,0,F,East Midlands Region,60-70%,0-35,Y
FFF_2014J_1514245,1.0,0.6434992,1,M,East Midlands Region,0-10%,35-55,N
GGG_2014J_646470,1.0,0.6177581,1,F,North Western Region,50-60%,35-55,N
FFF_2013B_546464,0.0,0.08373691,0,M,East Anglian Region,80-90%,0-35,N
DDD_2013B_2621590,1.0,0.7818942,1,M,East Anglian Region,0-10%,0-35,N
DDD_2013B_260491,0.0,0.048646376,0,F,East Anglian Region,40-50%,0-35,N
BBB_2014B_631492,0.0,0.34340635,0,F,South East Region,10-20,0-35,N
FFF_2014J_642730,1.0,0.6691999,1,M,East Anglian Region,80-90%,0-35,N
AAA_2013J_1401935,1.0,0.78976136,1,M,West Midlands Region,70-80%,35-55,N
BBB_2013B_2097916,0.0,0.024426049,0,F,Yorkshire Region,20-30%,35-55,N
BBB_2014B_624847,0.0,0.16540828,0,F,North Western Region,80-90%,35-55,N
EEE_2014J_464957,1.0,0.8245991,1,M,London Region,20-30%,0-35,N
BBB_2013B_416654,0.0,0.12635781,0,F,Scotland,50-60%,35-55,N
CCC_2014J_646077,1.0,0.9996915,1,M,South West Region,0-10%,0-35,Y
BBB_2013B_496243,1.0,0.17212272,0,F,Scotland,40-50%,0-35,N
DDD_2013J_601392,1.0,0.9985858,1,M,East Midlands Region,30-40%,0-35,N
DDD_2013J_550380,1.0,0.6161577,1,M,Scotland,70-80%,35-55,N
FFF_2013J_599663,0.0,0.046505436,0,M,North Region,30-40%,0-35,N
BBB_2014B_377469,0.0,0.2783332,0,F,South East Region,20-30%,0-35,N
GGG_2013J_597515,0.0,0.27362454,0,F,North Region,20-30%,0-35,N
DDD_2014B_492095,0.0,0.56755936,1,M,North Western Region,40-50%,0-35,N
BBB_2013B_539891,1.0,0.57346594,1,F,Wales,30-40%,35-55,N
GGG_2014J_686650,1.0,0.3208825,0,F,West Midlands Region,0-10%,35-55,Y
DDD_2014J_574928,0.0,0.23099642,0,F,Yorkshire Region,0-10%,0-35,N
CCC_2014B_424112,0.0,0.62152857,1,F,Ireland,0-10%,0-35,N
FFF_2013B_379558,0.0,0.5064188,1,M,Scotland,80-90%,0-35,N
BBB_2013J_506185,1.0,0.21531196,0,F,London Region,60-70%,0-35,N
FFF_2013J_581770,0.0,0.26641655,0,M,East Anglian Region,30-40%,0-35,N
GGG_2013J_2248072,0.0,0.45377564,0,M,East Anglian Region,20-30%,0-35,N
GGG_2013J_368969,0.0,0.6628611,1,F,South West Region,80-90%,35-55,N
BBB_2013B_341509,0.0,0.41740784,0,F,South Region,40-50%,0-35,Y
DDD_2014B_614074,0.0,0.27607885,0,M,North Region,10-20,0-35,N
FFF_2013B_519936,0.0,0.5556125,1,M,North Western Region,90-100%,0-35,N
CCC_2014J_621414,1.0,0.9883719,1,M,North Region,40-50%,35-55,N
CCC_2014J_293162,0.0,0.18852296,0,M,Scotland,70-80%,0-35,N
BBB_2014B_629507,0.0,0.24467249,0,F,Wales,40-50%,0-35,N
CCC_2014J_406698,1.0,0.2775233,0,M,Wales,20-30%,35-55,N
GGG_2014B_1860171,0.0,0.1520304,0,M,East Anglian Region,50-60%,35-55,N
CCC_2014B_620243,1.0,0.9997693,1,M,South West Region,80-90%,0-35,N
DDD_2014B_144908,1.0,0.88810265,1,M,East Anglian Region,70-80%,0-35,N
BBB_2014J_674643,1.0,0.9999275,1,M,West Midlands Region,20-30%,0-35,N
CCC_2014J_650863,0.0,0.011415379,0,F,North Region,70-80%,0-35,N
DDD_2014B_498793,1.0,0.538946,1,M,Wales,10-20,35-55,Y
CCC_2014J_605459,1.0,0.99883574,1,M,South West Region,90-100%,0-35,N
BBB_2013B_537259,1.0,0.47349682,0,M,London Region,30-40%,0-35,N
DDD_2014J_2482085,1.0,0.9911293,1,F,South West Region,20-30%,35-55,N
FFF_2014B_558105,0.0,0.35462862,0,M,East Midlands Region,80-90%,0-35,N
DDD_2014B_631388,0.0,0.51834965,1,F,North Region,10-20,0-35,N
DDD_2014B_623073,0.0,0.042820025,0,F,North Region,10-20,35-55,N
DDD_2014J_680807,1.0,0.9982974,1,M,North Western Region,30-40%,0-35,N
EEE_2014B_548261,1.0,0.5189562,1,M,East Anglian Region,50-60%,35-55,N
BBB_2013J_595287,1.0,0.99945337,1,F,Scotland,80-90%,35-55,N
CCC_2014J_498236,0.0,0.10953324,0,M,North Region,20-30%,0-35,N
FFF_2013B_402531,1.0,0.9997607,1,M,South West Region,50-60%,35-55,N
DDD_2013J_610834,1.0,0.9989864,1,M,North Western Region,40-50%,35-55,N
BBB_2013B_492336,1.0,0.9999275,1,M,East Anglian Region,20-30%,0-35,N
BBB_2013B_547390,0.0,0.47513753,0,F,London Region,20-30%,0-35,N
CCC_2014J_634721,1.0,0.4740308,0,M,Scotland,70-80%,0-35,N
CCC_2014B_592876,1.0,0.9957082,1,M,Scotland,10-20,0-35,N
BBB_2013J_492286,0.0,0.1567254,0,F,London Region,80-90%,35-55,N
BBB_2014J_596072,1.0,0.8935785,1,F,West Midlands Region,0-10%,0-35,N
FFF_2013J_372619,1.0,0.99855465,1,M,East Midlands Region,70-80%,0-35,N
AAA_2014J_2521865,0.0,0.36120778,0,F,South Region,50-60%,35-55,Y
CCC_2014J_646938,1.0,0.9998367,1,M,London Region,20-30%,35-55,N
DDD_2013J_604072,0.0,0.06520753,0,F,South Region,60-70%,0-35,N
CCC_2014B_532252,1.0,0.98054266,1,M,Ireland,0-10%,35-55,N
DDD_2013J_601234,0.0,0.09814607,0,M,North Western Region,40-50%,35-55,N
AAA_2013J_241729,1.0,0.54143363,1,F,East Midlands Region,60-70%,35-55,N
GGG_2014B_633026,1.0,0.1410366,0,M,South West Region,80-90%,35-55,N
BBB_2014J_644482,1.0,0.91944623,1,F,West Midlands Region,0-10%,0-35,N
BBB_2013J_590931,0.0,0.10055355,0,F,Ireland,0-10%,0-35,N
FFF_2013B_537151,1.0,0.7503881,1,M,London Region,90-100%,35-55,N
DDD_2013B_492993,1.0,0.86844677,1,M,East Anglian Region,60-70%,0-35,N
CCC_2014J_348351,1.0,0.9997009,1,M,East Midlands Region,20-30%,0-35,N
BBB_2013J_308852,1.0,0.47297814,0,F,South West Region,40-50%,0-35,N
FFF_2013J_371133,1.0,0.6527365,1,M,Scotland,60-70%,0-35,N
FFF_2014B_627442,0.0,0.64853686,1,M,South Region,30-40%,0-35,N
BBB_2014J_683664,0.0,0.13840257,0,F,Scotland,30-40%,0-35,N
FFF_2013J_580842,0.0,0.08187577,0,F,South Region,90-100%,35-55,N
FFF_2013B_522862,1.0,0.99941874,1,M,Wales,90-100%,0-35,N
CCC_2014B_465194,1.0,0.9999292,1,M,North Western Region,50-60%,0-35,N
GGG_2014B_628715,1.0,0.33763826,0,F,East Midlands Region,40-50%,35-55,N
EEE_2013J_544791,0.0,0.23647508,0,M,Scotland,20-30%,0-35,N
EEE_2014B_237934,1.0,0.5495558,1,M,Scotland,80-90%,0-35,N
FFF_2014B_633157,1.0,0.09423127,0,M,West Midlands Region,80-90%,0-35,N
AAA_2014J_252073,0.0,0.5055942,1,F,Yorkshire Region,30-40%,35-55,N
AAA_2013J_101781,0.0,0.16173325,0,M,South Region,80-90%,35-55,N
EEE_2014B_625213,1.0,0.18710966,0,M,Yorkshire Region,50-60%,0-35,N
CCC_2014J_574586,1.0,0.39573103,0,M,Ireland,70-80%,35-55,N
FFF_2014B_329895,1.0,0.999729,1,M,East Anglian Region,50-60%,35-55,N
BBB_2014B_624653,0.0,0.19618621,0,F,East Anglian Region,30-40%,35-55,N
FFF_2014B_633401,1.0,0.7318948,1,F,South Region,90-100%,0-35,N
DDD_2013B_556369,1.0,0.8806667,1,M,South Region,90-100%,0-35,N
FFF_2014J_2540871,1.0,0.47440147,0,M,North Western Region,0-10%,0-35,N
CCC_2014B_632637,1.0,0.9999889,1,M,Yorkshire Region,20-30%,0-35,N
FFF_2013J_90901,0.0,0.16046199,0,M,South Region,20-30%,35-55,N
FFF_2013J_601788,0.0,0.16935045,0,M,North Western Region,40-50%,0-35,N
CCC_2014J_691257,1.0,0.97837275,1,F,London Region,0-10%,0-35,N
GGG_2014B_624199,1.0,0.44395843,0,M,South East Region,50-60%,0-35,N
FFF_2014B_626047,1.0,0.99266946,1,F,Yorkshire Region,0-10%,0-35,Y
DDD_2013J_552003,1.0,0.9996867,1,F,London Region,90-100%,35-55,N
BBB_2013J_593694,0.0,0.054175146,0,F,Ireland,50-60%,35-55,N
BBB_2013B_560968,0.0,0.061414115,0,F,Wales,50-60%,35-55,N
FFF_2014B_2058815,1.0,0.9239946,1,M,West Midlands Region,80-90%,0-35,N
BBB_2014J_512722,0.0,0.28691274,0,F,West Midlands Region,10-20,0-35,N
FFF_2013B_2514431,0.0,0.24209595,0,M,East Midlands Region,20-30%,0-35,N
FFF_2014J_636832,0.0,0.07268,0,M,Wales,30-40%,35-55,N
DDD_2013B_358075,0.0,0.26967984,0,F,South West Region,80-90%,0-35,N
BBB_2014B_2351235,1.0,0.55891836,1,F,South West Region,30-40%,35-55,N
FFF_2014J_636314,0.0,0.013656424,0,M,Scotland,20-30%,0-35,N
DDD_2013B_543919,0.0,0.4947054,0,M,East Anglian Region,20-30%,0-35,N
DDD_2014J_685069,1.0,0.9191467,1,F,South East Region,20-30%,0-35,Y
EEE_2013J_413190,1.0,0.99896705,1,M,East Anglian Region,30-40%,0-35,N
CCC_2014J_685572,0.0,0.178775,0,F,East Midlands Region,90-100%,0-35,N
EEE_2014J_298148,0.0,0.12396603,0,M,London Region,70-80%,0-35,N
EEE_2014J_693959,0.0,0.09799371,0,M,South West Region,60-70%,35-55,N
AAA_2013J_2411778,1.0,0.09063264,0,M,Scotland,20-30%,0-35,N
CCC_2014B_615407,1.0,0.9253582,1,M,Scotland,90-100%,0-35,N
AAA_2013J_2182846,0.0,0.06745344,0,F,London Region,70-80%,35-55,N
BBB_2014J_617530,0.0,0.16242851,0,M,South West Region,90-100%,0-35,N
BBB_2014J_607603,0.0,0.19350068,0,F,South Region,80-90%,0-35,N
DDD_2014B_618968,1.0,0.9940514,1,M,South East Region,10-20,0-35,Y
EEE_2013J_490768,0.0,0.056437373,0,M,Yorkshire Region,50-60%,0-35,N
BBB_2013B_507303,1.0,0.99374783,1,F,South Region,30-40%,0-35,N
BBB_2014J_280054,1.0,0.56535953,1,F,Wales,0-10%,0-35,N
BBB_2013B_74734,0.0,0.6104544,1,F,North Western Region,0-10%,0-35,N
DDD_2014J_472949,1.0,0.1269161,0,F,London Region,20-30%,35-55,N
BBB_2013J_128889,0.0,0.0628255,0,F,South Region,90-100%,35-55,N
BBB_2014J_511295,1.0,0.9479072,1,F,Scotland,0-10%,35-55,N
CCC_2014J_629822,1.0,0.9709519,1,M,East Anglian Region,80-90%,0-35,Y
CCC_2014J_684514,0.0,0.3210561,0,M,Wales,10-20,0-35,N
DDD_2014J_399794,1.0,0.80008197,1,F,Scotland,10-20,0-35,N
DDD_2014J_645353,1.0,0.99888223,1,M,North Western Region,0-10%,0-35,N
BBB_2014B_625124,1.0,0.63045496,1,F,Wales,20-30%,0-35,N
CCC_2014J_322907,1.0,0.23346327,0,M,London Region,30-40%,55<=,N
FFF_2014J_596245,1.0,0.9999198,1,M,South East Region,0-10%,0-35,N
BBB_2013J_612255,0.0,0.21774606,0,M,South East Region,20-30%,35-55,N
BBB_2014J_549288,1.0,0.9658766,1,F,East Anglian Region,90-100%,0-35,N
DDD_2013B_2375627,1.0,0.9974371,1,M,Wales,30-40%,0-35,Y
AAA_2013J_2293923,0.0,0.5855623,1,M,South Region,90-100%,0-35,N
FFF_2014J_649926,1.0,0.99903035,1,M,Scotland,10-20,0-35,N
DDD_2014J_674989,0.0,0.19550294,0,M,West Midlands Region,60-70%,0-35,N
FFF_2014B_632513,0.0,0.066163056,0,M,North Western Region,50-60%,35-55,N
CCC_2014B_576475,0.0,0.33678108,0,F,North Region,0-10%,35-55,N
FFF_2013B_302924,0.0,0.19087642,0,F,London Region,10-20,0-35,N
FFF_2013B_550024,1.0,0.6048807,1,M,London Region,20-30%,35-55,N
GGG_2013J_1615575,1.0,0.98902637,1,M,London Region,90-100%,35-55,N
FFF_2014B_617868,0.0,0.11575567,0,M,East Anglian Region,70-80%,0-35,Y
CCC_2014B_336695,1.0,0.62847763,1,F,East Midlands Region,0-10%,0-35,N
DDD_2013J_610817,1.0,0.9839917,1,F,Wales,80-90%,35-55,N
CCC_2014J_573473,1.0,0.9717495,1,M,South Region,10-20,0-35,N
FFF_2014J_685802,1.0,0.9998808,1,M,South West Region,10-20,0-35,N
FFF_2014J_656996,0.0,0.3837286,0,M,East Anglian Region,50-60%,0-35,N
DDD_2013B_1901165,1.0,0.9964014,1,M,South Region,90-100%,35-55,N
CCC_2014J_636420,1.0,0.99999464,1,M,East Midlands Region,10-20,0-35,N
DDD_2013J_492740,0.0,0.1604461,0,F,Scotland,50-60%,0-35,N
GGG_2014B_2322120,1.0,0.9158481,1,F,Yorkshire Region,10-20,35-55,N
FFF_2014J_655402,1.0,0.999948,1,F,London Region,30-40%,0-35,N
FFF_2014B_594909,0.0,0.5013069,1,M,North Western Region,40-50%,0-35,N
FFF_2013J_603155,0.0,0.13994208,0,M,Scotland,40-50%,0-35,N
FFF_2014B_591550,1.0,0.40669912,0,M,North Western Region,0-10%,0-35,N
FFF_2014J_643326,0.0,0.11634321,0,F,West Midlands Region,10-20,0-35,N
EEE_2014B_612327,0.0,0.030062886,0,M,South West Region,50-60%,0-35,N
BBB_2013B_548935,0.0,0.075822406,0,F,Ireland,20-30%,35-55,N
FFF_2014J_655088,1.0,0.997971,1,F,East Anglian Region,60-70%,0-35,Y
AAA_2014J_1336190,0.0,0.41737595,0,M,London Region,80-90%,55<=,N
BBB_2013B_249534,0.0,0.4233548,0,F,East Midlands Region,20-30%,35-55,N
CCC_2014J_605840,1.0,0.06917372,0,M,North Region,10-20,0-35,Y
FFF_2014J_688442,1.0,0.99967337,1,F,West Midlands Region,20-30%,35-55,N
FFF_2014J_542550,1.0,0.9997508,1,M,North Region,0-10%,35-55,N
DDD_2013J_506582,0.0,0.018022034,0,F,London Region,60-70%,35-55,N
BBB_2014J_654856,0.0,0.098754846,0,F,West Midlands Region,90-100%,0-35,N
CCC_2014B_634157,0.0,0.12048844,0,M,North Region,10-20,0-35,N
GGG_2014J_657045,0.0,0.27908638,0,F,Scotland,80-90%,35-55,N
EEE_2013J_584567,1.0,0.89390486,1,M,South Region,90-100%,0-35,N
BBB_2013J_578953,1.0,0.99445146,1,F,North Western Region,10-20,0-35,N
EEE_2013J_576202,1.0,0.9857072,1,M,North Region,10-20,35-55,N
BBB_2014B_614742,0.0,0.11671784,0,F,South Region,40-50%,0-35,N
EEE_2014J_677900,0.0,0.06641444,0,M,Scotland,80-90%,0-35,N
FFF_2013J_543763,0.0,0.3267353,0,M,East Midlands Region,40-50%,0-35,N
AAA_2014J_676546,1.0,0.1658677,0,M,Scotland,80-90%,0-35,N
DDD_2014B_623932,1.0,0.9980716,1,M,Yorkshire Region,20-30%,0-35,N
EEE_2014J_682319,1.0,0.9998442,1,M,South Region,40-50%,35-55,N
GGG_2014J_686309,1.0,0.968647,1,F,South Region,60-70%,0-35,N
FFF_2013J_587611,0.0,0.6569493,1,M,North Western Region,40-50%,0-35,N
BBB_2013J_588969,1.0,0.99996996,1,F,South East Region,60-70%,0-35,N
BBB_2013J_567915,1.0,0.33714932,0,F,South Region,30-40%,35-55,N
CCC_2014J_679271,1.0,0.85530174,1,F,East Midlands Region,90-100%,0-35,N
GGG_2014J_681383,1.0,0.45378038,0,F,East Midlands Region,0-10%,0-35,N
BBB_2014B_615018,1.0,0.9936366,1,F,London Region,10-20,0-35,Y
BBB_2013B_531428,1.0,0.9949911,1,F,East Midlands Region,30-40%,0-35,N
GGG_2014B_511492,1.0,0.9098084,1,F,South East Region,60-70%,0-35,N
AAA_2013J_200860,0.0,0.4554246,0,M,London Region,50-60%,35-55,N
BBB_2013B_2425726,1.0,0.6701581,1,F,East Anglian Region,20-30%,35-55,N
BBB_2014B_331156,0.0,0.8235901,1,F,West Midlands Region,0-10%,35-55,N
GGG_2014B_627043,1.0,0.91376764,1,M,South Region,80-90%,35-55,N
FFF_2014B_588145,0.0,0.23552893,0,M,South East Region,90-100%,0-35,N
FFF_2014B_271702,1.0,0.9998417,1,M,West Midlands Region,20-30%,0-35,N
CCC_2014J_2686712,1.0,0.02620287,0,M,West Midlands Region,60-70%,35-55,N
DDD_2013J_502057,1.0,0.99996185,1,F,London Region,40-50%,35-55,N
BBB_2013B_542291,0.0,0.20478402,0,F,South East Region,70-80%,0-35,N
BBB_2013J_490677,0.0,0.19384861,0,F,Yorkshire Region,0-10%,35-55,N
BBB_2014B_397312,1.0,0.24549468,0,F,Yorkshire Region,10-20,0-35,N
FFF_2014J_640429,0.0,0.12879606,0,M,North Western Region,30-40%,0-35,N
BBB_2014J_648247,1.0,0.99980754,1,F,East Anglian Region,30-40%,0-35,N
FFF_2014B_589565,0.0,0.054395836,0,F,South Region,80-90%,35-55,N
BBB_2013J_536649,1.0,0.25975123,0,F,Ireland,10-20,35-55,N
FFF_2014B_612880,1.0,0.9026278,1,M,South West Region,50-60%,0-35,N
BBB_2013J_609804,1.0,0.56507176,1,M,Scotland,30-40%,35-55,N
EEE_2014J_641899,0.0,0.10513322,0,M,South West Region,30-40%,0-35,N
FFF_2014B_622897,1.0,0.99983466,1,M,London Region,10-20,0-35,N
BBB_2013B_484039,1.0,0.60144234,1,F,Yorkshire Region,30-40%,0-35,N
BBB_2014B_634486,1.0,0.99535686,1,F,East Anglian Region,40-50%,35-55,N
DDD_2014J_654882,1.0,0.27758393,0,M,South Region,40-50%,0-35,N
DDD_2013J_495762,1.0,0.9981522,1,M,Wales,60-70%,0-35,N
DDD_2013B_2535493,1.0,0.9998123,1,M,North Region,10-20,0-35,N
CCC_2014J_445921,1.0,0.99994326,1,M,Yorkshire Region,50-60%,0-35,N
GGG_2014B_630863,0.0,0.96698314,1,F,North Western Region,50-60%,0-35,N
CCC_2014J_689807,1.0,0.99992764,1,M,London Region,40-50%,0-35,N
EEE_2013J_600350,0.0,0.07829251,0,M,South West Region,40-50%,0-35,N
FFF_2014J_594122,0.0,0.14814216,0,M,North Region,20-30%,0-35,N
DDD_2014J_53632,1.0,0.63566494,1,M,Wales,90-100%,0-35,N
DDD_2014B_2516497,1.0,0.96446747,1,M,Wales,50-60%,0-35,N
EEE_2013J_567779,1.0,0.6871669,1,M,East Anglian Region,40-50%,0-35,N
CCC_2014B_386671,1.0,0.99997675,1,M,North Western Region,30-40%,0-35,N
DDD_2013J_585134,0.0,0.16469046,0,M,Wales,30-40%,35-55,N
BBB_2013B_397763,1.0,0.972673,1,F,West Midlands Region,0-10%,0-35,Y
BBB_2013J_499373,1.0,0.99996984,1,F,South West Region,40-50%,0-35,N
BBB_2014J_681798,0.0,0.17795862,0,F,Scotland,20-30%,35-55,N
BBB_2014J_687326,1.0,0.5324895,1,F,London Region,40-50%,0-35,N
CCC_2014B_588694,1.0,0.99855465,1,M,North Region,70-80%,0-35,N
DDD_2014J_525870,0.0,0.0633944,0,M,South Region,50-60%,0-35,N
EEE_2014J_649667,0.0,0.048648216,0,M,North Western Region,70-80%,0-35,N
FFF_2014B_584184,0.0,0.21677926,0,F,London Region,20-30%,0-35,N
FFF_2014B_53136,0.0,0.31924617,0,F,London Region,30-40%,0-35,N
EEE_2013J_297853,0.0,0.018498393,0,M,South West Region,90-100%,0-35,N
FFF_2013B_553104,0.0,0.2989932,0,M,Wales,60-70%,0-35,N
GGG_2014B_628245,1.0,0.9902906,1,M,London Region,80-90%,35-55,N
DDD_2013J_555636,1.0,0.99995816,1,M,North Western Region,50-60%,0-35,N
FFF_2013B_2031252,0.0,0.23678283,0,F,East Anglian Region,80-90%,35-55,N
DDD_2014J_687781,0.0,0.14107412,0,F,South West Region,30-40%,0-35,N
BBB_2013B_522249,0.0,0.44182956,0,F,South West Region,40-50%,35-55,N
FFF_2014B_628174,0.0,0.4028579,0,M,West Midlands Region,70-80%,0-35,N
BBB_2013J_600006,1.0,0.9968675,1,F,East Anglian Region,40-50%,0-35,N
FFF_2013B_557345,0.0,0.02581636,0,M,East Anglian Region,80-90%,0-35,N
BBB_2013J_566369,0.0,0.24867584,0,F,West Midlands Region,10-20,35-55,N
EEE_2013J_245316,1.0,0.07004402,0,M,North Western Region,20-30%,0-35,N
GGG_2013J_597058,0.0,0.19324738,0,F,South Region,90-100%,35-55,N
DDD_2013B_468729,1.0,0.5596142,1,M,Scotland,60-70%,0-35,N
GGG_2013J_601319,0.0,0.25161725,0,F,South East Region,90-100%,0-35,N
FFF_2013B_531182,0.0,0.16072045,0,M,London Region,80-90%,0-35,N
FFF_2014B_574663,1.0,0.9973117,1,M,Yorkshire Region,30-40%,0-35,N
EEE_2014J_643434,0.0,0.48413202,0,M,London Region,0-10%,35-55,Y
AAA_2013J_2318055,1.0,0.9977983,1,M,Wales,90-100%,35-55,N
EEE_2014J_650856,0.0,0.10796024,0,M,London Region,30-40%,0-35,N
CCC_2014B_628086,0.0,0.22588049,0,M,East Midlands Region,10-20,35-55,N
DDD_2014B_627416,1.0,0.2948887,0,F,South West Region,50-60%,0-35,N
BBB_2014J_679971,1.0,0.5399448,1,F,North Western Region,0-10%,0-35,N
FFF_2014J_696456,1.0,0.85485226,1,M,Scotland,10-20,0-35,N
FFF_2013B_274237,1.0,0.9999199,1,M,North Western Region,0-10%,0-35,N
FFF_2014B_604678,1.0,0.99968195,1,M,North Western Region,0-10%,35-55,Y
EEE_2014B_634309,0.0,0.14295188,0,M,London Region,0-10%,0-35,N
BBB_2013J_1797168,0.0,0.4653859,0,F,South West Region,40-50%,35-55,N
FFF_2014J_125063,1.0,0.33936125,0,M,London Region,60-70%,35-55,N
CCC_2014B_635515,1.0,0.07983705,0,M,Scotland,90-100%,0-35,N
BBB_2014J_693752,0.0,0.30861822,0,F,Ireland,60-70%,0-35,N
GGG_2014B_634551,0.0,0.6504191,1,F,South Region,80-90%,0-35,N
DDD_2013B_131145,0.0,0.103591375,0,M,South West Region,40-50%,0-35,N
DDD_2014J_677316,1.0,0.50806195,1,M,North Western Region,90-100%,0-35,N
GGG_2014B_613646,0.0,0.34300476,0,F,North Western Region,0-10%,35-55,N
FFF_2014J_416199,0.0,0.23657492,0,M,West Midlands Region,10-20,0-35,N
CCC_2014J_689050,0.0,0.026049469,0,M,South Region,80-90%,0-35,N
FFF_2014J_656353,0.0,0.08046882,0,M,London Region,30-40%,35-55,N
GGG_2014J_645232,0.0,0.30408543,0,M,East Anglian Region,60-70%,0-35,Y
DDD_2013J_582288,1.0,0.99381787,1,F,West Midlands Region,60-70%,35-55,N
GGG_2014B_634899,1.0,0.8006004,1,F,East Anglian Region,20-30%,35-55,Y
DDD_2013J_406498,0.0,0.86737,1,F,West Midlands Region,0-10%,0-35,N
BBB_2014J_674322,0.0,0.26479086,0,M,Scotland,40-50%,0-35,N
FFF_2014B_590508,0.0,0.105919495,0,F,South West Region,10-20,0-35,N
CCC_2014B_596947,1.0,0.6479873,1,M,East Anglian Region,80-90%,0-35,N
BBB_2013J_580883,0.0,0.045886792,0,F,Ireland,60-70%,0-35,N
FFF_2013J_567676,1.0,0.9972984,1,M,Wales,10-20,0-35,N
BBB_2013B_513881,1.0,0.4271689,0,F,Yorkshire Region,40-50%,0-35,N
BBB_2014J_694342,0.0,0.05955466,0,F,South Region,60-70%,35-55,N
FFF_2013B_528424,1.0,0.4466981,0,M,Yorkshire Region,0-10%,35-55,N
EEE_2013J_600938,0.0,0.09307145,0,M,Scotland,60-70%,0-35,N
GGG_2014J_636718,1.0,0.97098947,1,F,East Midlands Region,40-50%,0-35,N
EEE_2013J_591388,0.0,0.021757761,0,M,West Midlands Region,60-70%,0-35,N
BBB_2014J_649886,1.0,0.9958061,1,F,Yorkshire Region,60-70%,0-35,N
DDD_2013J_594869,1.0,0.088325,0,F,North Western Region,50-60%,0-35,N
BBB_2014B_632618,1.0,0.07783777,0,F,East Midlands Region,20-30%,0-35,N
GGG_2014B_577275,0.0,0.883468,1,F,North Western Region,20-30%,35-55,Y
FFF_2013J_587976,1.0,0.3773477,0,M,London Region,20-30%,0-35,N
CCC_2014B_631300,1.0,0.9995036,1,M,East Anglian Region,10-20,0-35,N
BBB_2014B_2315082,1.0,0.20423995,0,F,Ireland,60-70%,0-35,N
BBB_2014B_614357,0.0,0.4167289,0,F,East Anglian Region,10-20,0-35,N
FFF_2014J_627365,0.0,0.091040835,0,F,South East Region,70-80%,35-55,N
DDD_2013J_557320,1.0,0.9813369,1,F,West Midlands Region,50-60%,0-35,Y
FFF_2013B_490284,1.0,0.11296905,0,M,East Anglian Region,30-40%,0-35,N
FFF_2013J_591008,1.0,0.7791134,1,M,East Midlands Region,50-60%,0-35,N
CCC_2014J_319492,1.0,0.89346814,1,M,East Anglian Region,60-70%,0-35,N
FFF_2013J_559754,0.0,0.33473003,0,M,London Region,30-40%,0-35,N
FFF_2013B_553834,1.0,0.32903484,0,F,East Midlands Region,20-30%,0-35,Y
BBB_2013J_582975,0.0,0.014093994,0,F,East Anglian Region,80-90%,0-35,N
GGG_2014J_687821,0.0,0.47618413,0,M,London Region,10-20,55<=,N
FFF_2014J_295893,1.0,0.961345,1,M,East Midlands Region,10-20,0-35,Y
BBB_2013J_612252,0.0,0.19184919,0,M,South East Region,10-20,35-55,N
DDD_2014B_551427,1.0,0.64638346,1,F,East Anglian Region,40-50%,0-35,N
GGG_2014J_636283,0.0,0.2921706,0,F,London Region,40-50%,0-35,N
BBB_2014J_586376,0.0,0.037412416,0,F,South West Region,40-50%,0-35,N
DDD_2013B_394979,0.0,0.05615246,0,M,North Western Region,70-80%,0-35,N
FFF_2014B_633756,0.0,0.3444729,0,M,South West Region,50-60%,0-35,N
BBB_2013B_2399361,1.0,0.9995554,1,F,Scotland,20-30%,0-35,N
BBB_2013J_569930,0.0,0.029766854,0,F,Yorkshire Region,10-20,0-35,N
GGG_2014B_627827,1.0,0.22488692,0,F,London Region,30-40%,35-55,N
DDD_2014J_645219,0.0,0.29502466,0,M,South Region,90-100%,0-35,N
FFF_2014J_689280,0.0,0.026215011,0,M,North Western Region,70-80%,35-55,N
CCC_2014B_544839,0.0,0.09788609,0,M,Wales,40-50%,35-55,N
FFF_2013B_532476,1.0,0.99884135,1,M,North Region,40-50%,0-35,N
GGG_2013J_594727,1.0,0.97963095,1,F,Yorkshire Region,0-10%,0-35,N
BBB_2013J_563733,0.0,0.33057314,0,F,East Anglian Region,30-40%,35-55,N
BBB_2013J_545298,0.0,0.33318922,0,F,North Western Region,0-10%,0-35,N
EEE_2014B_522525,0.0,0.23446436,0,M,East Midlands Region,0-10%,0-35,N
GGG_2014J_678255,0.0,0.18635778,0,F,Scotland,30-40%,0-35,Y
AAA_2013J_2479954,0.0,0.23330967,0,M,North Western Region,40-50%,0-35,N
CCC_2014J_556521,1.0,0.98651403,1,M,East Anglian Region,50-60%,0-35,Y
CCC_2014J_1958121,0.0,0.38383102,0,F,Scotland,40-50%,0-35,Y
BBB_2014J_650964,1.0,0.997338,1,F,South East Region,60-70%,0-35,N
EEE_2014J_686051,0.0,0.18619211,0,M,North Region,70-80%,35-55,N
GGG_2014J_692972,0.0,0.4350667,0,F,South Region,60-70%,35-55,N
CCC_2014J_683203,1.0,0.9767194,1,F,Yorkshire Region,10-20,0-35,N
GGG_2013J_571359,1.0,0.9702644,1,F,North Western Region,60-70%,35-55,N
BBB_2014J_674922,0.0,0.22622223,0,F,North Region,30-40%,35-55,N
EEE_2013J_589902,0.0,0.02498475,0,M,South East Region,60-70%,0-35,N
BBB_2013B_563157,1.0,0.70253044,1,F,London Region,30-40%,35-55,N
BBB_2014J_411150,1.0,0.24310456,0,F,Yorkshire Region,50-60%,0-35,N
GGG_2014B_633429,0.0,0.9167433,1,M,East Midlands Region,70-80%,35-55,N
FFF_2014J_682990,0.0,0.08987667,0,M,South East Region,40-50%,0-35,N
CCC_2014B_410407,0.0,0.2188287,0,M,South Region,90-100%,35-55,N
FFF_2013B_520711,1.0,0.3943226,0,F,London Region,10-20,0-35,N
BBB_2013J_596107,0.0,0.47928134,0,F,Wales,20-30%,0-35,N
FFF_2014J_682070,0.0,0.045292128,0,M,Ireland,30-40%,35-55,N
EEE_2013J_594111,0.0,0.38507628,0,M,Wales,10-20,35-55,N
FFF_2014J_1501577,0.0,0.043623313,0,M,South West Region,70-80%,35-55,N
CCC_2014B_349069,1.0,0.99738175,1,M,South West Region,0-10%,0-35,N
CCC_2014B_330994,1.0,0.9335385,1,M,East Midlands Region,50-60%,0-35,N
CCC_2014B_600436,1.0,0.9998615,1,F,West Midlands Region,20-30%,0-35,Y
FFF_2013J_2555225,0.0,0.07947236,0,M,Yorkshire Region,70-80%,0-35,N
BBB_2013B_532584,1.0,0.48523036,0,F,West Midlands Region,0-10%,0-35,N
FFF_2014B_613281,1.0,0.9601849,1,M,East Anglian Region,60-70%,35-55,Y
FFF_2014B_395814,1.0,0.88265485,1,M,North Western Region,40-50%,0-35,N
DDD_2013J_494389,1.0,0.9988682,1,F,London Region,30-40%,0-35,Y
DDD_2014J_634037,0.0,0.44050866,0,M,Wales,90-100%,0-35,N
DDD_2013B_2502707,1.0,0.35784778,0,M,Yorkshire Region,40-50%,0-35,N
DDD_2013J_610595,0.0,0.18286403,0,F,North Region,10-20,0-35,N
EEE_2013J_589023,1.0,0.51327527,1,M,North Region,10-20,0-35,N
GGG_2014B_583101,1.0,0.96610385,1,F,North Western Region,10-20,35-55,N
BBB_2013J_132626,1.0,0.35724187,0,F,South Region,20-30%,0-35,N
EEE_2013J_365762,1.0,0.19291408,0,M,Scotland,70-80%,35-55,N
FFF_2014J_419081,1.0,0.43549043,0,F,North Western Region,0-10%,0-35,N
GGG_2013J_606409,0.0,0.3893877,0,F,South West Region,50-60%,0-35,N
DDD_2014J_689038,1.0,0.3858457,0,F,South West Region,20-30%,0-35,N
FFF_2014B_2074627,0.0,0.45016995,0,M,Scotland,40-50%,0-35,N
DDD_2013J_579105,0.0,0.030685117,0,F,South East Region,70-80%,0-35,N
DDD_2014B_633763,0.0,0.25914967,0,M,South West Region,60-70%,35-55,N
DDD_2013J_587552,1.0,0.99625164,1,F,North Western Region,0-10%,0-35,N
FFF_2013B_551212,0.0,0.093444504,0,M,South West Region,90-100%,0-35,N
CCC_2014B_632133,1.0,0.31287962,0,F,West Midlands Region,60-70%,35-55,N
CCC_2014J_612860,0.0,0.23778692,0,M,South Region,50-60%,0-35,N
BBB_2013J_105527,0.0,0.11825485,0,F,Scotland,40-50%,35-55,N
DDD_2014J_611013,0.0,0.6047555,1,M,South Region,30-40%,0-35,N
BBB_2014J_520076,0.0,0.37055573,0,F,West Midlands Region,0-10%,0-35,N
DDD_2014J_381439,1.0,0.72069544,1,M,Scotland,90-100%,35-55,N
BBB_2014J_609194,0.0,0.5899947,1,F,Yorkshire Region,0-10%,0-35,N
FFF_2014J_578847,0.0,0.19864808,0,M,Ireland,90-100%,0-35,Y
EEE_2014B_613122,0.0,0.18048854,0,M,North Western Region,30-40%,35-55,N
GGG_2013J_589147,0.0,0.5189673,1,M,South East Region,60-70%,35-55,N
FFF_2014J_681393,1.0,0.9982187,1,M,South Region,70-80%,0-35,N
FFF_2013B_502973,1.0,0.99994075,1,M,South East Region,50-60%,0-35,N
FFF_2013J_524232,1.0,0.9991697,1,M,London Region,0-10%,35-55,N
FFF_2014J_631740,0.0,0.2315407,0,F,Wales,0-10%,0-35,Y
CCC_2014J_551332,1.0,0.28278035,0,F,North Western Region,40-50%,0-35,N
BBB_2014J_650357,1.0,0.9996637,1,F,South Region,20-30%,35-55,N
FFF_2014J_642536,1.0,0.6490503,1,F,North Region,10-20,35-55,N
BBB_2013J_2573353,1.0,0.25753492,0,F,Yorkshire Region,10-20,35-55,N
CCC_2014J_650133,1.0,0.98724407,1,F,East Anglian Region,70-80%,0-35,N
CCC_2014J_687772,0.0,0.0606906,0,M,North Region,70-80%,0-35,N
CCC_2014B_516685,1.0,0.99080056,1,M,West Midlands Region,10-20,0-35,N
BBB_2013B_532000,1.0,0.9999008,1,F,East Anglian Region,80-90%,0-35,N
FFF_2014B_2589352,0.0,0.21084805,0,M,Wales,30-40%,35-55,N
FFF_2013B_2054019,0.0,0.28706273,0,M,Scotland,80-90%,35-55,N
BBB_2013B_530483,1.0,0.99705267,1,F,East Midlands Region,30-40%,0-35,N
DDD_2013J_559908,0.0,0.5464613,1,M,Yorkshire Region,30-40%,35-55,N
AAA_2013J_1860318,0.0,0.37872928,0,M,South West Region,40-50%,35-55,Y
DDD_2014B_1671811,0.0,0.16288139,0,M,West Midlands Region,70-80%,35-55,N
CCC_2014J_632575,0.0,0.86974293,1,M,East Midlands Region,30-40%,0-35,Y
BBB_2013B_288380,1.0,0.86248165,1,F,South West Region,50-60%,0-35,Y
FFF_2014J_681277,1.0,0.93093854,1,M,London Region,20-30%,0-35,N
BBB_2014B_624572,1.0,0.99997103,1,F,West Midlands Region,0-10%,0-35,N
BBB_2013J_600254,1.0,0.999453,1,F,West Midlands Region,50-60%,0-35,N
GGG_2014J_684427,1.0,0.40960953,0,F,East Midlands Region,60-70%,35-55,Y
BBB_2014J_1563696,0.0,0.3112528,0,F,East Midlands Region,40-50%,35-55,N
FFF_2013J_577721,1.0,0.9999858,1,M,Ireland,50-60%,0-35,N
DDD_2013B_879295,1.0,0.9994566,1,M,London Region,20-30%,35-55,N
EEE_2014J_135763,0.0,0.46822768,0,M,East Midlands Region,90-100%,35-55,N
BBB_2013J_2657960,1.0,0.9966973,1,F,North Western Region,30-40%,0-35,N
BBB_2014B_2438291,1.0,0.9996408,1,F,London Region,10-20,35-55,N
GGG_2014B_624321,1.0,0.293506,0,F,Yorkshire Region,20-30%,35-55,N
BBB_2014J_684607,1.0,0.9998541,1,F,South West Region,80-90%,0-35,N
FFF_2014J_678819,0.0,0.028378047,0,M,Wales,40-50%,35-55,N
GGG_2013J_598420,0.0,0.17742139,0,M,East Anglian Region,90-100%,0-35,N
DDD_2014B_2523146,1.0,0.7050951,1,M,East Midlands Region,80-90%,35-55,N
FFF_2014B_1072259,0.0,0.16984335,0,M,North Western Region,60-70%,35-55,N
FFF_2013J_585942,1.0,0.5771865,1,M,East Anglian Region,70-80%,0-35,N
BBB_2014B_627115,0.0,0.1986949,0,F,Yorkshire Region,10-20,35-55,N
BBB_2013J_604731,1.0,0.7677313,1,F,London Region,30-40%,0-35,N
BBB_2013J_603398,0.0,0.09187023,0,F,Scotland,40-50%,35-55,N
FFF_2014J_312960,0.0,0.5606258,1,M,East Anglian Region,80-90%,0-35,N
CCC_2014J_520854,1.0,0.9997261,1,F,West Midlands Region,80-90%,0-35,N
DDD_2013B_540530,1.0,0.6354904,1,F,North Western Region,0-10%,35-55,N
BBB_2014J_692805,0.0,0.11590872,0,F,Scotland,10-20,35-55,N
DDD_2014B_997948,1.0,0.99772877,1,M,North Western Region,20-30%,55<=,N
FFF_2013B_999174,0.0,0.09411983,0,M,South East Region,70-80%,55<=,N
CCC_2014B_633310,1.0,0.7903684,1,M,East Midlands Region,40-50%,0-35,N
AAA_2014J_315076,0.0,0.64038944,1,M,Yorkshire Region,0-10%,0-35,N
DDD_2013B_596620,1.0,0.76654464,1,F,East Midlands Region,20-30%,0-35,Y
FFF_2014J_440818,0.0,0.08057327,0,M,Scotland,30-40%,35-55,N
FFF_2013J_580779,0.0,0.043225862,0,F,East Midlands Region,70-80%,0-35,N
BBB_2014J_490299,1.0,0.9638618,1,F,South Region,50-60%,0-35,N
DDD_2014B_2643028,0.0,0.13452938,0,F,South East Region,60-70%,0-35,N
GGG_2014B_622382,0.0,0.266553,0,F,South Region,10-20,35-55,N
CCC_2014B_602107,1.0,0.25466716,0,M,London Region,80-90%,0-35,N
EEE_2014J_688683,1.0,0.45098054,0,M,North Region,40-50%,0-35,N
BBB_2013J_174487,0.0,0.56833655,1,F,South Region,10-20,0-35,N
FFF_2014J_625245,0.0,0.04444071,0,M,South East Region,0-10%,35-55,N
BBB_2013J_575281,1.0,0.35811344,0,F,South Region,40-50%,0-35,N
BBB_2014J_700815,1.0,0.05409299,0,M,East Anglian Region,30-40%,0-35,N
DDD_2014J_653723,1.0,0.9995459,1,F,East Midlands Region,40-50%,0-35,Y
CCC_2014J_677721,1.0,0.9999664,1,M,Scotland,20-30%,0-35,N
FFF_2014J_301074,0.0,0.14763486,0,M,South Region,20-30%,0-35,N
FFF_2013J_382156,1.0,0.37722406,0,M,Wales,40-50%,0-35,N
FFF_2013B_327797,1.0,0.89933294,1,F,South West Region,40-50%,0-35,N
BBB_2013B_530398,1.0,0.995122,1,F,East Anglian Region,10-20,35-55,N
AAA_2013J_2698257,0.0,0.56282836,1,M,East Midlands Region,60-70%,0-35,N
BBB_2014B_233102,0.0,0.23431613,0,F,South East Region,30-40%,0-35,N
FFF_2014J_626349,1.0,0.4543514,0,M,Scotland,30-40%,0-35,N
FFF_2013B_2552831,1.0,0.28873473,0,M,Scotland,0-10%,0-35,N
FFF_2014J_648477,1.0,0.9999199,1,M,Yorkshire Region,0-10%,0-35,N
BBB_2013B_540750,0.0,0.2918324,0,F,Wales,0-10%,0-35,N
BBB_2014J_322184,1.0,0.22396284,0,F,South West Region,0-10%,0-35,N
DDD_2013J_50610,1.0,0.7341238,1,F,East Anglian Region,50-60%,0-35,Y
AAA_2014J_382095,0.0,0.17080444,0,M,South Region,50-60%,0-35,N
EEE_2013J_590017,0.0,0.15726408,0,M,East Anglian Region,80-90%,0-35,N
CCC_2014J_123598,0.0,0.214958,0,M,Scotland,50-60%,0-35,Y
FFF_2013J_990155,0.0,0.711437,1,M,South Region,80-90%,35-55,N
DDD_2014B_546040,1.0,0.52397126,1,M,East Midlands Region,80-90%,0-35,N
DDD_2013B_527403,1.0,0.99983907,1,F,East Midlands Region,50-60%,0-35,N
BBB_2014J_519995,1.0,0.99993265,1,F,South West Region,40-50%,0-35,N
FFF_2014J_564243,0.0,0.020192126,0,M,North Western Region,50-60%,0-35,N
FFF_2014B_623419,1.0,0.99906975,1,M,North Region,10-20,0-35,N
GGG_2013J_590764,0.0,0.23322459,0,F,East Anglian Region,90-100%,35-55,N
EEE_2013J_606047,0.0,0.021845475,0,F,South Region,70-80%,0-35,N
BBB_2014B_564810,1.0,0.99968946,1,F,East Anglian Region,40-50%,35-55,N
DDD_2013B_542049,0.0,0.5123399,1,M,London Region,20-30%,0-35,N
EEE_2014B_617898,1.0,0.98148465,1,M,North Region,20-30%,0-35,N
BBB_2013B_560012,1.0,0.414189,0,F,East Midlands Region,0-10%,0-35,N
GGG_2013J_596943,0.0,0.11569235,0,F,South East Region,60-70%,0-35,N
FFF_2014J_1391717,0.0,0.061045054,0,M,Ireland,0-10%,35-55,N
EEE_2013J_411381,1.0,0.99800545,1,M,East Anglian Region,80-90%,0-35,N
DDD_2014B_630613,0.0,0.08134629,0,F,East Anglian Region,60-70%,0-35,N
EEE_2014B_261042,1.0,0.9999051,1,M,London Region,60-70%,0-35,N
BBB_2013B_381640,1.0,0.9998926,1,F,South East Region,60-70%,0-35,N
DDD_2013B_543231,1.0,0.9998555,1,M,North Western Region,70-80%,35-55,N
GGG_2014B_618893,0.0,0.37242177,0,F,London Region,10-20,35-55,Y
DDD_2014B_400599,1.0,0.19886921,0,M,Wales,90-100%,35-55,N
EEE_2014B_609241,1.0,0.9991806,1,F,West Midlands Region,20-30%,35-55,N
CCC_2014J_629014,1.0,0.9989349,1,F,South East Region,30-40%,35-55,N
FFF_2013B_529565,0.0,0.13702214,0,M,South West Region,80-90%,0-35,N
BBB_2013B_535396,1.0,0.47573993,0,F,Ireland,50-60%,35-55,N
EEE_2014J_378825,0.0,0.09099468,0,M,South West Region,20-30%,0-35,N
FFF_2014J_2047575,0.0,0.03805794,0,M,Scotland,40-50%,35-55,N
EEE_2014B_632312,1.0,0.20591083,0,M,Ireland,20-30%,0-35,N
DDD_2014J_371019,0.0,0.1591823,0,M,Yorkshire Region,60-70%,0-35,N
BBB_2013J_609871,0.0,0.5208706,1,M,Scotland,10-20,0-35,N
FFF_2013B_548099,0.0,0.12951879,0,F,East Anglian Region,30-40%,35-55,N
CCC_2014B_2252437,1.0,0.99752384,1,M,North Western Region,0-10%,35-55,N
BBB_2013J_2664036,1.0,0.9987078,1,F,London Region,60-70%,0-35,N
CCC_2014J_512852,0.0,0.22651209,0,F,East Anglian Region,50-60%,0-35,N
GGG_2014J_687028,1.0,0.78397864,1,F,Scotland,80-90%,35-55,N
BBB_2013B_548504,0.0,0.22720474,0,M,North Western Region,30-40%,0-35,N
GGG_2014J_647761,0.0,0.07962604,0,F,South East Region,40-50%,35-55,N
DDD_2014J_364307,1.0,0.9999039,1,F,London Region,30-40%,0-35,N
EEE_2014B_600987,0.0,0.10757096,0,M,North Western Region,0-10%,0-35,N
BBB_2013J_576946,0.0,0.38516703,0,F,Ireland,10-20,0-35,N
FFF_2014B_536711,1.0,0.999772,1,M,North Western Region,20-30%,0-35,Y
BBB_2014J_687683,0.0,0.119436935,0,F,South Region,50-60%,0-35,N
FFF_2013J_2218693,0.0,0.121770896,0,M,South West Region,90-100%,0-35,Y
FFF_2013J_575655,1.0,0.9999244,1,M,London Region,10-20,0-35,N
BBB_2013B_1730702,1.0,0.73963666,1,F,North Western Region,70-80%,35-55,N
BBB_2013J_613191,1.0,0.99763346,1,F,Ireland,20-30%,0-35,N
DDD_2014J_652965,0.0,0.073513746,0,M,London Region,0-10%,0-35,N
FFF_2013J_580867,0.0,0.3794753,0,M,East Midlands Region,0-10%,0-35,N
BBB_2014B_582742,1.0,0.32851067,0,F,West Midlands Region,20-30%,0-35,N
FFF_2013J_587685,0.0,0.06246394,0,M,South East Region,70-80%,0-35,N
CCC_2014J_407404,0.0,0.18943772,0,M,West Midlands Region,70-80%,0-35,N
CCC_2014B_49119,0.0,0.39920476,0,M,Ireland,0-10%,0-35,N
BBB_2014J_679232,0.0,0.48478746,0,F,North Region,10-20,0-35,N
FFF_2014J_674260,1.0,0.99970454,1,M,South West Region,40-50%,0-35,N
CCC_2014J_512259,0.0,0.056523155,0,M,South Region,70-80%,35-55,N
DDD_2013J_605245,1.0,0.9954195,1,F,Scotland,90-100%,35-55,N
BBB_2013J_388549,1.0,0.8126855,1,F,Wales,0-10%,0-35,N
EEE_2014J_564734,0.0,0.05296448,0,M,East Anglian Region,80-90%,0-35,N
CCC_2014J_653278,0.0,0.050835084,0,M,North Region,0-10%,35-55,N
BBB_2014B_584566,1.0,0.99509394,1,F,London Region,10-20,0-35,N
CCC_2014B_300611,1.0,0.922577,1,M,North Western Region,0-10%,0-35,N
BBB_2013J_604196,0.0,0.119409755,0,F,Ireland,0-10%,0-35,Y
AAA_2014J_593846,1.0,0.31151637,0,M,South Region,50-60%,0-35,N
GGG_2014J_657327,1.0,0.39782506,0,M,Ireland,50-60%,35-55,N
DDD_2014J_1593730,0.0,0.050079893,0,M,Scotland,70-80%,35-55,N
DDD_2014B_626551,0.0,0.2217464,0,M,Ireland,0-10%,0-35,N
BBB_2014B_618205,0.0,0.2975968,0,F,Wales,40-50%,35-55,N
DDD_2014B_573126,0.0,0.28171757,0,F,South East Region,90-100%,0-35,N
DDD_2013J_511453,0.0,0.44991454,0,M,South West Region,30-40%,0-35,N
BBB_2013J_579256,1.0,0.9966029,1,F,London Region,10-20,0-35,N
EEE_2013J_572080,1.0,0.42164564,0,M,Yorkshire Region,10-20,0-35,N
BBB_2014J_2681505,0.0,0.0864372,0,F,South Region,80-90%,35-55,N
BBB_2013J_575089,1.0,0.45193282,0,F,South West Region,0-10%,0-35,N
DDD_2014B_2611371,0.0,0.85019845,1,M,West Midlands Region,20-30%,0-35,Y
FFF_2013J_592373,0.0,0.113737546,0,M,East Midlands Region,70-80%,0-35,Y
EEE_2014J_597166,1.0,0.9993191,1,M,North Western Region,10-20,0-35,N
BBB_2014B_629619,0.0,0.10281505,0,F,South Region,70-80%,0-35,N
BBB_2013B_152153,1.0,0.6694165,1,F,East Anglian Region,40-50%,0-35,N
FFF_2014B_430625,1.0,0.6077919,1,M,South East Region,50-60%,0-35,N
CCC_2014J_675374,0.0,0.08597475,0,M,South Region,70-80%,35-55,N
FFF_2013B_498578,1.0,0.3648991,0,F,South West Region,20-30%,0-35,N
EEE_2014B_485920,0.0,0.1603687,0,M,East Anglian Region,60-70%,0-35,N
DDD_2013J_592093,0.0,0.3826225,0,M,West Midlands Region,20-30%,0-35,N
GGG_2014B_632638,1.0,0.30619842,0,F,East Midlands Region,70-80%,0-35,N
CCC_2014J_425919,1.0,0.99555534,1,F,East Anglian Region,50-60%,35-55,N
FFF_2013J_597737,0.0,0.5165137,1,M,Scotland,0-10%,0-35,N
BBB_2014J_675178,1.0,0.9947418,1,F,Wales,80-90%,0-35,N
FFF_2013J_570455,0.0,0.23885655,0,M,Wales,30-40%,35-55,N
DDD_2014J_685639,1.0,0.9978981,1,M,West Midlands Region,0-10%,0-35,N
EEE_2013J_412911,0.0,0.16383322,0,M,East Anglian Region,40-50%,0-35,N
FFF_2013B_539953,1.0,0.951519,1,M,London Region,70-80%,0-35,N
BBB_2013B_291194,0.0,0.42726874,0,F,East Anglian Region,30-40%,0-35,N
FFF_2014J_301561,1.0,0.69637185,1,M,South West Region,30-40%,0-35,N
DDD_2013B_283783,1.0,0.99413955,1,F,East Midlands Region,70-80%,0-35,N
BBB_2013B_550707,0.0,0.092468604,0,M,Wales,50-60%,35-55,N
DDD_2013B_465764,0.0,0.53864527,1,F,East Midlands Region,30-40%,35-55,Y
BBB_2014J_2487573,0.0,0.56063896,1,F,South East Region,90-100%,35-55,N
FFF_2014J_1631797,0.0,0.13746549,0,M,East Midlands Region,70-80%,35-55,N
DDD_2013J_611162,0.0,0.1723606,0,F,Ireland,20-30%,0-35,N
FFF_2013B_2479413,0.0,0.1983994,0,M,South East Region,30-40%,35-55,N
DDD_2013J_165178,1.0,0.9997675,1,F,West Midlands Region,40-50%,0-35,N
FFF_2013J_354550,1.0,0.8037491,1,M,Wales,0-10%,0-35,N
DDD_2014J_2396471,0.0,0.0819547,0,F,East Midlands Region,40-50%,0-35,N
BBB_2013J_583240,1.0,0.31275055,0,F,South East Region,20-30%,0-35,Y
FFF_2014B_633179,0.0,0.03133702,0,M,North Western Region,40-50%,35-55,N
GGG_2014B_633585,1.0,0.18454772,0,F,Scotland,70-80%,0-35,N
BBB_2013J_2242290,1.0,0.42672676,0,F,North Western Region,50-60%,35-55,N
CCC_2014J_642627,1.0,0.9997682,1,M,London Region,60-70%,0-35,N
GGG_2013J_582420,0.0,0.12636058,0,F,East Midlands Region,20-30%,0-35,N
AAA_2014J_1484804,0.0,0.49890122,0,F,West Midlands Region,40-50%,35-55,N
BBB_2013B_533512,1.0,0.9998252,1,F,East Anglian Region,40-50%,0-35,N
FFF_2014B_633732,1.0,0.9999554,1,M,London Region,60-70%,35-55,N
CCC_2014B_577603,1.0,0.9999244,1,M,North Region,10-20,0-35,N
BBB_2013J_324614,1.0,0.66633886,1,F,North Western Region,10-20,0-35,N
FFF_2014J_654260,0.0,0.19243452,0,M,Ireland,0-10%,0-35,N
GGG_2014J_472049,1.0,0.43744582,0,F,North Western Region,10-20,35-55,N
BBB_2014J_642250,1.0,0.49772528,0,F,North Western Region,50-60%,35-55,N
BBB_2013B_497468,0.0,0.3890252,0,F,Yorkshire Region,0-10%,0-35,N
FFF_2013J_597627,0.0,0.10916547,0,M,South East Region,80-90%,0-35,N
FFF_2014B_598353,1.0,0.4999751,0,M,West Midlands Region,40-50%,35-55,N
CCC_2014B_564700,1.0,0.9999374,1,M,South Region,70-80%,0-35,N
FFF_2013B_504824,1.0,0.9999912,1,M,Yorkshire Region,90-100%,0-35,N
FFF_2013J_587934,1.0,0.9980192,1,F,North Western Region,10-20,35-55,Y
GGG_2013J_590215,0.0,0.049739834,0,F,North Western Region,50-60%,0-35,N
CCC_2014B_634128,0.0,0.1027683,0,F,South West Region,40-50%,0-35,Y
AAA_2013J_2542724,1.0,0.99940383,1,F,West Midlands Region,40-50%,0-35,N
FFF_2013B_505501,1.0,0.998982,1,F,London Region,10-20,0-35,N
FFF_2013J_988019,1.0,0.3053033,0,F,London Region,20-30%,35-55,Y
BBB_2014J_699153,0.0,0.44623142,0,F,Wales,80-90%,0-35,N
FFF_2014J_629522,1.0,0.69373554,1,M,South Region,90-100%,35-55,N
BBB_2014J_655152,1.0,0.55149513,1,F,Scotland,90-100%,0-35,N
EEE_2014J_239908,0.0,0.1321115,0,M,South Region,70-80%,0-35,N
DDD_2014B_440798,1.0,0.6978901,1,M,Wales,60-70%,0-35,N
EEE_2013J_2505299,0.0,0.04012598,0,M,Scotland,30-40%,0-35,N
EEE_2013J_397557,0.0,0.32962582,0,M,South East Region,40-50%,35-55,N
BBB_2013J_536660,0.0,0.4790154,0,F,Ireland,40-50%,0-35,N
GGG_2013J_597045,0.0,0.14588414,0,F,West Midlands Region,40-50%,35-55,N
FFF_2013J_2056486,0.0,0.05645855,0,M,East Anglian Region,50-60%,35-55,N
BBB_2013B_549204,1.0,0.9353832,1,F,Yorkshire Region,10-20,0-35,N
CCC_2014B_523271,1.0,0.8963477,1,F,Wales,0-10%,35-55,N
BBB_2014J_321450,0.0,0.5410939,1,F,Wales,40-50%,0-35,N
CCC_2014B_2198356,1.0,0.99822325,1,M,London Region,30-40%,35-55,N
DDD_2014J_231697,1.0,0.99450487,1,M,North Western Region,80-90%,0-35,N
AAA_2014J_409703,0.0,0.16742979,0,M,East Anglian Region,30-40%,0-35,N
FFF_2014J_682565,1.0,0.99999845,1,M,East Midlands Region,80-90%,0-35,N
AAA_2014J_537081,1.0,0.46301615,0,F,Scotland,10-20,0-35,N
BBB_2014J_562769,1.0,0.9998541,1,F,London Region,80-90%,0-35,N
BBB_2013B_530153,1.0,0.1895774,0,F,Scotland,40-50%,35-55,N
CCC_2014B_630635,1.0,0.21396802,0,M,London Region,0-10%,35-55,N
FFF_2013J_467504,0.0,0.10140572,0,M,Ireland,70-80%,35-55,N
GGG_2014B_626618,1.0,0.5409499,1,F,Yorkshire Region,0-10%,0-35,N
DDD_2013J_523632,1.0,0.9465514,1,M,West Midlands Region,40-50%,0-35,N
BBB_2013J_568293,1.0,0.99975866,1,F,London Region,10-20,0-35,N
EEE_2014J_654579,1.0,0.99669313,1,F,Scotland,40-50%,0-35,N
FFF_2013J_29335,0.0,0.03479605,0,M,West Midlands Region,40-50%,0-35,N
FFF_2014J_691722,0.0,0.01943904,0,M,Scotland,50-60%,0-35,N
EEE_2014J_676812,1.0,0.25189647,0,M,Scotland,60-70%,0-35,N
CCC_2014J_534733,0.0,0.09728273,0,M,South Region,90-100%,0-35,N
BBB_2013B_501008,1.0,0.9997327,1,F,Yorkshire Region,30-40%,0-35,N
FFF_2013J_1941149,1.0,0.9998957,1,M,North Western Region,70-80%,35-55,N
BBB_2014J_685201,0.0,0.32160184,0,F,Scotland,0-10%,35-55,N
FFF_2013J_589017,1.0,0.9977665,1,M,South West Region,90-100%,0-35,N
FFF_2014B_617976,0.0,0.034966506,0,M,East Midlands Region,80-90%,0-35,N
DDD_2013B_2498388,0.0,0.33908662,0,F,North Region,10-20,0-35,Y
AAA_2013J_167906,0.0,0.2333341,0,F,Yorkshire Region,40-50%,35-55,N
FFF_2014J_645787,1.0,0.99999857,1,F,London Region,50-60%,35-55,N
BBB_2014B_534830,1.0,0.9846252,1,F,West Midlands Region,10-20,35-55,N
DDD_2013J_545991,1.0,0.9682749,1,M,Wales,70-80%,0-35,N
BBB_2013J_535269,1.0,0.7789331,1,F,London Region,20-30%,0-35,N
CCC_2014B_598321,0.0,0.35617042,0,M,South Region,80-90%,35-55,N
FFF_2014J_649028,1.0,0.9999478,1,F,South West Region,70-80%,0-35,Y
FFF_2013J_540909,1.0,0.99993455,1,M,West Midlands Region,90-100%,0-35,N
BBB_2014J_635924,0.0,0.23431905,0,F,East Anglian Region,40-50%,0-35,N
FFF_2014J_654684,1.0,0.8536232,1,F,North Region,10-20,0-35,N
BBB_2013B_363660,0.0,0.061421856,0,M,South East Region,70-80%,35-55,N
CCC_2014J_569944,0.0,0.08923336,0,M,Yorkshire Region,30-40%,0-35,N
BBB_2014J_205978,1.0,0.99657404,1,F,Wales,50-60%,0-35,N
GGG_2014J_652435,0.0,0.4049598,0,M,East Midlands Region,30-40%,0-35,N
EEE_2014J_644064,1.0,0.9975177,1,F,West Midlands Region,60-70%,0-35,N
BBB_2014J_654206,0.0,0.1715182,0,F,East Anglian Region,80-90%,0-35,N
FFF_2014B_2674773,0.0,0.39249033,0,M,East Anglian Region,60-70%,35-55,N
FFF_2014J_686852,1.0,0.9999645,1,F,South East Region,0-10%,0-35,N
BBB_2014B_570186,1.0,0.43109256,0,F,West Midlands Region,0-10%,0-35,N
BBB_2014B_597744,1.0,0.9997316,1,F,North Region,0-10%,0-35,N
FFF_2013B_354992,1.0,0.46406984,0,M,South Region,20-30%,0-35,N
EEE_2014J_675537,0.0,0.16882576,0,M,Scotland,0-10%,0-35,N
FFF_2013B_234727,0.0,0.032369908,0,F,East Anglian Region,50-60%,0-35,N
BBB_2013B_508103,1.0,0.9999552,1,F,West Midlands Region,10-20,0-35,N
DDD_2014J_559882,1.0,0.99994445,1,M,South Region,60-70%,0-35,N
BBB_2014J_39208,0.0,0.04700316,0,F,Wales,90-100%,35-55,N
DDD_2013B_559612,1.0,0.6219751,1,M,North Region,10-20,0-35,N
EEE_2014J_67685,0.0,0.09222751,0,M,South Region,10-20,0-35,N
GGG_2014J_685535,0.0,0.079234846,0,F,East Anglian Region,30-40%,0-35,N
EEE_2013J_494383,1.0,0.99884135,1,M,Yorkshire Region,40-50%,0-35,N
FFF_2014J_695869,0.0,0.04143054,0,M,South Region,90-100%,35-55,N
BBB_2014J_550245,0.0,0.28597915,0,F,South Region,70-80%,0-35,N
DDD_2014B_622435,1.0,0.1198297,0,M,East Midlands Region,10-20,0-35,N
DDD_2014J_393727,0.0,0.19991171,0,M,Scotland,0-10%,0-35,Y
EEE_2014J_593038,0.0,0.14860776,0,F,East Anglian Region,40-50%,35-55,N
CCC_2014J_540885,1.0,0.9999901,1,M,West Midlands Region,0-10%,0-35,N
FFF_2013J_571702,1.0,0.997926,1,M,North Western Region,50-60%,35-55,N
EEE_2014J_683079,0.0,0.08554551,0,M,North Western Region,10-20,35-55,N
CCC_2014J_2500064,1.0,0.7545807,1,M,South East Region,40-50%,0-35,N
BBB_2014J_353617,1.0,0.9954853,1,F,Wales,0-10%,0-35,N
BBB_2013J_573485,1.0,0.9997602,1,F,London Region,10-20,0-35,N
EEE_2013J_573292,0.0,0.048504584,0,M,Ireland,40-50%,0-35,N
EEE_2014B_612673,1.0,0.786923,1,M,Wales,20-30%,0-35,N
BBB_2014B_622982,0.0,0.032557566,0,F,South East Region,80-90%,0-35,N
DDD_2014J_526699,1.0,0.99430794,1,F,South Region,30-40%,0-35,Y
CCC_2014B_357485,1.0,0.99797446,1,M,South West Region,30-40%,35-55,N
DDD_2013J_559680,0.0,0.15488791,0,M,North Region,60-70%,0-35,N
FFF_2014B_618642,1.0,0.9988312,1,F,London Region,20-30%,35-55,N
FFF_2013J_608753,0.0,0.10915042,0,M,East Midlands Region,40-50%,0-35,N
BBB_2013J_2023561,1.0,0.5976224,1,M,London Region,30-40%,35-55,N
BBB_2013J_581235,1.0,0.09334648,0,F,West Midlands Region,90-100%,0-35,N
DDD_2013J_519961,1.0,0.8070394,1,F,West Midlands Region,70-80%,0-35,N
FFF_2013B_181508,0.0,0.19632506,0,M,Ireland,90-100%,0-35,N
FFF_2014J_649619,0.0,0.036839906,0,M,East Anglian Region,90-100%,0-35,N
FFF_2013J_494975,1.0,0.39814243,0,M,East Anglian Region,90-100%,0-35,Y
BBB_2014B_556853,0.0,0.3913208,0,F,South Region,50-60%,0-35,N
CCC_2014B_2530985,1.0,0.9893817,1,M,London Region,50-60%,0-35,N
BBB_2014J_488242,1.0,0.99968886,1,F,South East Region,50-60%,35-55,N
DDD_2013J_600753,1.0,0.99997354,1,F,South Region,30-40%,0-35,N
FFF_2014J_523249,0.0,0.24650614,0,M,West Midlands Region,60-70%,0-35,N
BBB_2013B_559291,1.0,0.99542856,1,F,West Midlands Region,40-50%,35-55,N
EEE_2014B_426616,0.0,0.06609727,0,F,Scotland,90-100%,0-35,Y
FFF_2014J_680855,1.0,0.99083203,1,M,Wales,20-30%,35-55,N
DDD_2013B_2155857,1.0,0.9999808,1,M,North Region,10-20,0-35,N
BBB_2014J_627563,0.0,0.056870427,0,M,South East Region,90-100%,55<=,N
DDD_2013B_409091,0.0,0.09836073,0,F,East Midlands Region,70-80%,35-55,N
FFF_2013J_542423,1.0,0.1047986,0,M,West Midlands Region,50-60%,0-35,N
CCC_2014B_627500,1.0,0.9832592,1,M,South Region,80-90%,0-35,N
CCC_2014B_1841267,1.0,0.40292692,0,F,Scotland,60-70%,35-55,N
BBB_2014B_624011,0.0,0.24593692,0,F,South West Region,10-20,0-35,N
EEE_2013J_560734,1.0,0.11923326,0,M,East Midlands Region,90-100%,0-35,N
DDD_2013B_1906919,1.0,0.31911972,0,M,North Western Region,0-10%,35-55,N
FFF_2014J_649165,0.0,0.07511637,0,M,South Region,90-100%,0-35,N
EEE_2014B_583968,0.0,0.10269816,0,M,South East Region,10-20,0-35,N
BBB_2014J_683993,1.0,0.9998541,1,F,South East Region,80-90%,0-35,N
BBB_2013J_550941,0.0,0.29936725,0,F,Wales,70-80%,0-35,Y
BBB_2013J_445230,1.0,0.99945456,1,F,East Anglian Region,40-50%,35-55,N
DDD_2014J_649230,1.0,0.9999763,1,F,Scotland,0-10%,0-35,N
AAA_2014J_107489,0.0,0.06307618,0,F,London Region,20-30%,0-35,N
FFF_2014B_629522,1.0,0.4856757,0,M,South Region,90-100%,35-55,N
BBB_2014J_533209,0.0,0.08573066,0,F,Wales,40-50%,35-55,N
BBB_2014J_694458,1.0,0.9966029,1,F,London Region,10-20,0-35,N
BBB_2014J_1118432,0.0,0.053544447,0,F,North Western Region,30-40%,35-55,N
EEE_2013J_609583,1.0,0.77984726,1,M,Wales,40-50%,0-35,N
AAA_2014J_268733,1.0,0.999648,1,M,East Anglian Region,30-40%,0-35,N
DDD_2013J_513853,0.0,0.05127467,0,F,East Anglian Region,60-70%,0-35,N
DDD_2013J_518194,1.0,0.9917961,1,F,South West Region,40-50%,0-35,N
CCC_2014B_614265,1.0,0.999673,1,M,South Region,50-60%,35-55,Y
BBB_2013J_514302,0.0,0.11860166,0,F,East Anglian Region,70-80%,35-55,N
EEE_2014J_296222,0.0,0.04987214,0,M,South East Region,80-90%,0-35,N
EEE_2014B_589260,0.0,0.21053207,0,M,North Western Region,20-30%,35-55,N
FFF_2014B_334224,1.0,0.9805736,1,M,North Western Region,0-10%,0-35,Y
EEE_2013J_590436,1.0,0.9923685,1,M,North Western Region,0-10%,0-35,N
FFF_2014J_640848,0.0,0.2504742,0,F,West Midlands Region,30-40%,0-35,N
DDD_2014J_678065,1.0,0.2612456,0,F,North Western Region,0-10%,0-35,N
DDD_2013J_576231,1.0,0.99903035,1,M,West Midlands Region,10-20,0-35,N
DDD_2013B_558954,1.0,0.99994075,1,M,Scotland,50-60%,0-35,N
DDD_2013B_184968,1.0,0.571861,1,F,South East Region,70-80%,0-35,N
GGG_2014B_632475,0.0,0.30039495,0,F,South East Region,30-40%,0-35,N
FFF_2013J_2250842,0.0,0.40152708,0,F,East Anglian Region,0-10%,0-35,N
CCC_2014B_1307784,1.0,0.97859657,1,F,London Region,30-40%,35-55,N
DDD_2013B_475619,1.0,0.1815734,0,M,Scotland,40-50%,35-55,N
FFF_2014J_687341,1.0,0.396149,0,M,South West Region,40-50%,0-35,N
FFF_2014J_582670,1.0,0.5729957,1,M,South Region,90-100%,35-55,Y
FFF_2013B_426074,0.0,0.8240872,1,M,Yorkshire Region,0-10%,0-35,N
EEE_2014J_695638,1.0,0.24835432,0,M,Scotland,50-60%,0-35,N
EEE_2014J_694457,1.0,0.14340083,0,F,Scotland,20-30%,0-35,N
FFF_2013B_479764,0.0,0.047747668,0,M,Yorkshire Region,80-90%,0-35,N
DDD_2013B_554773,1.0,0.45115,0,M,West Midlands Region,20-30%,0-35,N
FFF_2013J_603423,1.0,0.42357954,0,M,North Region,0-10%,35-55,N
EEE_2013J_2134237,0.0,0.059828237,0,M,North Region,10-20,35-55,N
FFF_2013J_484312,1.0,0.75035506,1,M,London Region,0-10%,0-35,N
CCC_2014B_573153,1.0,0.98747444,1,M,Yorkshire Region,0-10%,0-35,N
BBB_2014B_1829654,1.0,0.36064708,0,F,London Region,10-20,35-55,Y
EEE_2014B_523061,0.0,0.38481992,0,M,North Western Region,0-10%,0-35,N
GGG_2013J_575691,1.0,0.96698314,1,F,East Midlands Region,50-60%,0-35,N
BBB_2014J_643608,1.0,0.2546522,0,F,East Midlands Region,0-10%,0-35,Y
EEE_2014B_621619,1.0,0.9946616,1,M,East Anglian Region,30-40%,0-35,Y
FFF_2013J_229417,1.0,0.7593805,1,M,North Western Region,20-30%,0-35,N
DDD_2013J_422534,1.0,0.56693876,1,M,West Midlands Region,60-70%,0-35,N
FFF_2013B_228635,1.0,0.9994624,1,M,North Region,0-10%,35-55,N
GGG_2014J_580717,1.0,0.999961,1,F,West Midlands Region,70-80%,0-35,N
FFF_2013J_596938,0.0,0.13376462,0,M,West Midlands Region,60-70%,0-35,N
FFF_2014J_698020,1.0,0.99171585,1,F,London Region,20-30%,0-35,N
GGG_2013J_586814,1.0,0.90714467,1,F,West Midlands Region,10-20,0-35,Y
FFF_2013J_563014,1.0,0.15918396,0,F,South East Region,80-90%,0-35,N
FFF_2014B_607453,0.0,0.22834328,0,M,South East Region,20-30%,0-35,N
DDD_2014J_645710,1.0,0.99989426,1,M,West Midlands Region,40-50%,0-35,N
CCC_2014B_595797,0.0,0.116186015,0,M,Yorkshire Region,60-70%,0-35,N
AAA_2013J_368194,0.0,0.763531,1,F,South West Region,50-60%,0-35,Y
BBB_2014J_2009239,0.0,0.07589054,0,F,South East Region,80-90%,35-55,N
GGG_2014J_653230,1.0,0.9637619,1,F,East Anglian Region,0-10%,0-35,Y
DDD_2014J_679582,1.0,0.3173358,0,M,South Region,70-80%,0-35,N
FFF_2013J_329655,1.0,0.82045656,1,F,Ireland,0-10%,0-35,N
CCC_2014B_597926,0.0,0.22334638,0,F,South Region,90-100%,0-35,N
FFF_2013J_2471302,1.0,0.9997403,1,F,South East Region,40-50%,35-55,N
DDD_2014B_2558536,1.0,0.9986155,1,M,North Western Region,0-10%,0-35,N
GGG_2014J_697492,0.0,0.36474863,0,F,East Midlands Region,60-70%,0-35,N
FFF_2013J_556646,0.0,0.05647758,0,M,South West Region,20-30%,0-35,N
FFF_2014J_647154,0.0,0.39295468,0,M,London Region,10-20,0-35,N
BBB_2013J_363151,1.0,0.9999505,1,M,North Western Region,10-20,35-55,Y
FFF_2013J_577959,0.0,0.115305655,0,M,South West Region,80-90%,0-35,N
EEE_2014J_243926,1.0,0.48264903,0,M,East Midlands Region,40-50%,0-35,N
FFF_2013J_2195853,1.0,0.7819723,1,F,North Region,0-10%,0-35,N
BBB_2014B_2632243,1.0,0.9998541,1,F,South Region,80-90%,0-35,N
FFF_2013J_289826,1.0,0.9999654,1,F,Scotland,10-20,0-35,N
CCC_2014B_490081,0.0,0.6359142,1,M,East Anglian Region,50-60%,0-35,N
DDD_2013J_355510,0.0,0.18244866,0,F,North Western Region,90-100%,35-55,N
DDD_2013B_474633,0.0,0.22953233,0,F,Yorkshire Region,60-70%,0-35,N
EEE_2013J_581123,0.0,0.15707622,0,M,West Midlands Region,70-80%,0-35,N
DDD_2014J_475863,0.0,0.073618285,0,M,North Region,10-20,35-55,N
GGG_2013J_599448,1.0,0.16501366,0,F,South Region,90-100%,35-55,N
EEE_2013J_567892,1.0,0.13126093,0,M,South East Region,30-40%,35-55,N
EEE_2014J_603700,1.0,0.99411327,1,M,Yorkshire Region,10-20,0-35,N
BBB_2013B_420604,1.0,0.32445514,0,F,Scotland,60-70%,35-55,N
BBB_2014B_547556,1.0,0.46205547,0,F,South Region,80-90%,0-35,N
DDD_2014B_518265,1.0,0.9934726,1,M,Scotland,60-70%,0-35,Y
AAA_2014J_133922,0.0,0.4470271,0,M,North Region,0-10%,0-35,N
DDD_2013B_2636885,1.0,0.5014118,1,F,Yorkshire Region,10-20,35-55,N
EEE_2014B_630722,0.0,0.118805,0,M,North Western Region,60-70%,0-35,N
DDD_2014J_2542116,0.0,0.042675197,0,M,Scotland,0-10%,35-55,N
BBB_2014J_685861,1.0,0.9925485,1,F,North Western Region,10-20,0-35,N
FFF_2013B_2441910,1.0,0.46761525,0,M,East Anglian Region,70-80%,0-35,N
BBB_2014J_2248243,0.0,0.14849001,0,F,South West Region,20-30%,35-55,N
BBB_2014J_687369,1.0,0.99281764,1,F,West Midlands Region,30-40%,0-35,N
FFF_2014B_615429,1.0,0.63678634,1,M,North Region,20-30%,0-35,N
DDD_2013J_583037,1.0,0.3653828,0,M,Yorkshire Region,50-60%,0-35,N
AAA_2014J_381642,1.0,0.15261225,0,F,North Western Region,20-30%,0-35,N
GGG_2014J_697328,0.0,0.28091705,0,F,Ireland,10-20,0-35,N
DDD_2014J_395980,1.0,0.98456305,1,F,East Midlands Region,10-20,0-35,N
DDD_2014J_680431,1.0,0.29251873,0,M,Wales,60-70%,0-35,N
FFF_2014J_397219,0.0,0.05274141,0,M,Scotland,20-30%,0-35,N
EEE_2014B_626768,0.0,0.23501739,0,M,London Region,40-50%,35-55,Y
FFF_2014B_630859,0.0,0.45612243,0,M,East Midlands Region,60-70%,0-35,Y
DDD_2013J_555239,0.0,0.03342477,0,F,Yorkshire Region,70-80%,0-35,N
DDD_2013B_128678,1.0,0.8179279,1,F,London Region,40-50%,35-55,N
CCC_2014J_625067,0.0,0.5340526,1,M,West Midlands Region,90-100%,0-35,N
BBB_2014J_581866,0.0,0.04546291,0,F,Scotland,80-90%,0-35,N
CCC_2014B_157310,1.0,0.99997735,1,F,Yorkshire Region,40-50%,0-35,N
FFF_2014J_615342,0.0,0.26554343,0,F,Wales,30-40%,0-35,N
BBB_2014B_594417,0.0,0.14685722,0,F,Yorkshire Region,60-70%,0-35,N
EEE_2014B_633334,1.0,0.3643655,0,M,East Anglian Region,20-30%,35-55,N
EEE_2013J_582723,0.0,0.22924161,0,M,North Region,10-20,35-55,N
DDD_2013B_2643777,1.0,0.7538144,1,M,South Region,10-20,0-35,N
DDD_2013B_505579,0.0,0.505612,1,F,West Midlands Region,30-40%,0-35,N
GGG_2014J_637722,0.0,0.06828471,0,F,West Midlands Region,70-80%,35-55,N
GGG_2014J_646857,0.0,0.09937977,0,F,South Region,50-60%,0-35,N
BBB_2014J_530941,0.0,0.14378418,0,F,East Anglian Region,20-30%,0-35,N
BBB_2013J_607889,0.0,0.0595448,0,F,Wales,60-70%,35-55,N
FFF_2014B_626878,0.0,0.26042956,0,M,South West Region,50-60%,0-35,N
FFF_2014J_674222,0.0,0.04282931,0,M,Ireland,0-10%,35-55,N
FFF_2013J_137903,0.0,0.29831085,0,M,South East Region,90-100%,35-55,N
CCC_2014J_596812,1.0,0.9984877,1,F,South East Region,80-90%,35-55,N
DDD_2014B_593657,0.0,0.09961789,0,M,East Anglian Region,20-30%,0-35,N
BBB_2013B_547855,1.0,0.9968675,1,F,London Region,40-50%,0-35,N
BBB_2013B_547663,1.0,0.9914528,1,F,South Region,90-100%,0-35,N
FFF_2013B_554236,0.0,0.121862404,0,M,Scotland,50-60%,0-35,N
BBB_2014J_587459,0.0,0.23181985,0,F,Wales,20-30%,35-55,N
FFF_2014B_618005,0.0,0.15665548,0,M,Yorkshire Region,40-50%,0-35,N
EEE_2014J_691248,1.0,0.11437557,0,M,Scotland,90-100%,0-35,N
GGG_2014J_443765,0.0,0.11333705,0,F,East Midlands Region,20-30%,35-55,N
FFF_2014B_600292,0.0,0.15979968,0,M,South East Region,20-30%,35-55,N
EEE_2014J_695094,1.0,0.088080004,0,M,South Region,90-100%,0-35,N
GGG_2013J_2540288,1.0,0.9564814,1,F,South Region,50-60%,0-35,N
BBB_2014J_602109,1.0,0.23251033,0,F,Ireland,60-70%,35-55,N
DDD_2014J_643729,0.0,0.09259964,0,M,London Region,0-10%,0-35,N
EEE_2013J_2641254,0.0,0.09382987,0,M,East Anglian Region,90-100%,0-35,N
DDD_2014J_682897,0.0,0.31607458,0,F,East Anglian Region,20-30%,0-35,N
BBB_2013J_612684,0.0,0.34293666,0,F,Yorkshire Region,50-60%,0-35,N
DDD_2013J_1592048,1.0,0.9997279,1,M,Wales,30-40%,55<=,N
EEE_2014J_685292,0.0,0.79400885,1,M,London Region,20-30%,35-55,N
FFF_2013J_584210,1.0,0.70127326,1,M,South West Region,70-80%,0-35,N
EEE_2014B_1700371,0.0,0.065883234,0,M,East Anglian Region,40-50%,35-55,N
DDD_2014J_609681,1.0,0.99987423,1,M,South East Region,10-20,0-35,N
CCC_2014B_354607,0.0,0.42553306,0,F,Wales,20-30%,35-55,N
FFF_2013B_2348120,1.0,0.5645682,1,F,South East Region,20-30%,0-35,N
CCC_2014J_685557,1.0,0.99563354,1,M,Scotland,50-60%,0-35,N
DDD_2013B_235584,1.0,0.9973571,1,F,South Region,80-90%,0-35,N
DDD_2013J_261495,1.0,0.46027133,0,F,South West Region,40-50%,0-35,Y
BBB_2014J_594083,0.0,0.20705557,0,M,Yorkshire Region,0-10%,0-35,N
EEE_2014B_634817,0.0,0.15220346,0,M,North Region,80-90%,0-35,N
FFF_2014B_617406,1.0,0.99669814,1,M,North Western Region,0-10%,0-35,N
DDD_2013J_28046,1.0,0.5134977,1,F,Yorkshire Region,10-20,35-55,N
FFF_2014B_108207,0.0,0.66984,1,M,South Region,50-60%,0-35,N
FFF_2013B_387174,0.0,0.13669403,0,M,Ireland,50-60%,0-35,N
BBB_2014B_629274,0.0,0.123903416,0,F,South East Region,80-90%,0-35,N
BBB_2013J_587961,1.0,0.87286156,1,F,Yorkshire Region,0-10%,0-35,N
CCC_2014J_626417,0.0,0.18104768,0,M,Wales,80-90%,0-35,N
DDD_2014B_1531649,1.0,0.575192,1,F,Scotland,40-50%,35-55,Y
BBB_2013B_497607,1.0,0.99759847,1,F,North Region,0-10%,0-35,N
FFF_2014J_655417,1.0,0.99838245,1,M,South West Region,50-60%,35-55,N
BBB_2013J_74169,1.0,0.9981001,1,M,East Anglian Region,70-80%,35-55,N
DDD_2013J_530519,1.0,0.99975485,1,M,South Region,40-50%,0-35,N
DDD_2013J_607800,0.0,0.3076315,0,F,London Region,10-20,0-35,N
FFF_2014J_2449490,1.0,0.93809134,1,M,Scotland,30-40%,0-35,Y
BBB_2013J_606377,0.0,0.528677,1,F,South Region,20-30%,0-35,N
